INFO:     Will watch for changes in these directories: ['/home/niko/Proyectos/C_sol/Vyntra/backend']
INFO:     Uvicorn running on http://0.0.0.0:8000 (Press CTRL+C to quit)
INFO:     Started reloader process [7084] using WatchFiles
INFO:     Started server process [7144]
INFO:     Waiting for application startup.
[2026-06-08 11:27:10,309] INFO siee.core | siee core booting (Supabase)
[2026-06-08 11:27:10,380] DEBUG httpcore.connection | connect_tcp.started host='fpombaziyombczyfdryt.supabase.co' port=443 local_address=None timeout=120 socket_options=None
[2026-06-08 11:27:10,394] DEBUG watchfiles.main | 1 change detected: {(<Change.modified: 2>, '/home/niko/Proyectos/C_sol/Vyntra/backend/nohup.out')}
[2026-06-08 11:27:10,592] DEBUG httpcore.connection | connect_tcp.complete return_value=<httpcore._backends.sync.SyncStream object at 0x7f9006016120>
[2026-06-08 11:27:10,593] DEBUG httpcore.connection | start_tls.started ssl_context=<ssl.SSLContext object at 0x7f90067e39b0> server_hostname='fpombaziyombczyfdryt.supabase.co' timeout=120
[2026-06-08 11:27:10,732] DEBUG httpcore.connection | start_tls.complete return_value=<httpcore._backends.sync.SyncStream object at 0x7f900600ac10>
[2026-06-08 11:27:10,733] DEBUG httpcore.http2 | send_connection_init.started request=<Request [b'GET']>
[2026-06-08 11:27:10,735] DEBUG httpcore.http2 | send_connection_init.complete
[2026-06-08 11:27:10,737] DEBUG httpcore.http2 | send_request_headers.started request=<Request [b'GET']> stream_id=1
[2026-06-08 11:27:10,738] DEBUG hpack.hpack | Adding (b':method', b'GET') to the header table, sensitive:False, huffman:True
[2026-06-08 11:27:10,739] DEBUG hpack.hpack | Encoding 2 with 7 bits
[2026-06-08 11:27:10,739] DEBUG hpack.hpack | Adding (b':authority', b'fpombaziyombczyfdryt.supabase.co') to the header table, sensitive:False, huffman:True
[2026-06-08 11:27:10,740] DEBUG hpack.hpack | Encoding 1 with 6 bits
[2026-06-08 11:27:10,740] DEBUG hpack.hpack | Encoding 23 with 7 bits
[2026-06-08 11:27:10,740] DEBUG hpack.hpack | Adding (b':scheme', b'https') to the header table, sensitive:False, huffman:True
[2026-06-08 11:27:10,741] DEBUG hpack.hpack | Encoding 7 with 7 bits
[2026-06-08 11:27:10,741] DEBUG hpack.hpack | Adding (b':path', b'/rest/v1/profiles?select=id&limit=1') to the header table, sensitive:False, huffman:True
[2026-06-08 11:27:10,741] DEBUG hpack.hpack | Encoding 4 with 6 bits
[2026-06-08 11:27:10,742] DEBUG hpack.hpack | Encoding 25 with 7 bits
[2026-06-08 11:27:10,742] DEBUG hpack.hpack | Adding (b'accept', b'*/*') to the header table, sensitive:False, huffman:True
[2026-06-08 11:27:10,742] DEBUG hpack.hpack | Encoding 19 with 6 bits
[2026-06-08 11:27:10,743] DEBUG hpack.hpack | Encoding 3 with 7 bits
[2026-06-08 11:27:10,743] DEBUG hpack.hpack | Adding (b'accept-encoding', b'gzip, deflate, zstd') to the header table, sensitive:False, huffman:True
[2026-06-08 11:27:10,744] DEBUG hpack.hpack | Encoding 16 with 6 bits
[2026-06-08 11:27:10,744] DEBUG hpack.hpack | Encoding 15 with 7 bits
[2026-06-08 11:27:10,745] DEBUG hpack.hpack | Adding (b'user-agent', b'python-httpx/0.28.1') to the header table, sensitive:False, huffman:True
[2026-06-08 11:27:10,745] DEBUG hpack.hpack | Encoding 58 with 6 bits
[2026-06-08 11:27:10,746] DEBUG hpack.hpack | Encoding 14 with 7 bits
[2026-06-08 11:27:10,746] DEBUG hpack.hpack | Adding (b'x-client-info', b'supabase-py/2.30.1') to the header table, sensitive:False, huffman:True
[2026-06-08 11:27:10,746] DEBUG hpack.hpack | Encoding 10 with 7 bits
[2026-06-08 11:27:10,747] DEBUG hpack.hpack | Encoding 13 with 7 bits
[2026-06-08 11:27:10,747] DEBUG hpack.hpack | Adding (b'x-supabase-client-platform', b'Linux') to the header table, sensitive:False, huffman:True
[2026-06-08 11:27:10,747] DEBUG watchfiles.main | 1 change detected: {(<Change.modified: 2>, '/home/niko/Proyectos/C_sol/Vyntra/backend/nohup.out')}
[2026-06-08 11:27:10,748] DEBUG hpack.hpack | Encoding 19 with 7 bits
[2026-06-08 11:27:10,748] DEBUG hpack.hpack | Encoding 4 with 7 bits
[2026-06-08 11:27:10,748] DEBUG hpack.hpack | Adding (b'x-supabase-client-platform-version', b'7.0.11-1-cachyos-bore') to the header table, sensitive:False, huffman:True
[2026-06-08 11:27:10,749] DEBUG hpack.hpack | Encoding 24 with 7 bits
[2026-06-08 11:27:10,749] DEBUG hpack.hpack | Encoding 15 with 7 bits
[2026-06-08 11:27:10,749] DEBUG hpack.hpack | Adding (b'x-supabase-client-runtime', b'python') to the header table, sensitive:False, huffman:True
[2026-06-08 11:27:10,750] DEBUG hpack.hpack | Encoding 18 with 7 bits
[2026-06-08 11:27:10,750] DEBUG hpack.hpack | Encoding 5 with 7 bits
[2026-06-08 11:27:10,750] DEBUG hpack.hpack | Adding (b'x-supabase-client-runtime-version', b'3.14.5') to the header table, sensitive:False, huffman:True
[2026-06-08 11:27:10,751] DEBUG hpack.hpack | Encoding 23 with 7 bits
[2026-06-08 11:27:10,751] DEBUG hpack.hpack | Encoding 5 with 7 bits
[2026-06-08 11:27:10,751] DEBUG hpack.hpack | Adding (b'apikey', b'eyJhbGciOiJIUzI1NiIsInR5cCI6IkpXVCJ9.eyJpc3MiOiJzdXBhYmFzZSIsInJlZiI6ImZwb21iYXppeW9tYmN6eWZkcnl0Iiwicm9sZSI6InNlcnZpY2Vfcm9sZSIsImlhdCI6MTc4MDA4MjM2MCwiZXhwIjoyMDk1NjU4MzYwfQ.hOA2efvOMFjcoFwfFNEoNNjIRSj-SUnsnyEGOm5wNfs') to the header table, sensitive:False, huffman:True
[2026-06-08 11:27:10,752] DEBUG hpack.hpack | Encoding 5 with 7 bits
[2026-06-08 11:27:10,752] DEBUG hpack.hpack | Encoding 176 with 7 bits
[2026-06-08 11:27:10,753] DEBUG hpack.hpack | Adding (b'authorization', b'Bearer eyJhbGciOiJIUzI1NiIsInR5cCI6IkpXVCJ9.eyJpc3MiOiJzdXBhYmFzZSIsInJlZiI6ImZwb21iYXppeW9tYmN6eWZkcnl0Iiwicm9sZSI6InNlcnZpY2Vfcm9sZSIsImlhdCI6MTc4MDA4MjM2MCwiZXhwIjoyMDk1NjU4MzYwfQ.hOA2efvOMFjcoFwfFNEoNNjIRSj-SUnsnyEGOm5wNfs') to the header table, sensitive:True, huffman:True
[2026-06-08 11:27:10,753] DEBUG hpack.hpack | Encoding 23 with 4 bits
[2026-06-08 11:27:10,754] DEBUG hpack.hpack | Encoding 181 with 7 bits
[2026-06-08 11:27:10,754] DEBUG hpack.hpack | Adding (b'accept-profile', b'public') to the header table, sensitive:False, huffman:True
[2026-06-08 11:27:10,755] DEBUG hpack.hpack | Encoding 10 with 7 bits
[2026-06-08 11:27:10,756] DEBUG hpack.hpack | Encoding 5 with 7 bits
[2026-06-08 11:27:10,756] DEBUG hpack.hpack | Adding (b'content-profile', b'public') to the header table, sensitive:False, huffman:True
[2026-06-08 11:27:10,756] DEBUG hpack.hpack | Encoding 11 with 7 bits
[2026-06-08 11:27:10,757] DEBUG hpack.hpack | Encoding 5 with 7 bits
[2026-06-08 11:27:10,757] DEBUG hpack.hpack | Encoded header block to b"\x82A\x97\x96\xb3\xd3\x18\xfd\x9b\xd1\xe9\x8c\x9e\xfdK%\x9e\x92\xba-\xacq\x8d\x05\\\x87\x87D\x99b\xc2\xa1,w\x0b\x15\xd8yMAQ\xfe \xb4\x14\x89\x80\xd2|PjL\x98\x03S\x83\xf9c\xe7P\x8f\x9b\xd9\xab\xfaRB\xcb@\xd2_\xa5=\xa12\x7fz\x8e\xaf\xd2g=KN\x94\xd7\xe5\x80.'\x97\x0f@\x8a\xf2\xb1(1jJ\xc6\xaaS\xff\x8dE\xb5\x8e1\xa0\xabW\xe9\x81.\xc8\x17\x0f@\x93\xf2\xb2-\xacq\x8d\x05X\x94\x18\xb5%j\xe8\x1ae=\x94\xff\x84\xcej\xad\xf3@\x98\xf2\xb2-\xacq\x8d\x05X\x94\x18\xb5%j\xe8\x1ae=\x94\xad\xdc\xb6 \xc7\xab\x8fup.\x10\xac\x15\x882O\xe8\xe8Z3\xd8_@\x92\xf2\xb2-\xacq\x8d\x05X\x94\x18\xb5%k-\xa9&\xa4\xbf\x85\xaf\xd2g=_@\x97\xf2\xb2-\xacq\x8d\x05X\x94\x18\xb5%k-\xa9&\xa4\xabw-\x881\xea\x85ep\xb4\xbb\x7f@\x85\x1df\xea__\xff1/\xac\xb3\xc7\x88\x86\xd4l\xb98{\xc8\x1d&\xc8\x8c\x95ml\x97\xb29\x93\xad\x7f\x9coe}r\xfa\xcbY\x19\xd0mF\xcb\xeeO\xcb\xb3\xf3\xa7\x0f\xbf\xdd\xd9\x11\x92\xac\xb4~\x9b#\x99)\xfd\xf1\x18\x82n\x7f\x95\xd6^O\xa7\x9d:\\//\xde\xa4\xaa\x80d7\x83\x12\x97\xd1\xfb\xbb#\x99*\xd3A*\xfd\xaf\x98\xb8\xcaJ_G\xee\xec\x88\xc9M\x13\xc9{#\x9a7\x91\xad\x17\xe1kGM\x02\xd1{\xc1\xbf\x7f'\xf1\x93\xa1\xfdh\xbf\xd4:zpkG\xbe~%\xd8\xbc\xfa\xa1\x11e\xef\xabF\x1e\x84>\x1f\x12\xe1\xd3\x80\xfat\xf4\xc9\xb7wE\xb7p\xa9\x15z\xc1\x8bU-\xf8\xd3*?\x1f\x08\xff6\xbaQ\xd8[\x14/\xac\xb3\xc7\x88\x86\xd4l\xb98{\xc8\x1d&\xc8\x8c\x95ml\x97\xb29\x93\xad\x7f\x9coe}r\xfa\xcbY\x19\xd0mF\xcb\xeeO\xcb\xb3\xf3\xa7\x0f\xbf\xdd\xd9\x11\x92\xac\xb4~\x9b#\x99)\xfd\xf1\x18\x82n\x7f\x95\xd6^O\xa7\x9d:\\//\xde\xa4\xaa\x80d7\x83\x12\x97\xd1\xfb\xbb#\x99*\xd3A*\xfd\xaf\x98\xb8\xcaJ_G\xee\xec\x88\xc9M\x13\xc9{#\x9a7\x91\xad\x17\xe1kGM\x02\xd1{\xc1\xbf\x7f'\xf1\x93\xa1\xfdh\xbf\xd4:zpkG\xbe~%\xd8\xbc\xfa\xa1\x11e\xef\xabF\x1e\x84>\x1f\x12\xe1\xd3\x80\xfat\xf4\xc9\xb7wE\xb7p\xa9\x15z\xc1\x8bU-\xf8\xd3*?@\x8a\x19\x08Z\xd2\xb5v\x1eSP_\x85\xae\xd8\xe81?@\x8b!\xeaIjJ\xd5\xd8yMA\x7f\x85\xae\xd8\xe81?"
[2026-06-08 11:27:10,762] DEBUG httpcore.http2 | send_request_headers.complete
[2026-06-08 11:27:10,762] DEBUG httpcore.http2 | send_request_body.started request=<Request [b'GET']> stream_id=1
[2026-06-08 11:27:10,763] DEBUG httpcore.http2 | send_request_body.complete
[2026-06-08 11:27:10,763] DEBUG httpcore.http2 | receive_response_headers.started request=<Request [b'GET']> stream_id=1
[2026-06-08 11:27:10,817] DEBUG httpcore.http2 | receive_remote_settings.started
[2026-06-08 11:27:10,819] DEBUG httpcore.http2 | receive_remote_settings.complete return_value=<RemoteSettingsChanged changed_settings:{ChangedSetting(setting=3, original_value=None, new_value=100), ChangedSetting(setting=4, original_value=65535, new_value=65536), ChangedSetting(setting=5, original_value=16384, new_value=16777215)}>
[2026-06-08 11:27:11,099] DEBUG watchfiles.main | 1 change detected: {(<Change.modified: 2>, '/home/niko/Proyectos/C_sol/Vyntra/backend/nohup.out')}
[2026-06-08 11:27:11,451] DEBUG watchfiles.main | 1 change detected: {(<Change.modified: 2>, '/home/niko/Proyectos/C_sol/Vyntra/backend/nohup.out')}
[2026-06-08 11:27:11,804] DEBUG watchfiles.main | 1 change detected: {(<Change.modified: 2>, '/home/niko/Proyectos/C_sol/Vyntra/backend/nohup.out')}
[2026-06-08 11:27:11,984] DEBUG hpack.hpack | Decoding b'?\xe1\x1f\x88a\x96\xd0z\xbe\x94\x03\xcae\xb6\xa5\x04\x018\xa0\\\xb8\'n\x04*b\xd1\xbf_\x96\x1du\xd0b\r&=LtA\xea\xfbP\x93\x8e\xc4\x150Z\x99V{\\\x0247^\x84\x02\xc0c\xe7@\x85$\xabX?_\x8f\x18\x1e}\xa6Y\x03\x8fF0\x96FV\xbb\xab\x17@\x8a$\xab\x10d\x9c\xab!#M\xa8\x86\xbf\xcfL:2^]\x94b\xbb\x0f)\xa8*?\xca\rI\x93\x00~\x10Z\nD\xc0i?v\x87%\x07\xb6Ih\x1d\x85x\xa0\xa4~V\x1c\xc5\x81\x90\xb6\xcb\x80\x00>\xd45D\xa2\xd9\x0b\xba\xd8\xef\x9e\x91\x9a\xa4}\xa9]\x85\xa0\xe3\x93@\x90\xf2\xb1\x0fRKRVO\xaa\xca\xb1\xebI\x8fR?\x85\xa8\xe8\xa8\xd2\xcb@\x8b!\xeaIjJ\xd5\xd8yMA\x7f\x85\xae\xd8\xe81?@\x8dDkL4\x97\xc0\xfd-\xdc\xb6 \xc7\xab\x011@\x8aDkWa\xfa\x14\x89Z\xc2\xcb\x8f\x96\xb3\xd3\x18\xfd\x9b\xd1\xe9\x8c\x9e\xfdK%\x9e\x93@\x8aDkX^\xd6\x95\tX\xd2\x7f\x9a\x00_(\xde\x04\xab26\x9dY\xd6\x805\x9f\x92VVe\xc1\r\xa1\xbe\'H\xf8\x7f@\x8f\xf2\xb1j\xee\x7fK\r)-5\xa5b\x1e\xda\x93\x011@\x95\xf2\xb1j\xee\x7fK[Z\x13aGJ\xc8-\x9d\xccB\xac\x93R_\x03288w\xffl\x8a"K\x14t\xc0\xf9\xb65*\xe6~\xd0zy\xa8\xa5\xdf>\x96\xce\xf7\x8e3j\x84\x90\xdb\x90\xde-\xc0\x01\'\x0e{\xb4\xae\xd2\xc1u\xe0>\xcb\x80d\x0b\xba\xf3\xad\xb2\xf8\x96\n\xe0\\+\x85b/\xbb6i\xbap\x04mm\xc3g\x8e\xfe\xf0\xe7\x0e4\xc2\x13`w\x94x<\xf8\x9fNH\x9d\x87?\x06OOL;\xfcw\xbf\xef\x0b\xf9\x13\x8b\xa3\x9b/$\x9b\x8c\x84\xeck#2d\xdfQ!_g\x9c\xcd\xb3\x8f\xb6\xeb\xb9.\xde\xe1Ym\xc9\xeb\xd5\xd8\x88Z\xa2\x96\xd7\xad\xd3\x1b\xd9Y\xd9\xefGZ\xad\xf2m%\xa7+w\xe4\xe7M\xbfjcJk\xd5U\x1e\xbe\xd4\xdc:K\xb8\xc9,\x1aOQ~\xd4\xdcR[a~\xd4\xd64\xcf\x03\x1fj_=#5P"\xda\xc7\x18\xd0U\xc8\x7f\xb50y\xac\xd6\x15\x10h=_J\x01\xe52\xdbR\x82\x00\x9cP.\\m\xdb\x81\n\x98\xb4o@\x85\x1d\tY\x1d\xc9\x90\x9d\x98?\x9b\x8d4\xcf\xf3\xf6\xa5#\x81\xe7\x1a\x00?'
[2026-06-08 11:27:11,985] DEBUG hpack.hpack | Decoded 4096, consumed 3 bytes
[2026-06-08 11:27:11,986] DEBUG hpack.table | Resizing header table to 4096 from 4096
[2026-06-08 11:27:11,987] DEBUG hpack.hpack | Decoded 8, consumed 1 bytes
[2026-06-08 11:27:11,987] DEBUG hpack.hpack | Decoded (b':status', b'200'), consumed 1
[2026-06-08 11:27:11,988] DEBUG hpack.hpack | Decoded 33, consumed 1 bytes
[2026-06-08 11:27:11,988] DEBUG hpack.hpack | Decoded 22, consumed 1 bytes
[2026-06-08 11:27:11,989] DEBUG hpack.hpack | Decoded (b'date', b'Mon, 08 Jun 2026 16:27:11 GMT'), total consumed 24 bytes, indexed True
[2026-06-08 11:27:11,990] DEBUG hpack.hpack | Decoded 31, consumed 1 bytes
[2026-06-08 11:27:11,990] DEBUG hpack.hpack | Decoded 22, consumed 1 bytes
[2026-06-08 11:27:11,991] DEBUG hpack.hpack | Decoded (b'content-type', b'application/json; charset=utf-8'), total consumed 24 bytes, indexed True
[2026-06-08 11:27:11,991] DEBUG hpack.hpack | Decoded 28, consumed 1 bytes
[2026-06-08 11:27:11,992] DEBUG hpack.hpack | Decoded 2, consumed 1 bytes
[2026-06-08 11:27:11,992] DEBUG hpack.hpack | Decoded (b'content-length', <memory at 0x7f90060684c0>), total consumed 4 bytes, indexed True
[2026-06-08 11:27:11,993] DEBUG hpack.hpack | Decoded 30, consumed 1 bytes
[2026-06-08 11:27:11,993] DEBUG hpack.hpack | Decoded 4, consumed 1 bytes
[2026-06-08 11:27:11,994] DEBUG hpack.hpack | Decoded (b'content-range', b'0-0/*'), total consumed 6 bytes, indexed True
[2026-06-08 11:27:11,994] DEBUG hpack.hpack | Decoded 5, consumed 1 bytes
[2026-06-08 11:27:11,995] DEBUG hpack.hpack | Decoded 15, consumed 1 bytes
[2026-06-08 11:27:11,995] DEBUG hpack.hpack | Decoded (b'cf-ray', b'a089433068ba1ed3-BOG'), total consumed 23 bytes, indexed True
[2026-06-08 11:27:11,996] DEBUG hpack.hpack | Decoded 10, consumed 1 bytes
[2026-06-08 11:27:11,997] DEBUG hpack.hpack | Decoded 6, consumed 1 bytes
[2026-06-08 11:27:11,997] DEBUG hpack.hpack | Decoded (b'cf-cache-status', b'DYNAMIC'), total consumed 19 bytes, indexed True
[2026-06-08 11:27:11,998] DEBUG hpack.hpack | Decoded 29, consumed 1 bytes
[2026-06-08 11:27:11,998] DEBUG hpack.hpack | Decoded 20, consumed 1 bytes
[2026-06-08 11:27:11,999] DEBUG hpack.hpack | Decoded (b'content-location', b'/profiles?limit=1&select=id'), total consumed 22 bytes, indexed True
[2026-06-08 11:27:11,999] DEBUG hpack.hpack | Decoded 54, consumed 1 bytes
[2026-06-08 11:27:12,000] DEBUG hpack.hpack | Decoded 7, consumed 1 bytes
[2026-06-08 11:27:12,000] DEBUG hpack.hpack | Decoded (b'server', b'cloudflare'), total consumed 9 bytes, indexed True
[2026-06-08 11:27:12,001] DEBUG hpack.hpack | Decoded 56, consumed 1 bytes
[2026-06-08 11:27:12,001] DEBUG hpack.hpack | Decoded 32, consumed 1 bytes
[2026-06-08 11:27:12,002] DEBUG hpack.hpack | Decoded (b'strict-transport-security', b'max-age=31536000; includeSubDomains; preload'), total consumed 34 bytes, indexed True
[2026-06-08 11:27:12,002] DEBUG hpack.hpack | Decoded 16, consumed 1 bytes
[2026-06-08 11:27:12,003] DEBUG hpack.hpack | Decoded 5, consumed 1 bytes
[2026-06-08 11:27:12,004] DEBUG hpack.hpack | Decoded (b'x-content-type-options', b'nosniff'), total consumed 24 bytes, indexed True
[2026-06-08 11:27:12,004] DEBUG hpack.hpack | Decoded 11, consumed 1 bytes
[2026-06-08 11:27:12,005] DEBUG hpack.hpack | Decoded 5, consumed 1 bytes
[2026-06-08 11:27:12,005] DEBUG hpack.hpack | Decoded (b'content-profile', b'public'), total consumed 19 bytes, indexed True
[2026-06-08 11:27:12,006] DEBUG hpack.hpack | Decoded 13, consumed 1 bytes
[2026-06-08 11:27:12,006] DEBUG hpack.hpack | Decoded 1, consumed 1 bytes
[2026-06-08 11:27:12,007] DEBUG hpack.hpack | Decoded (b'sb-gateway-version', <memory at 0x7f9006068400>), total consumed 17 bytes, indexed True
[2026-06-08 11:27:12,007] DEBUG hpack.hpack | Decoded 10, consumed 1 bytes
[2026-06-08 11:27:12,008] DEBUG hpack.hpack | Decoded 15, consumed 1 bytes
[2026-06-08 11:27:12,008] DEBUG hpack.hpack | Decoded (b'sb-project-ref', b'fpombaziyombczyfdryt'), total consumed 28 bytes, indexed True
[2026-06-08 11:27:12,009] DEBUG hpack.hpack | Decoded 10, consumed 1 bytes
[2026-06-08 11:27:12,010] DEBUG hpack.hpack | Decoded 26, consumed 1 bytes
[2026-06-08 11:27:12,010] DEBUG hpack.hpack | Decoded (b'sb-request-id', b'019ea80f-3a47-740a-9df3-362a4a927c91'), total consumed 39 bytes, indexed True
[2026-06-08 11:27:12,011] DEBUG hpack.hpack | Decoded 15, consumed 1 bytes
[2026-06-08 11:27:12,011] DEBUG hpack.hpack | Decoded 1, consumed 1 bytes
[2026-06-08 11:27:12,012] DEBUG hpack.hpack | Decoded (b'x-envoy-attempt-count', <memory at 0x7f9006068580>), total consumed 19 bytes, indexed True
[2026-06-08 11:27:12,012] DEBUG hpack.hpack | Decoded 21, consumed 1 bytes
[2026-06-08 11:27:12,013] DEBUG hpack.hpack | Decoded 3, consumed 1 bytes
[2026-06-08 11:27:12,014] DEBUG hpack.hpack | Decoded (b'x-envoy-upstream-service-time', <memory at 0x7f9006068640>), total consumed 27 bytes, indexed True
[2026-06-08 11:27:12,014] DEBUG hpack.hpack | Decoded 55, consumed 1 bytes
[2026-06-08 11:27:12,014] DEBUG hpack.hpack | Decoded 235, consumed 2 bytes
[2026-06-08 11:27:12,016] DEBUG hpack.hpack | Decoded (b'set-cookie', b'__cf_bm=9iQ4f.i9u0y84_fThN5o8wVgOAcAuIiwuE02tFLBm.4-1780936030.7875392-1.0.1.1-c.SKKgjU0b4RFrwvzFL1HtA1iE7WbExwhNI_7ALU3omjFTwvDzF9ItGj6QCtcSistQ4I3dITncA.QxK53HqSBIBCUpeuIyyB_cen_fu8uNb8J3QzMknuxiNemJ5DdYmu; HttpOnly; SameSite=None; Secure; Path=/; Domain=supabase.co; Expires=Mon, 08 Jun 2026 16:57:11 GMT'), total consumed 238 bytes, indexed True
[2026-06-08 11:27:12,017] DEBUG hpack.hpack | Decoded 5, consumed 1 bytes
[2026-06-08 11:27:12,017] DEBUG hpack.hpack | Decoded 16, consumed 1 bytes
[2026-06-08 11:27:12,018] DEBUG hpack.hpack | Decoded (b'alt-svc', b'h3=":443"; ma=86400'), total consumed 24 bytes, indexed True
[2026-06-08 11:27:12,020] DEBUG httpcore.http2 | receive_response_headers.complete return_value=(200, [(b'date', b'Mon, 08 Jun 2026 16:27:11 GMT'), (b'content-type', b'application/json; charset=utf-8'), (b'content-length', b'47'), (b'content-range', b'0-0/*'), (b'cf-ray', b'a089433068ba1ed3-BOG'), (b'cf-cache-status', b'DYNAMIC'), (b'content-location', b'/profiles?limit=1&select=id'), (b'server', b'cloudflare'), (b'strict-transport-security', b'max-age=31536000; includeSubDomains; preload'), (b'x-content-type-options', b'nosniff'), (b'content-profile', b'public'), (b'sb-gateway-version', b'1'), (b'sb-project-ref', b'fpombaziyombczyfdryt'), (b'sb-request-id', b'019ea80f-3a47-740a-9df3-362a4a927c91'), (b'x-envoy-attempt-count', b'1'), (b'x-envoy-upstream-service-time', b'288'), (b'set-cookie', b'__cf_bm=9iQ4f.i9u0y84_fThN5o8wVgOAcAuIiwuE02tFLBm.4-1780936030.7875392-1.0.1.1-c.SKKgjU0b4RFrwvzFL1HtA1iE7WbExwhNI_7ALU3omjFTwvDzF9ItGj6QCtcSistQ4I3dITncA.QxK53HqSBIBCUpeuIyyB_cen_fu8uNb8J3QzMknuxiNemJ5DdYmu; HttpOnly; SameSite=None; Secure; Path=/; Domain=supabase.co; Expires=Mon, 08 Jun 2026 16:57:11 GMT'), (b'alt-svc', b'h3=":443"; ma=86400')])
[2026-06-08 11:27:12,028] INFO httpx | HTTP Request: GET https://fpombaziyombczyfdryt.supabase.co/rest/v1/profiles?select=id&limit=1 "HTTP/2 200 OK"
[2026-06-08 11:27:12,029] DEBUG httpcore.http2 | receive_response_body.started request=<Request [b'GET']> stream_id=1
[2026-06-08 11:27:12,032] DEBUG httpcore.http2 | receive_response_body.complete
[2026-06-08 11:27:12,033] DEBUG httpcore.http2 | response_closed.started stream_id=1
[2026-06-08 11:27:12,034] DEBUG httpcore.http2 | response_closed.complete
[2026-06-08 11:27:12,036] INFO siee.core | supabase connection verified
INFO:     Application startup complete.
[2026-06-08 11:27:12,156] DEBUG watchfiles.main | 1 change detected: {(<Change.modified: 2>, '/home/niko/Proyectos/C_sol/Vyntra/backend/nohup.out')}
[2026-06-08 11:27:12,508] DEBUG watchfiles.main | 1 change detected: {(<Change.modified: 2>, '/home/niko/Proyectos/C_sol/Vyntra/backend/nohup.out')}
[2026-06-08 11:27:12,860] DEBUG watchfiles.main | 1 change detected: {(<Change.modified: 2>, '/home/niko/Proyectos/C_sol/Vyntra/backend/nohup.out')}
[2026-06-08 11:27:13,212] DEBUG watchfiles.main | 1 change detected: {(<Change.modified: 2>, '/home/niko/Proyectos/C_sol/Vyntra/backend/nohup.out')}
[2026-06-08 11:27:13,564] DEBUG watchfiles.main | 1 change detected: {(<Change.modified: 2>, '/home/niko/Proyectos/C_sol/Vyntra/backend/nohup.out')}
[2026-06-08 11:27:13,916] DEBUG watchfiles.main | 1 change detected: {(<Change.modified: 2>, '/home/niko/Proyectos/C_sol/Vyntra/backend/nohup.out')}
[2026-06-08 11:27:14,267] DEBUG watchfiles.main | 1 change detected: {(<Change.modified: 2>, '/home/niko/Proyectos/C_sol/Vyntra/backend/nohup.out')}
[2026-06-08 11:27:14,619] DEBUG watchfiles.main | 1 change detected: {(<Change.modified: 2>, '/home/niko/Proyectos/C_sol/Vyntra/backend/nohup.out')}
[2026-06-08 11:27:14,974] DEBUG watchfiles.main | 1 change detected: {(<Change.modified: 2>, '/home/niko/Proyectos/C_sol/Vyntra/backend/nohup.out')}
[2026-06-08 11:27:15,337] DEBUG watchfiles.main | 1 change detected: {(<Change.modified: 2>, '/home/niko/Proyectos/C_sol/Vyntra/backend/nohup.out')}
[2026-06-08 11:27:15,689] DEBUG watchfiles.main | 1 change detected: {(<Change.modified: 2>, '/home/niko/Proyectos/C_sol/Vyntra/backend/nohup.out')}
[2026-06-08 11:27:16,042] DEBUG watchfiles.main | 1 change detected: {(<Change.modified: 2>, '/home/niko/Proyectos/C_sol/Vyntra/backend/nohup.out')}
[2026-06-08 11:27:16,394] DEBUG watchfiles.main | 1 change detected: {(<Change.modified: 2>, '/home/niko/Proyectos/C_sol/Vyntra/backend/nohup.out')}
[2026-06-08 11:27:16,747] DEBUG watchfiles.main | 1 change detected: {(<Change.modified: 2>, '/home/niko/Proyectos/C_sol/Vyntra/backend/nohup.out')}
[2026-06-08 11:27:17,099] DEBUG watchfiles.main | 1 change detected: {(<Change.modified: 2>, '/home/niko/Proyectos/C_sol/Vyntra/backend/nohup.out')}
[2026-06-08 11:27:17,451] DEBUG watchfiles.main | 1 change detected: {(<Change.modified: 2>, '/home/niko/Proyectos/C_sol/Vyntra/backend/nohup.out')}
[2026-06-08 11:27:17,803] DEBUG watchfiles.main | 1 change detected: {(<Change.modified: 2>, '/home/niko/Proyectos/C_sol/Vyntra/backend/nohup.out')}
[2026-06-08 11:27:18,155] DEBUG watchfiles.main | 1 change detected: {(<Change.modified: 2>, '/home/niko/Proyectos/C_sol/Vyntra/backend/nohup.out')}
[2026-06-08 11:27:18,507] DEBUG watchfiles.main | 1 change detected: {(<Change.modified: 2>, '/home/niko/Proyectos/C_sol/Vyntra/backend/nohup.out')}
[2026-06-08 11:27:18,860] DEBUG watchfiles.main | 1 change detected: {(<Change.modified: 2>, '/home/niko/Proyectos/C_sol/Vyntra/backend/nohup.out')}
[2026-06-08 11:27:19,212] DEBUG watchfiles.main | 1 change detected: {(<Change.modified: 2>, '/home/niko/Proyectos/C_sol/Vyntra/backend/nohup.out')}
[2026-06-08 11:27:19,564] DEBUG watchfiles.main | 1 change detected: {(<Change.modified: 2>, '/home/niko/Proyectos/C_sol/Vyntra/backend/nohup.out')}
[2026-06-08 11:27:19,917] DEBUG watchfiles.main | 1 change detected: {(<Change.modified: 2>, '/home/niko/Proyectos/C_sol/Vyntra/backend/nohup.out')}
[2026-06-08 11:27:20,269] DEBUG watchfiles.main | 1 change detected: {(<Change.modified: 2>, '/home/niko/Proyectos/C_sol/Vyntra/backend/nohup.out')}
[2026-06-08 11:27:20,621] DEBUG watchfiles.main | 1 change detected: {(<Change.modified: 2>, '/home/niko/Proyectos/C_sol/Vyntra/backend/nohup.out')}
[2026-06-08 11:27:20,973] DEBUG watchfiles.main | 1 change detected: {(<Change.modified: 2>, '/home/niko/Proyectos/C_sol/Vyntra/backend/nohup.out')}
[2026-06-08 11:27:21,327] DEBUG watchfiles.main | 1 change detected: {(<Change.modified: 2>, '/home/niko/Proyectos/C_sol/Vyntra/backend/nohup.out')}
[2026-06-08 11:27:21,679] DEBUG watchfiles.main | 1 change detected: {(<Change.modified: 2>, '/home/niko/Proyectos/C_sol/Vyntra/backend/nohup.out')}
[2026-06-08 11:27:22,032] DEBUG watchfiles.main | 1 change detected: {(<Change.modified: 2>, '/home/niko/Proyectos/C_sol/Vyntra/backend/nohup.out')}
[2026-06-08 11:27:22,384] DEBUG watchfiles.main | 1 change detected: {(<Change.modified: 2>, '/home/niko/Proyectos/C_sol/Vyntra/backend/nohup.out')}
[2026-06-08 11:27:22,736] DEBUG watchfiles.main | 1 change detected: {(<Change.modified: 2>, '/home/niko/Proyectos/C_sol/Vyntra/backend/nohup.out')}
[2026-06-08 11:27:23,088] DEBUG watchfiles.main | 1 change detected: {(<Change.modified: 2>, '/home/niko/Proyectos/C_sol/Vyntra/backend/nohup.out')}
[2026-06-08 11:27:23,440] DEBUG watchfiles.main | 1 change detected: {(<Change.modified: 2>, '/home/niko/Proyectos/C_sol/Vyntra/backend/nohup.out')}
[2026-06-08 11:27:23,792] DEBUG watchfiles.main | 1 change detected: {(<Change.modified: 2>, '/home/niko/Proyectos/C_sol/Vyntra/backend/nohup.out')}
[2026-06-08 11:27:24,144] DEBUG watchfiles.main | 1 change detected: {(<Change.modified: 2>, '/home/niko/Proyectos/C_sol/Vyntra/backend/nohup.out')}
INFO:     127.0.0.1:60028 - "GET /api/health HTTP/1.1" 200 OK
[2026-06-08 11:27:24,496] DEBUG watchfiles.main | 1 change detected: {(<Change.modified: 2>, '/home/niko/Proyectos/C_sol/Vyntra/backend/nohup.out')}
[2026-06-08 11:27:24,848] DEBUG watchfiles.main | 1 change detected: {(<Change.modified: 2>, '/home/niko/Proyectos/C_sol/Vyntra/backend/nohup.out')}
[2026-06-08 11:27:25,200] DEBUG watchfiles.main | 1 change detected: {(<Change.modified: 2>, '/home/niko/Proyectos/C_sol/Vyntra/backend/nohup.out')}
[2026-06-08 11:27:25,552] DEBUG watchfiles.main | 1 change detected: {(<Change.modified: 2>, '/home/niko/Proyectos/C_sol/Vyntra/backend/nohup.out')}
[2026-06-08 11:27:25,906] DEBUG watchfiles.main | 1 change detected: {(<Change.modified: 2>, '/home/niko/Proyectos/C_sol/Vyntra/backend/nohup.out')}
[2026-06-08 11:27:26,263] DEBUG watchfiles.main | 1 change detected: {(<Change.modified: 2>, '/home/niko/Proyectos/C_sol/Vyntra/backend/nohup.out')}
[2026-06-08 11:27:26,615] DEBUG watchfiles.main | 1 change detected: {(<Change.modified: 2>, '/home/niko/Proyectos/C_sol/Vyntra/backend/nohup.out')}
[2026-06-08 11:27:26,967] DEBUG watchfiles.main | 1 change detected: {(<Change.modified: 2>, '/home/niko/Proyectos/C_sol/Vyntra/backend/nohup.out')}
[2026-06-08 11:27:27,319] DEBUG watchfiles.main | 1 change detected: {(<Change.modified: 2>, '/home/niko/Proyectos/C_sol/Vyntra/backend/nohup.out')}
[2026-06-08 11:27:27,671] DEBUG watchfiles.main | 1 change detected: {(<Change.modified: 2>, '/home/niko/Proyectos/C_sol/Vyntra/backend/nohup.out')}
[2026-06-08 11:27:28,023] DEBUG watchfiles.main | 1 change detected: {(<Change.modified: 2>, '/home/niko/Proyectos/C_sol/Vyntra/backend/nohup.out')}
[2026-06-08 11:27:28,375] DEBUG watchfiles.main | 1 change detected: {(<Change.modified: 2>, '/home/niko/Proyectos/C_sol/Vyntra/backend/nohup.out')}
[2026-06-08 11:27:28,727] DEBUG watchfiles.main | 1 change detected: {(<Change.modified: 2>, '/home/niko/Proyectos/C_sol/Vyntra/backend/nohup.out')}
[2026-06-08 11:27:29,084] DEBUG watchfiles.main | 1 change detected: {(<Change.modified: 2>, '/home/niko/Proyectos/C_sol/Vyntra/backend/nohup.out')}
[2026-06-08 11:27:29,436] DEBUG watchfiles.main | 1 change detected: {(<Change.modified: 2>, '/home/niko/Proyectos/C_sol/Vyntra/backend/nohup.out')}
[2026-06-08 11:27:29,788] DEBUG watchfiles.main | 1 change detected: {(<Change.modified: 2>, '/home/niko/Proyectos/C_sol/Vyntra/backend/nohup.out')}
[2026-06-08 11:27:30,140] DEBUG watchfiles.main | 1 change detected: {(<Change.modified: 2>, '/home/niko/Proyectos/C_sol/Vyntra/backend/nohup.out')}
[2026-06-08 11:27:30,492] DEBUG watchfiles.main | 1 change detected: {(<Change.modified: 2>, '/home/niko/Proyectos/C_sol/Vyntra/backend/nohup.out')}
[2026-06-08 11:27:30,844] DEBUG watchfiles.main | 1 change detected: {(<Change.modified: 2>, '/home/niko/Proyectos/C_sol/Vyntra/backend/nohup.out')}
[2026-06-08 11:27:31,197] DEBUG watchfiles.main | 1 change detected: {(<Change.modified: 2>, '/home/niko/Proyectos/C_sol/Vyntra/backend/nohup.out')}
[2026-06-08 11:27:31,548] DEBUG watchfiles.main | 1 change detected: {(<Change.modified: 2>, '/home/niko/Proyectos/C_sol/Vyntra/backend/nohup.out')}
[2026-06-08 11:27:31,900] DEBUG watchfiles.main | 1 change detected: {(<Change.modified: 2>, '/home/niko/Proyectos/C_sol/Vyntra/backend/nohup.out')}
[2026-06-08 11:27:32,253] DEBUG watchfiles.main | 1 change detected: {(<Change.modified: 2>, '/home/niko/Proyectos/C_sol/Vyntra/backend/nohup.out')}
[2026-06-08 11:27:32,605] DEBUG watchfiles.main | 1 change detected: {(<Change.modified: 2>, '/home/niko/Proyectos/C_sol/Vyntra/backend/nohup.out')}
[2026-06-08 11:27:32,958] DEBUG watchfiles.main | 1 change detected: {(<Change.modified: 2>, '/home/niko/Proyectos/C_sol/Vyntra/backend/nohup.out')}
[2026-06-08 11:27:33,310] DEBUG watchfiles.main | 1 change detected: {(<Change.modified: 2>, '/home/niko/Proyectos/C_sol/Vyntra/backend/nohup.out')}
[2026-06-08 11:27:33,662] DEBUG watchfiles.main | 1 change detected: {(<Change.modified: 2>, '/home/niko/Proyectos/C_sol/Vyntra/backend/nohup.out')}
[2026-06-08 11:27:34,015] DEBUG watchfiles.main | 1 change detected: {(<Change.modified: 2>, '/home/niko/Proyectos/C_sol/Vyntra/backend/nohup.out')}
[2026-06-08 11:27:34,367] DEBUG watchfiles.main | 1 change detected: {(<Change.modified: 2>, '/home/niko/Proyectos/C_sol/Vyntra/backend/nohup.out')}
[2026-06-08 11:27:34,719] DEBUG watchfiles.main | 1 change detected: {(<Change.modified: 2>, '/home/niko/Proyectos/C_sol/Vyntra/backend/nohup.out')}
[2026-06-08 11:27:35,071] DEBUG watchfiles.main | 1 change detected: {(<Change.modified: 2>, '/home/niko/Proyectos/C_sol/Vyntra/backend/nohup.out')}
[2026-06-08 11:27:35,424] DEBUG watchfiles.main | 1 change detected: {(<Change.modified: 2>, '/home/niko/Proyectos/C_sol/Vyntra/backend/nohup.out')}
[2026-06-08 11:27:35,776] DEBUG watchfiles.main | 1 change detected: {(<Change.modified: 2>, '/home/niko/Proyectos/C_sol/Vyntra/backend/nohup.out')}
[2026-06-08 11:27:36,130] DEBUG watchfiles.main | 1 change detected: {(<Change.modified: 2>, '/home/niko/Proyectos/C_sol/Vyntra/backend/nohup.out')}
/home/niko/.local/lib/python3.14/site-packages/jwt/api_jwt.py:368: InsecureKeyLengthWarning: The HMAC key is 12 bytes long, which is below the minimum recommended length of 32 bytes for SHA256. See RFC 7518 Section 3.2.
  decoded = self.decode_complete(
[2026-06-08 11:27:36,373] DEBUG httpcore.connection | close.started
[2026-06-08 11:27:36,375] DEBUG httpcore.connection | close.complete
[2026-06-08 11:27:36,376] DEBUG httpcore.connection | connect_tcp.started host='fpombaziyombczyfdryt.supabase.co' port=443 local_address=None timeout=120 socket_options=None
[2026-06-08 11:27:36,468] DEBUG httpcore.connection | connect_tcp.complete return_value=<httpcore._backends.sync.SyncStream object at 0x7f9005da6d50>
[2026-06-08 11:27:36,469] DEBUG httpcore.connection | start_tls.started ssl_context=<ssl.SSLContext object at 0x7f90067e39b0> server_hostname='fpombaziyombczyfdryt.supabase.co' timeout=120
[2026-06-08 11:27:36,482] DEBUG watchfiles.main | 1 change detected: {(<Change.modified: 2>, '/home/niko/Proyectos/C_sol/Vyntra/backend/nohup.out')}
[2026-06-08 11:27:36,576] DEBUG httpcore.connection | start_tls.complete return_value=<httpcore._backends.sync.SyncStream object at 0x7f900620e060>
[2026-06-08 11:27:36,577] DEBUG httpcore.http2 | send_connection_init.started request=<Request [b'GET']>
[2026-06-08 11:27:36,579] DEBUG httpcore.http2 | send_connection_init.complete
[2026-06-08 11:27:36,580] DEBUG httpcore.http2 | send_request_headers.started request=<Request [b'GET']> stream_id=1
[2026-06-08 11:27:36,582] DEBUG hpack.hpack | Adding (b':method', b'GET') to the header table, sensitive:False, huffman:True
[2026-06-08 11:27:36,583] DEBUG hpack.hpack | Encoding 2 with 7 bits
[2026-06-08 11:27:36,583] DEBUG hpack.hpack | Adding (b':authority', b'fpombaziyombczyfdryt.supabase.co') to the header table, sensitive:False, huffman:True
[2026-06-08 11:27:36,584] DEBUG hpack.hpack | Encoding 1 with 6 bits
[2026-06-08 11:27:36,584] DEBUG hpack.hpack | Encoding 23 with 7 bits
[2026-06-08 11:27:36,585] DEBUG hpack.hpack | Adding (b':scheme', b'https') to the header table, sensitive:False, huffman:True
[2026-06-08 11:27:36,585] DEBUG hpack.hpack | Encoding 7 with 7 bits
[2026-06-08 11:27:36,586] DEBUG hpack.hpack | Adding (b':path', b'/rest/v1/conversations?select=id%2Cmessages%2Cupdated_at&user_id=eq.c6d7145a-2fc1-4445-b641-dc5fbe849d53&role=eq.admin&order=updated_at.desc&limit=50') to the header table, sensitive:False, huffman:True
[2026-06-08 11:27:36,586] DEBUG hpack.hpack | Encoding 4 with 6 bits
[2026-06-08 11:27:36,587] DEBUG hpack.hpack | Encoding 106 with 7 bits
[2026-06-08 11:27:36,587] DEBUG hpack.hpack | Adding (b'accept', b'*/*') to the header table, sensitive:False, huffman:True
[2026-06-08 11:27:36,587] DEBUG hpack.hpack | Encoding 19 with 6 bits
[2026-06-08 11:27:36,588] DEBUG hpack.hpack | Encoding 3 with 7 bits
[2026-06-08 11:27:36,588] DEBUG hpack.hpack | Adding (b'accept-encoding', b'gzip, deflate, zstd') to the header table, sensitive:False, huffman:True
[2026-06-08 11:27:36,589] DEBUG hpack.hpack | Encoding 16 with 6 bits
[2026-06-08 11:27:36,589] DEBUG hpack.hpack | Encoding 15 with 7 bits
[2026-06-08 11:27:36,590] DEBUG hpack.hpack | Adding (b'user-agent', b'python-httpx/0.28.1') to the header table, sensitive:False, huffman:True
[2026-06-08 11:27:36,590] DEBUG hpack.hpack | Encoding 58 with 6 bits
[2026-06-08 11:27:36,591] DEBUG hpack.hpack | Encoding 14 with 7 bits
[2026-06-08 11:27:36,591] DEBUG hpack.hpack | Adding (b'x-client-info', b'supabase-py/2.30.1') to the header table, sensitive:False, huffman:True
[2026-06-08 11:27:36,592] DEBUG hpack.hpack | Encoding 10 with 7 bits
[2026-06-08 11:27:36,592] DEBUG hpack.hpack | Encoding 13 with 7 bits
[2026-06-08 11:27:36,593] DEBUG hpack.hpack | Adding (b'x-supabase-client-platform', b'Linux') to the header table, sensitive:False, huffman:True
[2026-06-08 11:27:36,594] DEBUG hpack.hpack | Encoding 19 with 7 bits
[2026-06-08 11:27:36,594] DEBUG hpack.hpack | Encoding 4 with 7 bits
[2026-06-08 11:27:36,594] DEBUG hpack.hpack | Adding (b'x-supabase-client-platform-version', b'7.0.11-1-cachyos-bore') to the header table, sensitive:False, huffman:True
[2026-06-08 11:27:36,595] DEBUG hpack.hpack | Encoding 24 with 7 bits
[2026-06-08 11:27:36,595] DEBUG hpack.hpack | Encoding 15 with 7 bits
[2026-06-08 11:27:36,596] DEBUG hpack.hpack | Adding (b'x-supabase-client-runtime', b'python') to the header table, sensitive:False, huffman:True
[2026-06-08 11:27:36,597] DEBUG hpack.hpack | Encoding 18 with 7 bits
[2026-06-08 11:27:36,597] DEBUG hpack.hpack | Encoding 5 with 7 bits
[2026-06-08 11:27:36,598] DEBUG hpack.hpack | Adding (b'x-supabase-client-runtime-version', b'3.14.5') to the header table, sensitive:False, huffman:True
[2026-06-08 11:27:36,599] DEBUG hpack.hpack | Encoding 23 with 7 bits
[2026-06-08 11:27:36,599] DEBUG hpack.hpack | Encoding 5 with 7 bits
[2026-06-08 11:27:36,600] DEBUG hpack.hpack | Adding (b'apikey', b'eyJhbGciOiJIUzI1NiIsInR5cCI6IkpXVCJ9.eyJpc3MiOiJzdXBhYmFzZSIsInJlZiI6ImZwb21iYXppeW9tYmN6eWZkcnl0Iiwicm9sZSI6InNlcnZpY2Vfcm9sZSIsImlhdCI6MTc4MDA4MjM2MCwiZXhwIjoyMDk1NjU4MzYwfQ.hOA2efvOMFjcoFwfFNEoNNjIRSj-SUnsnyEGOm5wNfs') to the header table, sensitive:False, huffman:True
[2026-06-08 11:27:36,601] DEBUG hpack.hpack | Encoding 5 with 7 bits
[2026-06-08 11:27:36,602] DEBUG hpack.hpack | Encoding 176 with 7 bits
[2026-06-08 11:27:36,602] DEBUG hpack.hpack | Adding (b'authorization', b'Bearer eyJhbGciOiJIUzI1NiIsInR5cCI6IkpXVCJ9.eyJpc3MiOiJzdXBhYmFzZSIsInJlZiI6ImZwb21iYXppeW9tYmN6eWZkcnl0Iiwicm9sZSI6InNlcnZpY2Vfcm9sZSIsImlhdCI6MTc4MDA4MjM2MCwiZXhwIjoyMDk1NjU4MzYwfQ.hOA2efvOMFjcoFwfFNEoNNjIRSj-SUnsnyEGOm5wNfs') to the header table, sensitive:True, huffman:True
[2026-06-08 11:27:36,603] DEBUG hpack.hpack | Encoding 23 with 4 bits
[2026-06-08 11:27:36,604] DEBUG hpack.hpack | Encoding 181 with 7 bits
[2026-06-08 11:27:36,604] DEBUG hpack.hpack | Adding (b'accept-profile', b'public') to the header table, sensitive:False, huffman:True
[2026-06-08 11:27:36,604] DEBUG hpack.hpack | Encoding 10 with 7 bits
[2026-06-08 11:27:36,605] DEBUG hpack.hpack | Encoding 5 with 7 bits
[2026-06-08 11:27:36,605] DEBUG hpack.hpack | Adding (b'content-profile', b'public') to the header table, sensitive:False, huffman:True
[2026-06-08 11:27:36,605] DEBUG hpack.hpack | Encoding 11 with 7 bits
[2026-06-08 11:27:36,606] DEBUG hpack.hpack | Encoding 5 with 7 bits
[2026-06-08 11:27:36,606] DEBUG hpack.hpack | Adding (b'cookie', b'__cf_bm=9iQ4f.i9u0y84_fThN5o8wVgOAcAuIiwuE02tFLBm.4-1780936030.7875392-1.0.1.1-c.SKKgjU0b4RFrwvzFL1HtA1iE7WbExwhNI_7ALU3omjFTwvDzF9ItGj6QCtcSistQ4I3dITncA.QxK53HqSBIBCUpeuIyyB_cen_fu8uNb8J3QzMknuxiNemJ5DdYmu') to the header table, sensitive:False, huffman:True
[2026-06-08 11:27:36,606] DEBUG hpack.hpack | Encoding 32 with 6 bits
[2026-06-08 11:27:36,607] DEBUG hpack.hpack | Encoding 161 with 7 bits
[2026-06-08 11:27:36,608] DEBUG hpack.hpack | Encoded header block to b'\x82A\x97\x96\xb3\xd3\x18\xfd\x9b\xd1\xe9\x8c\x9e\xfdK%\x9e\x92\xba-\xacq\x8d\x05\\\x87\x87D\xeab\xc2\xa1,w\x0b\x04=]\xcbb\x06\x93\x1e\xa4\x7f\x88-\x05"`4\x8a\x8a\xf5%B\x071P\xa8\xaf[\\\x83Id\x88i\xf8\xb5\x05\xb2#I\x01{.G$t-65\x85)\x02\xb3M4\xda\xd1\xb8\xd0V\x90\x8d\xcb\x19^i\xf9\x1bg\xe2\xc3\xd0X\x0b\xd9q\xc9I\xaa\xf8=\x92\x16\xc8-\xaeA\xa4\xb2D4\xaf!PO\x8a\rI\x93\x03`S\x83\xf9c\xe7P\x8f\x9b\xd9\xab\xfaRB\xcb@\xd2_\xa5=\xa12\x7fz\x8e\xaf\xd2g=KN\x94\xd7\xe5\x80.\'\x97\x0f@\x8a\xf2\xb1(1jJ\xc6\xaaS\xff\x8dE\xb5\x8e1\xa0\xabW\xe9\x81.\xc8\x17\x0f@\x93\xf2\xb2-\xacq\x8d\x05X\x94\x18\xb5%j\xe8\x1ae=\x94\xff\x84\xcej\xad\xf3@\x98\xf2\xb2-\xacq\x8d\x05X\x94\x18\xb5%j\xe8\x1ae=\x94\xad\xdc\xb6 \xc7\xab\x8fup.\x10\xac\x15\x882O\xe8\xe8Z3\xd8_@\x92\xf2\xb2-\xacq\x8d\x05X\x94\x18\xb5%k-\xa9&\xa4\xbf\x85\xaf\xd2g=_@\x97\xf2\xb2-\xacq\x8d\x05X\x94\x18\xb5%k-\xa9&\xa4\xabw-\x881\xea\x85ep\xb4\xbb\x7f@\x85\x1df\xea__\xff1/\xac\xb3\xc7\x88\x86\xd4l\xb98{\xc8\x1d&\xc8\x8c\x95ml\x97\xb29\x93\xad\x7f\x9coe}r\xfa\xcbY\x19\xd0mF\xcb\xeeO\xcb\xb3\xf3\xa7\x0f\xbf\xdd\xd9\x11\x92\xac\xb4~\x9b#\x99)\xfd\xf1\x18\x82n\x7f\x95\xd6^O\xa7\x9d:\\//\xde\xa4\xaa\x80d7\x83\x12\x97\xd1\xfb\xbb#\x99*\xd3A*\xfd\xaf\x98\xb8\xcaJ_G\xee\xec\x88\xc9M\x13\xc9{#\x9a7\x91\xad\x17\xe1kGM\x02\xd1{\xc1\xbf\x7f\'\xf1\x93\xa1\xfdh\xbf\xd4:zpkG\xbe~%\xd8\xbc\xfa\xa1\x11e\xef\xabF\x1e\x84>\x1f\x12\xe1\xd3\x80\xfat\xf4\xc9\xb7wE\xb7p\xa9\x15z\xc1\x8bU-\xf8\xd3*?\x1f\x08\xff6\xbaQ\xd8[\x14/\xac\xb3\xc7\x88\x86\xd4l\xb98{\xc8\x1d&\xc8\x8c\x95ml\x97\xb29\x93\xad\x7f\x9coe}r\xfa\xcbY\x19\xd0mF\xcb\xeeO\xcb\xb3\xf3\xa7\x0f\xbf\xdd\xd9\x11\x92\xac\xb4~\x9b#\x99)\xfd\xf1\x18\x82n\x7f\x95\xd6^O\xa7\x9d:\\//\xde\xa4\xaa\x80d7\x83\x12\x97\xd1\xfb\xbb#\x99*\xd3A*\xfd\xaf\x98\xb8\xcaJ_G\xee\xec\x88\xc9M\x13\xc9{#\x9a7\x91\xad\x17\xe1kGM\x02\xd1{\xc1\xbf\x7f\'\xf1\x93\xa1\xfdh\xbf\xd4:zpkG\xbe~%\xd8\xbc\xfa\xa1\x11e\xef\xabF\x1e\x84>\x1f\x12\xe1\xd3\x80\xfat\xf4\xc9\xb7wE\xb7p\xa9\x15z\xc1\x8bU-\xf8\xd3*?@\x8a\x19\x08Z\xd2\xb5v\x1eSP_\x85\xae\xd8\xe81?@\x8b!\xeaIjJ\xd5\xd8yMA\x7f\x85\xae\xd8\xe81?`\xff"\x8a"K\x14t\xc0\xf9\xb65*\xe6~\xd0zy\xa8\xa5\xdf>\x96\xce\xf7\x8e3j\x84\x90\xdb\x90\xde-\xc0\x01\'\x0e{\xb4\xae\xd2\xc1u\xe0>\xcb\x80d\x0b\xba\xf3\xad\xb2\xf8\x96\n\xe0\\+\x85b/\xbb6i\xbap\x04mm\xc3g\x8e\xfe\xf0\xe7\x0e4\xc2\x13`w\x94x<\xf8\x9fNH\x9d\x87?\x06OOL;\xfcw\xbf\xef\x0b\xf9\x13\x8b\xa3\x9b/$\x9b\x8c\x84\xeck#2d\xdfQ!_g\x9c\xcd\xb3\x8f\xb6\xeb\xb9.\xde\xe1Ym\xc9\xeb\xd5\xd8\x88Z\xa2\x96\xd7\xad\xd3\x1b\xd9Y\xd9\xefGZ\xad\xf2m%\xa7+w\xe4\xe7M\xbf'
[2026-06-08 11:27:36,609] DEBUG httpcore.http2 | send_request_headers.complete
[2026-06-08 11:27:36,610] DEBUG httpcore.http2 | send_request_body.started request=<Request [b'GET']> stream_id=1
[2026-06-08 11:27:36,610] DEBUG httpcore.http2 | send_request_body.complete
[2026-06-08 11:27:36,611] DEBUG httpcore.http2 | receive_response_headers.started request=<Request [b'GET']> stream_id=1
[2026-06-08 11:27:36,680] DEBUG httpcore.http2 | receive_remote_settings.started
[2026-06-08 11:27:36,682] DEBUG httpcore.http2 | receive_remote_settings.complete return_value=<RemoteSettingsChanged changed_settings:{ChangedSetting(setting=3, original_value=None, new_value=100), ChangedSetting(setting=4, original_value=65535, new_value=65536), ChangedSetting(setting=5, original_value=16384, new_value=16777215)}>
[2026-06-08 11:27:36,834] DEBUG watchfiles.main | 1 change detected: {(<Change.modified: 2>, '/home/niko/Proyectos/C_sol/Vyntra/backend/nohup.out')}
[2026-06-08 11:27:36,901] DEBUG hpack.hpack | Decoding b"?\xe1\x1f\x88a\x96\xd0z\xbe\x94\x03\xcae\xb6\xa5\x04\x018\xa0\\\xb8'n2\xe2\x98\xb4o_\x96\x1du\xd0b\r&=LtA\xea\xfbP\x93\x8e\xc4\x150Z\x99V{^\x84\x02\xc0c\xe7@\x85$\xabX?_\x8f\x18\x1e}\xa6d\t^\x1b\xe5e\x97\x16\xbb\xab\x17@\x8a$\xab\x10d\x9c\xab!#M\xa8\x86\xbf\xcfL:2^Z\x83\x9b\xd9\xab]\xe5`\x87\xab\xb9l@\xd2c\xd4\x8f\xf2\x83Rd\xc0\xd8>\x0fd\x85\xb2\x0bk\x90i,\x91\r+\xc8T\x13\xe2\xc3\xd0X\x0b\xd9q\xc9I\xaa\xf8Ah)\x13\x01\xa4TW\xa9*\x109\x8a\x85Ez\xda\xe4\x1aK$CO\xc5\xa8-\x91\x1aH\x0b\xd9r9#\xa1i\xb1\xac)H\x15\x9ai\xa6\xd6\x8d\xc6\x82\xb4\x84nX\xca\xf3O\xc8\xdb?v\x87%\x07\xb6Ih\x1d\x85x\xa0\xa4~V\x1c\xc5\x81\x90\xb6\xcb\x80\x00>\xd45D\xa2\xd9\x0b\xba\xd8\xef\x9e\x91\x9a\xa4}\xa9]\x85\xa0\xe3\x93{\x8b\x84\x84-i[\x05D<\x86\xaao@\x90\xf2\xb1\x0fRKRVO\xaa\xca\xb1\xebI\x8fR?\x85\xa8\xe8\xa8\xd2\xcb@\x8b!\xeaIjJ\xd5\xd8yMA\x7f\x85\xae\xd8\xe81?@\x8dDkL4\x97\xc0\xfd-\xdc\xb6 \xc7\xab\x011@\x8aDkWa\xfa\x14\x89Z\xc2\xcb\x8f\x96\xb3\xd3\x18\xfd\x9b\xd1\xe9\x8c\x9e\xfdK%\x9e\x93@\x8aDkX^\xd6\x95\tX\xd2\x7f\x9a\x00_(\xde\x04\xab?+,\xac\xec\xac\x8dg\x9e\x08\x96y\xd6\xdd\x1bR\x14\xae:?@\x8f\xf2\xb1j\xee\x7fK\r)-5\xa5b\x1e\xda\x93\x011@\x95\xf2\xb1j\xee\x7fK[Z\x13aGJ\xc8-\x9d\xccB\xac\x93R_\x0215@\x85\x1d\tY\x1d\xc9\x90\x9d\x98?\x9b\x8d4\xcf\xf3\xf6\xa5#\x81\xe7\x1a\x00?"
[2026-06-08 11:27:36,902] DEBUG hpack.hpack | Decoded 4096, consumed 3 bytes
[2026-06-08 11:27:36,902] DEBUG hpack.table | Resizing header table to 4096 from 4096
[2026-06-08 11:27:36,903] DEBUG hpack.hpack | Decoded 8, consumed 1 bytes
[2026-06-08 11:27:36,903] DEBUG hpack.hpack | Decoded (b':status', b'200'), consumed 1
[2026-06-08 11:27:36,903] DEBUG hpack.hpack | Decoded 33, consumed 1 bytes
[2026-06-08 11:27:36,904] DEBUG hpack.hpack | Decoded 22, consumed 1 bytes
[2026-06-08 11:27:36,904] DEBUG hpack.hpack | Decoded (b'date', b'Mon, 08 Jun 2026 16:27:36 GMT'), total consumed 24 bytes, indexed True
[2026-06-08 11:27:36,905] DEBUG hpack.hpack | Decoded 31, consumed 1 bytes
[2026-06-08 11:27:36,906] DEBUG hpack.hpack | Decoded 22, consumed 1 bytes
[2026-06-08 11:27:36,906] DEBUG hpack.hpack | Decoded (b'content-type', b'application/json; charset=utf-8'), total consumed 24 bytes, indexed True
[2026-06-08 11:27:36,907] DEBUG hpack.hpack | Decoded 30, consumed 1 bytes
[2026-06-08 11:27:36,907] DEBUG hpack.hpack | Decoded 4, consumed 1 bytes
[2026-06-08 11:27:36,908] DEBUG hpack.hpack | Decoded (b'content-range', b'0-0/*'), total consumed 6 bytes, indexed True
[2026-06-08 11:27:36,908] DEBUG hpack.hpack | Decoded 5, consumed 1 bytes
[2026-06-08 11:27:36,909] DEBUG hpack.hpack | Decoded 15, consumed 1 bytes
[2026-06-08 11:27:36,909] DEBUG hpack.hpack | Decoded (b'cf-ray', b'a08943d1e8a9e336-BOG'), total consumed 23 bytes, indexed True
[2026-06-08 11:27:36,910] DEBUG hpack.hpack | Decoded 10, consumed 1 bytes
[2026-06-08 11:27:36,910] DEBUG hpack.hpack | Decoded 6, consumed 1 bytes
[2026-06-08 11:27:36,910] DEBUG hpack.hpack | Decoded (b'cf-cache-status', b'DYNAMIC'), total consumed 19 bytes, indexed True
[2026-06-08 11:27:36,911] DEBUG hpack.hpack | Decoded 26, consumed 1 bytes
[2026-06-08 11:27:36,912] DEBUG hpack.hpack | Decoded 3, consumed 1 bytes
[2026-06-08 11:27:36,913] DEBUG hpack.hpack | Decoded (b'content-encoding', b'gzip'), total consumed 5 bytes, indexed True
[2026-06-08 11:27:36,913] DEBUG hpack.hpack | Decoded 29, consumed 1 bytes
[2026-06-08 11:27:36,915] DEBUG hpack.hpack | Decoded 101, consumed 1 bytes
[2026-06-08 11:27:36,916] DEBUG hpack.hpack | Decoded (b'content-location', b'/conversations?limit=50&order=updated_at.desc&role=eq.admin&select=id%2Cmessages%2Cupdated_at&user_id=eq.c6d7145a-2fc1-4445-b641-dc5fbe849d53'), total consumed 103 bytes, indexed True
[2026-06-08 11:27:36,916] DEBUG hpack.hpack | Decoded 54, consumed 1 bytes
[2026-06-08 11:27:36,917] DEBUG hpack.hpack | Decoded 7, consumed 1 bytes
[2026-06-08 11:27:36,918] DEBUG hpack.hpack | Decoded (b'server', b'cloudflare'), total consumed 9 bytes, indexed True
[2026-06-08 11:27:36,918] DEBUG hpack.hpack | Decoded 56, consumed 1 bytes
[2026-06-08 11:27:36,919] DEBUG hpack.hpack | Decoded 32, consumed 1 bytes
[2026-06-08 11:27:36,920] DEBUG hpack.hpack | Decoded (b'strict-transport-security', b'max-age=31536000; includeSubDomains; preload'), total consumed 34 bytes, indexed True
[2026-06-08 11:27:36,921] DEBUG hpack.hpack | Decoded 59, consumed 1 bytes
[2026-06-08 11:27:36,921] DEBUG hpack.hpack | Decoded 11, consumed 1 bytes
[2026-06-08 11:27:36,921] DEBUG hpack.hpack | Decoded (b'vary', b'Accept-Encoding'), total consumed 13 bytes, indexed True
[2026-06-08 11:27:36,922] DEBUG hpack.hpack | Decoded 16, consumed 1 bytes
[2026-06-08 11:27:36,922] DEBUG hpack.hpack | Decoded 5, consumed 1 bytes
[2026-06-08 11:27:36,923] DEBUG hpack.hpack | Decoded (b'x-content-type-options', b'nosniff'), total consumed 24 bytes, indexed True
[2026-06-08 11:27:36,923] DEBUG hpack.hpack | Decoded 11, consumed 1 bytes
[2026-06-08 11:27:36,924] DEBUG hpack.hpack | Decoded 5, consumed 1 bytes
[2026-06-08 11:27:36,925] DEBUG hpack.hpack | Decoded (b'content-profile', b'public'), total consumed 19 bytes, indexed True
[2026-06-08 11:27:36,925] DEBUG hpack.hpack | Decoded 13, consumed 1 bytes
[2026-06-08 11:27:36,926] DEBUG hpack.hpack | Decoded 1, consumed 1 bytes
[2026-06-08 11:27:36,927] DEBUG hpack.hpack | Decoded (b'sb-gateway-version', <memory at 0x7f900606a440>), total consumed 17 bytes, indexed True
[2026-06-08 11:27:36,927] DEBUG hpack.hpack | Decoded 10, consumed 1 bytes
[2026-06-08 11:27:36,928] DEBUG hpack.hpack | Decoded 15, consumed 1 bytes
[2026-06-08 11:27:36,928] DEBUG hpack.hpack | Decoded (b'sb-project-ref', b'fpombaziyombczyfdryt'), total consumed 28 bytes, indexed True
[2026-06-08 11:27:36,929] DEBUG hpack.hpack | Decoded 10, consumed 1 bytes
[2026-06-08 11:27:36,929] DEBUG hpack.hpack | Decoded 26, consumed 1 bytes
[2026-06-08 11:27:36,930] DEBUG hpack.hpack | Decoded (b'sb-request-id', b'019ea80f-9f33-7f3a-8812-8757a4dee67a'), total consumed 39 bytes, indexed True
[2026-06-08 11:27:36,931] DEBUG hpack.hpack | Decoded 15, consumed 1 bytes
[2026-06-08 11:27:36,931] DEBUG hpack.hpack | Decoded 1, consumed 1 bytes
[2026-06-08 11:27:36,932] DEBUG hpack.hpack | Decoded (b'x-envoy-attempt-count', <memory at 0x7f900606a500>), total consumed 19 bytes, indexed True
[2026-06-08 11:27:36,933] DEBUG hpack.hpack | Decoded 21, consumed 1 bytes
[2026-06-08 11:27:36,934] DEBUG hpack.hpack | Decoded 2, consumed 1 bytes
[2026-06-08 11:27:36,934] DEBUG hpack.hpack | Decoded (b'x-envoy-upstream-service-time', <memory at 0x7f900606a680>), total consumed 26 bytes, indexed True
[2026-06-08 11:27:36,935] DEBUG hpack.hpack | Decoded 5, consumed 1 bytes
[2026-06-08 11:27:36,935] DEBUG hpack.hpack | Decoded 16, consumed 1 bytes
[2026-06-08 11:27:36,936] DEBUG hpack.hpack | Decoded (b'alt-svc', b'h3=":443"; ma=86400'), total consumed 24 bytes, indexed True
[2026-06-08 11:27:36,937] DEBUG httpcore.http2 | receive_response_headers.complete return_value=(200, [(b'date', b'Mon, 08 Jun 2026 16:27:36 GMT'), (b'content-type', b'application/json; charset=utf-8'), (b'content-range', b'0-0/*'), (b'cf-ray', b'a08943d1e8a9e336-BOG'), (b'cf-cache-status', b'DYNAMIC'), (b'content-encoding', b'gzip'), (b'content-location', b'/conversations?limit=50&order=updated_at.desc&role=eq.admin&select=id%2Cmessages%2Cupdated_at&user_id=eq.c6d7145a-2fc1-4445-b641-dc5fbe849d53'), (b'server', b'cloudflare'), (b'strict-transport-security', b'max-age=31536000; includeSubDomains; preload'), (b'vary', b'Accept-Encoding'), (b'x-content-type-options', b'nosniff'), (b'content-profile', b'public'), (b'sb-gateway-version', b'1'), (b'sb-project-ref', b'fpombaziyombczyfdryt'), (b'sb-request-id', b'019ea80f-9f33-7f3a-8812-8757a4dee67a'), (b'x-envoy-attempt-count', b'1'), (b'x-envoy-upstream-service-time', b'15'), (b'alt-svc', b'h3=":443"; ma=86400')])
[2026-06-08 11:27:36,942] INFO httpx | HTTP Request: GET https://fpombaziyombczyfdryt.supabase.co/rest/v1/conversations?select=id%2Cmessages%2Cupdated_at&user_id=eq.c6d7145a-2fc1-4445-b641-dc5fbe849d53&role=eq.admin&order=updated_at.desc&limit=50 "HTTP/2 200 OK"
[2026-06-08 11:27:36,943] DEBUG httpcore.http2 | receive_response_body.started request=<Request [b'GET']> stream_id=1
[2026-06-08 11:27:36,945] DEBUG httpcore.http2 | receive_response_body.complete
[2026-06-08 11:27:36,946] DEBUG httpcore.http2 | response_closed.started stream_id=1
[2026-06-08 11:27:36,947] DEBUG httpcore.http2 | response_closed.complete
INFO:     127.0.0.1:46962 - "GET /api/ai/threads?role=admin HTTP/1.1" 200 OK
[2026-06-08 11:27:37,063] DEBUG httpcore.http2 | send_request_headers.started request=<Request [b'POST']> stream_id=3
[2026-06-08 11:27:37,064] DEBUG hpack.hpack | Adding (b':method', b'POST') to the header table, sensitive:False, huffman:True
[2026-06-08 11:27:37,065] DEBUG hpack.hpack | Encoding 3 with 7 bits
[2026-06-08 11:27:37,066] DEBUG hpack.hpack | Adding (b':authority', b'fpombaziyombczyfdryt.supabase.co') to the header table, sensitive:False, huffman:True
[2026-06-08 11:27:37,066] DEBUG hpack.hpack | Encoding 75 with 7 bits
[2026-06-08 11:27:37,069] DEBUG hpack.hpack | Adding (b':scheme', b'https') to the header table, sensitive:False, huffman:True
[2026-06-08 11:27:37,069] DEBUG hpack.hpack | Encoding 7 with 7 bits
[2026-06-08 11:27:37,070] DEBUG hpack.hpack | Adding (b':path', b'/rest/v1/conversations') to the header table, sensitive:False, huffman:True
[2026-06-08 11:27:37,070] DEBUG hpack.hpack | Encoding 4 with 6 bits
[2026-06-08 11:27:37,071] DEBUG hpack.hpack | Encoding 16 with 7 bits
[2026-06-08 11:27:37,072] DEBUG hpack.hpack | Adding (b'accept', b'*/*') to the header table, sensitive:False, huffman:True
[2026-06-08 11:27:37,072] DEBUG hpack.hpack | Encoding 74 with 7 bits
[2026-06-08 11:27:37,073] DEBUG hpack.hpack | Adding (b'accept-encoding', b'gzip, deflate, zstd') to the header table, sensitive:False, huffman:True
[2026-06-08 11:27:37,073] DEBUG hpack.hpack | Encoding 73 with 7 bits
[2026-06-08 11:27:37,074] DEBUG hpack.hpack | Adding (b'user-agent', b'python-httpx/0.28.1') to the header table, sensitive:False, huffman:True
[2026-06-08 11:27:37,075] DEBUG hpack.hpack | Encoding 72 with 7 bits
[2026-06-08 11:27:37,075] DEBUG hpack.hpack | Adding (b'prefer', b'return=representation') to the header table, sensitive:False, huffman:True
[2026-06-08 11:27:37,076] DEBUG hpack.hpack | Encoding 5 with 7 bits
[2026-06-08 11:27:37,076] DEBUG hpack.hpack | Encoding 15 with 7 bits
[2026-06-08 11:27:37,077] DEBUG hpack.hpack | Adding (b'x-client-info', b'supabase-py/2.30.1') to the header table, sensitive:False, huffman:True
[2026-06-08 11:27:37,078] DEBUG hpack.hpack | Encoding 72 with 7 bits
[2026-06-08 11:27:37,078] DEBUG hpack.hpack | Adding (b'x-supabase-client-platform', b'Linux') to the header table, sensitive:False, huffman:True
[2026-06-08 11:27:37,078] DEBUG hpack.hpack | Encoding 71 with 7 bits
[2026-06-08 11:27:37,079] DEBUG hpack.hpack | Adding (b'x-supabase-client-platform-version', b'7.0.11-1-cachyos-bore') to the header table, sensitive:False, huffman:True
[2026-06-08 11:27:37,079] DEBUG hpack.hpack | Encoding 70 with 7 bits
[2026-06-08 11:27:37,079] DEBUG hpack.hpack | Adding (b'x-supabase-client-runtime', b'python') to the header table, sensitive:False, huffman:True
[2026-06-08 11:27:37,080] DEBUG hpack.hpack | Encoding 69 with 7 bits
[2026-06-08 11:27:37,080] DEBUG hpack.hpack | Adding (b'x-supabase-client-runtime-version', b'3.14.5') to the header table, sensitive:False, huffman:True
[2026-06-08 11:27:37,081] DEBUG hpack.hpack | Encoding 68 with 7 bits
[2026-06-08 11:27:37,081] DEBUG hpack.hpack | Adding (b'apikey', b'eyJhbGciOiJIUzI1NiIsInR5cCI6IkpXVCJ9.eyJpc3MiOiJzdXBhYmFzZSIsInJlZiI6ImZwb21iYXppeW9tYmN6eWZkcnl0Iiwicm9sZSI6InNlcnZpY2Vfcm9sZSIsImlhdCI6MTc4MDA4MjM2MCwiZXhwIjoyMDk1NjU4MzYwfQ.hOA2efvOMFjcoFwfFNEoNNjIRSj-SUnsnyEGOm5wNfs') to the header table, sensitive:False, huffman:True
[2026-06-08 11:27:37,082] DEBUG hpack.hpack | Encoding 67 with 7 bits
[2026-06-08 11:27:37,082] DEBUG hpack.hpack | Adding (b'authorization', b'Bearer eyJhbGciOiJIUzI1NiIsInR5cCI6IkpXVCJ9.eyJpc3MiOiJzdXBhYmFzZSIsInJlZiI6ImZwb21iYXppeW9tYmN6eWZkcnl0Iiwicm9sZSI6InNlcnZpY2Vfcm9sZSIsImlhdCI6MTc4MDA4MjM2MCwiZXhwIjoyMDk1NjU4MzYwfQ.hOA2efvOMFjcoFwfFNEoNNjIRSj-SUnsnyEGOm5wNfs') to the header table, sensitive:True, huffman:True
[2026-06-08 11:27:37,083] DEBUG hpack.hpack | Encoding 23 with 4 bits
[2026-06-08 11:27:37,084] DEBUG hpack.hpack | Encoding 181 with 7 bits
[2026-06-08 11:27:37,085] DEBUG hpack.hpack | Adding (b'accept-profile', b'public') to the header table, sensitive:False, huffman:True
[2026-06-08 11:27:37,085] DEBUG hpack.hpack | Encoding 66 with 7 bits
[2026-06-08 11:27:37,085] DEBUG hpack.hpack | Adding (b'content-profile', b'public') to the header table, sensitive:False, huffman:True
[2026-06-08 11:27:37,086] DEBUG hpack.hpack | Encoding 65 with 7 bits
[2026-06-08 11:27:37,086] DEBUG hpack.hpack | Adding (b'cookie', b'__cf_bm=9iQ4f.i9u0y84_fThN5o8wVgOAcAuIiwuE02tFLBm.4-1780936030.7875392-1.0.1.1-c.SKKgjU0b4RFrwvzFL1HtA1iE7WbExwhNI_7ALU3omjFTwvDzF9ItGj6QCtcSistQ4I3dITncA.QxK53HqSBIBCUpeuIyyB_cen_fu8uNb8J3QzMknuxiNemJ5DdYmu') to the header table, sensitive:False, huffman:True
[2026-06-08 11:27:37,087] DEBUG hpack.hpack | Encoding 64 with 7 bits
[2026-06-08 11:27:37,087] DEBUG hpack.hpack | Adding (b'content-length', b'271') to the header table, sensitive:False, huffman:True
[2026-06-08 11:27:37,088] DEBUG hpack.hpack | Encoding 28 with 6 bits
[2026-06-08 11:27:37,088] DEBUG hpack.hpack | Encoding 2 with 7 bits
[2026-06-08 11:27:37,089] DEBUG hpack.hpack | Adding (b'content-type', b'application/json') to the header table, sensitive:False, huffman:True
[2026-06-08 11:27:37,089] DEBUG hpack.hpack | Encoding 31 with 6 bits
[2026-06-08 11:27:37,089] DEBUG hpack.hpack | Encoding 11 with 7 bits
[2026-06-08 11:27:37,090] DEBUG hpack.hpack | Encoded header block to b"\x83\xcb\x87D\x90b\xc2\xa1,w\x0b\x04=]\xcbb\x06\x93\x1e\xa4\x7f\xca\xc9\xc8@\x85\xae\xc2\xca[?\x8f\xb0\xa9\xb6\xca\xa0\xb0\xb5\xd8T\x16\xa4\x8d&=_\xc8\xc7\xc6\xc5\xc4\xc3\x1f\x08\xff6\xbaQ\xd8[\x14/\xac\xb3\xc7\x88\x86\xd4l\xb98{\xc8\x1d&\xc8\x8c\x95ml\x97\xb29\x93\xad\x7f\x9coe}r\xfa\xcbY\x19\xd0mF\xcb\xeeO\xcb\xb3\xf3\xa7\x0f\xbf\xdd\xd9\x11\x92\xac\xb4~\x9b#\x99)\xfd\xf1\x18\x82n\x7f\x95\xd6^O\xa7\x9d:\\//\xde\xa4\xaa\x80d7\x83\x12\x97\xd1\xfb\xbb#\x99*\xd3A*\xfd\xaf\x98\xb8\xcaJ_G\xee\xec\x88\xc9M\x13\xc9{#\x9a7\x91\xad\x17\xe1kGM\x02\xd1{\xc1\xbf\x7f'\xf1\x93\xa1\xfdh\xbf\xd4:zpkG\xbe~%\xd8\xbc\xfa\xa1\x11e\xef\xabF\x1e\x84>\x1f\x12\xe1\xd3\x80\xfat\xf4\xc9\xb7wE\xb7p\xa9\x15z\xc1\x8bU-\xf8\xd3*?\xc2\xc1\xc0\\\x82\x13\xa1_\x8b\x1du\xd0b\r&=LtA\xea"
[2026-06-08 11:27:37,091] DEBUG httpcore.http2 | send_request_headers.complete
[2026-06-08 11:27:37,091] DEBUG httpcore.http2 | send_request_body.started request=<Request [b'POST']> stream_id=3
[2026-06-08 11:27:37,093] DEBUG httpcore.http2 | send_request_body.complete
[2026-06-08 11:27:37,093] DEBUG httpcore.http2 | receive_response_headers.started request=<Request [b'POST']> stream_id=3
[2026-06-08 11:27:37,186] DEBUG watchfiles.main | 1 change detected: {(<Change.modified: 2>, '/home/niko/Proyectos/C_sol/Vyntra/backend/nohup.out')}
[2026-06-08 11:27:37,432] DEBUG hpack.hpack | Decoding b"N\x82\x10\x03a\x96\xd0z\xbe\x94\x03\xcae\xb6\xa5\x04\x018\xa0\\\xb8'n2\xea\x98\xb4o\xd0^\x03*/*\x7f\x10\x8f\x18\x1e}\xa6dlR\nR\xb2\xcb\x8b]\xd5\x8b\xcf\xce\xcc\xcb\xca\xc9\xc8@\x8d\xae\xc2\xca[\x0bQ\n\xb0\xeb\xae\x83\x16O\x8f\xb0\xa9\xb6\xca\xa0\xb0\xb5\xd8T\x16\xa4\x8d&=_\xc8\xc7\x7f\x07\x9a\x00_(\xde\x04\xab\x0c,\xbe\xb3\xaf\x11\x95\x869ZZ6\xca\xfbo2\xf3\x8d\x01\xff\xc6\x7f\x06\x0222\xc5"
[2026-06-08 11:27:37,433] DEBUG hpack.hpack | Decoded 14, consumed 1 bytes
[2026-06-08 11:27:37,434] DEBUG hpack.hpack | Decoded 2, consumed 1 bytes
[2026-06-08 11:27:37,434] DEBUG hpack.hpack | Decoded (b':status', b'201'), total consumed 4 bytes, indexed True
[2026-06-08 11:27:37,435] DEBUG hpack.hpack | Decoded 33, consumed 1 bytes
[2026-06-08 11:27:37,435] DEBUG hpack.hpack | Decoded 22, consumed 1 bytes
[2026-06-08 11:27:37,436] DEBUG hpack.hpack | Decoded (b'date', b'Mon, 08 Jun 2026 16:27:37 GMT'), total consumed 24 bytes, indexed True
[2026-06-08 11:27:37,436] DEBUG hpack.hpack | Decoded 80, consumed 1 bytes
[2026-06-08 11:27:37,437] DEBUG hpack.hpack | Decoded (b'content-type', b'application/json; charset=utf-8'), consumed 1
[2026-06-08 11:27:37,437] DEBUG hpack.hpack | Decoded 30, consumed 1 bytes
[2026-06-08 11:27:37,438] DEBUG hpack.hpack | Decoded 3, consumed 1 bytes
[2026-06-08 11:27:37,438] DEBUG hpack.hpack | Decoded (b'content-range', <memory at 0x7f900606ba00>), total consumed 5 bytes, indexed True
[2026-06-08 11:27:37,439] DEBUG hpack.hpack | Decoded 79, consumed 2 bytes
[2026-06-08 11:27:37,439] DEBUG hpack.hpack | Decoded 15, consumed 1 bytes
[2026-06-08 11:27:37,440] DEBUG hpack.hpack | Decoded (b'cf-ray', b'a08943d52d2fe336-BOG'), total consumed 18 bytes, indexed True
[2026-06-08 11:27:37,440] DEBUG hpack.hpack | Decoded 79, consumed 1 bytes
[2026-06-08 11:27:37,441] DEBUG hpack.hpack | Decoded (b'cf-cache-status', b'DYNAMIC'), consumed 1
[2026-06-08 11:27:37,441] DEBUG hpack.hpack | Decoded 78, consumed 1 bytes
[2026-06-08 11:27:37,441] DEBUG hpack.hpack | Decoded (b'content-encoding', b'gzip'), consumed 1
[2026-06-08 11:27:37,442] DEBUG hpack.hpack | Decoded 76, consumed 1 bytes
[2026-06-08 11:27:37,442] DEBUG hpack.hpack | Decoded (b'server', b'cloudflare'), consumed 1
[2026-06-08 11:27:37,443] DEBUG hpack.hpack | Decoded 75, consumed 1 bytes
[2026-06-08 11:27:37,444] DEBUG hpack.hpack | Decoded (b'strict-transport-security', b'max-age=31536000; includeSubDomains; preload'), consumed 1
[2026-06-08 11:27:37,444] DEBUG hpack.hpack | Decoded 74, consumed 1 bytes
[2026-06-08 11:27:37,445] DEBUG hpack.hpack | Decoded (b'vary', b'Accept-Encoding'), consumed 1
[2026-06-08 11:27:37,446] DEBUG hpack.hpack | Decoded 73, consumed 1 bytes
[2026-06-08 11:27:37,447] DEBUG hpack.hpack | Decoded (b'x-content-type-options', b'nosniff'), consumed 1
[2026-06-08 11:27:37,447] DEBUG hpack.hpack | Decoded 72, consumed 1 bytes
[2026-06-08 11:27:37,447] DEBUG hpack.hpack | Decoded (b'content-profile', b'public'), consumed 1
[2026-06-08 11:27:37,448] DEBUG hpack.hpack | Decoded 13, consumed 1 bytes
[2026-06-08 11:27:37,448] DEBUG hpack.hpack | Decoded 15, consumed 1 bytes
[2026-06-08 11:27:37,449] DEBUG hpack.hpack | Decoded (b'preference-applied', b'return=representation'), total consumed 31 bytes, indexed True
[2026-06-08 11:27:37,449] DEBUG hpack.hpack | Decoded 72, consumed 1 bytes
[2026-06-08 11:27:37,450] DEBUG hpack.hpack | Decoded (b'sb-gateway-version', <memory at 0x7f900606a440>), consumed 1
[2026-06-08 11:27:37,450] DEBUG hpack.hpack | Decoded 71, consumed 1 bytes
[2026-06-08 11:27:37,451] DEBUG hpack.hpack | Decoded (b'sb-project-ref', b'fpombaziyombczyfdryt'), consumed 1
[2026-06-08 11:27:37,451] DEBUG hpack.hpack | Decoded 70, consumed 2 bytes
[2026-06-08 11:27:37,452] DEBUG hpack.hpack | Decoded 26, consumed 1 bytes
[2026-06-08 11:27:37,453] DEBUG hpack.hpack | Decoded (b'sb-request-id', b'019ea80f-a139-78c3-aaf4-b5e958386409'), total consumed 29 bytes, indexed True
[2026-06-08 11:27:37,453] DEBUG hpack.hpack | Decoded 70, consumed 1 bytes
[2026-06-08 11:27:37,454] DEBUG hpack.hpack | Decoded (b'x-envoy-attempt-count', <memory at 0x7f900606a500>), consumed 1
[2026-06-08 11:27:37,454] DEBUG hpack.hpack | Decoded 69, consumed 2 bytes
[2026-06-08 11:27:37,455] DEBUG hpack.hpack | Decoded 2, consumed 1 bytes
[2026-06-08 11:27:37,455] DEBUG hpack.hpack | Decoded (b'x-envoy-upstream-service-time', <memory at 0x7f900606bb80>), total consumed 5 bytes, indexed True
[2026-06-08 11:27:37,456] DEBUG hpack.hpack | Decoded 69, consumed 1 bytes
[2026-06-08 11:27:37,456] DEBUG hpack.hpack | Decoded (b'alt-svc', b'h3=":443"; ma=86400'), consumed 1
[2026-06-08 11:27:37,457] DEBUG httpcore.http2 | receive_response_headers.complete return_value=(201, [(b'date', b'Mon, 08 Jun 2026 16:27:37 GMT'), (b'content-type', b'application/json; charset=utf-8'), (b'content-range', b'*/*'), (b'cf-ray', b'a08943d52d2fe336-BOG'), (b'cf-cache-status', b'DYNAMIC'), (b'content-encoding', b'gzip'), (b'server', b'cloudflare'), (b'strict-transport-security', b'max-age=31536000; includeSubDomains; preload'), (b'vary', b'Accept-Encoding'), (b'x-content-type-options', b'nosniff'), (b'content-profile', b'public'), (b'preference-applied', b'return=representation'), (b'sb-gateway-version', b'1'), (b'sb-project-ref', b'fpombaziyombczyfdryt'), (b'sb-request-id', b'019ea80f-a139-78c3-aaf4-b5e958386409'), (b'x-envoy-attempt-count', b'1'), (b'x-envoy-upstream-service-time', b'22'), (b'alt-svc', b'h3=":443"; ma=86400')])
[2026-06-08 11:27:37,461] INFO httpx | HTTP Request: POST https://fpombaziyombczyfdryt.supabase.co/rest/v1/conversations "HTTP/2 201 Created"
[2026-06-08 11:27:37,462] DEBUG httpcore.http2 | receive_response_body.started request=<Request [b'POST']> stream_id=3
[2026-06-08 11:27:37,464] DEBUG httpcore.http2 | receive_response_body.complete
[2026-06-08 11:27:37,464] DEBUG httpcore.http2 | response_closed.started stream_id=3
[2026-06-08 11:27:37,465] DEBUG httpcore.http2 | response_closed.complete
INFO:     127.0.0.1:46974 - "POST /api/ai/threads?role=admin HTTP/1.1" 200 OK
[2026-06-08 11:27:37,538] DEBUG watchfiles.main | 1 change detected: {(<Change.modified: 2>, '/home/niko/Proyectos/C_sol/Vyntra/backend/nohup.out')}
[2026-06-08 11:27:37,580] INFO siee.ai_agent | chat req=68b5f640a70f role=student user=c6d7145a-2fc1-4445-b641-dc5fbe849d53 msg_len=4
[2026-06-08 11:27:37,588] DEBUG httpcore.http2 | send_request_headers.started request=<Request [b'GET']> stream_id=5
[2026-06-08 11:27:37,589] DEBUG hpack.hpack | Adding (b':method', b'GET') to the header table, sensitive:False, huffman:True
[2026-06-08 11:27:37,590] DEBUG hpack.hpack | Encoding 2 with 7 bits
[2026-06-08 11:27:37,591] DEBUG hpack.hpack | Adding (b':authority', b'fpombaziyombczyfdryt.supabase.co') to the header table, sensitive:False, huffman:True
[2026-06-08 11:27:37,591] DEBUG hpack.hpack | Encoding 79 with 7 bits
[2026-06-08 11:27:37,592] DEBUG hpack.hpack | Adding (b':scheme', b'https') to the header table, sensitive:False, huffman:True
[2026-06-08 11:27:37,592] DEBUG hpack.hpack | Encoding 7 with 7 bits
[2026-06-08 11:27:37,593] DEBUG hpack.hpack | Adding (b':path', b'/rest/v1/profiles?select=id%2Cfullname%2Clogin_credential%2Crole&id=eq.c6d7145a-2fc1-4445-b641-dc5fbe849d53') to the header table, sensitive:False, huffman:True
[2026-06-08 11:27:37,593] DEBUG hpack.hpack | Encoding 4 with 6 bits
[2026-06-08 11:27:37,594] DEBUG hpack.hpack | Encoding 77 with 7 bits
[2026-06-08 11:27:37,595] DEBUG hpack.hpack | Adding (b'accept', b'*/*') to the header table, sensitive:False, huffman:True
[2026-06-08 11:27:37,595] DEBUG hpack.hpack | Encoding 78 with 7 bits
[2026-06-08 11:27:37,596] DEBUG hpack.hpack | Adding (b'accept-encoding', b'gzip, deflate, zstd') to the header table, sensitive:False, huffman:True
[2026-06-08 11:27:37,596] DEBUG hpack.hpack | Encoding 77 with 7 bits
[2026-06-08 11:27:37,596] DEBUG hpack.hpack | Adding (b'user-agent', b'python-httpx/0.28.1') to the header table, sensitive:False, huffman:True
[2026-06-08 11:27:37,597] DEBUG hpack.hpack | Encoding 76 with 7 bits
[2026-06-08 11:27:37,597] DEBUG hpack.hpack | Adding (b'x-client-info', b'supabase-py/2.30.1') to the header table, sensitive:False, huffman:True
[2026-06-08 11:27:37,598] DEBUG hpack.hpack | Encoding 75 with 7 bits
[2026-06-08 11:27:37,598] DEBUG hpack.hpack | Adding (b'x-supabase-client-platform', b'Linux') to the header table, sensitive:False, huffman:True
[2026-06-08 11:27:37,599] DEBUG hpack.hpack | Encoding 74 with 7 bits
[2026-06-08 11:27:37,599] DEBUG hpack.hpack | Adding (b'x-supabase-client-platform-version', b'7.0.11-1-cachyos-bore') to the header table, sensitive:False, huffman:True
[2026-06-08 11:27:37,600] DEBUG hpack.hpack | Encoding 73 with 7 bits
[2026-06-08 11:27:37,600] DEBUG hpack.hpack | Adding (b'x-supabase-client-runtime', b'python') to the header table, sensitive:False, huffman:True
[2026-06-08 11:27:37,600] DEBUG hpack.hpack | Encoding 72 with 7 bits
[2026-06-08 11:27:37,601] DEBUG hpack.hpack | Adding (b'x-supabase-client-runtime-version', b'3.14.5') to the header table, sensitive:False, huffman:True
[2026-06-08 11:27:37,601] DEBUG hpack.hpack | Encoding 71 with 7 bits
[2026-06-08 11:27:37,602] DEBUG hpack.hpack | Adding (b'apikey', b'eyJhbGciOiJIUzI1NiIsInR5cCI6IkpXVCJ9.eyJpc3MiOiJzdXBhYmFzZSIsInJlZiI6ImZwb21iYXppeW9tYmN6eWZkcnl0Iiwicm9sZSI6InNlcnZpY2Vfcm9sZSIsImlhdCI6MTc4MDA4MjM2MCwiZXhwIjoyMDk1NjU4MzYwfQ.hOA2efvOMFjcoFwfFNEoNNjIRSj-SUnsnyEGOm5wNfs') to the header table, sensitive:False, huffman:True
[2026-06-08 11:27:37,602] DEBUG hpack.hpack | Encoding 70 with 7 bits
[2026-06-08 11:27:37,603] DEBUG hpack.hpack | Adding (b'authorization', b'Bearer eyJhbGciOiJIUzI1NiIsInR5cCI6IkpXVCJ9.eyJpc3MiOiJzdXBhYmFzZSIsInJlZiI6ImZwb21iYXppeW9tYmN6eWZkcnl0Iiwicm9sZSI6InNlcnZpY2Vfcm9sZSIsImlhdCI6MTc4MDA4MjM2MCwiZXhwIjoyMDk1NjU4MzYwfQ.hOA2efvOMFjcoFwfFNEoNNjIRSj-SUnsnyEGOm5wNfs') to the header table, sensitive:True, huffman:True
[2026-06-08 11:27:37,603] DEBUG hpack.hpack | Encoding 23 with 4 bits
[2026-06-08 11:27:37,604] DEBUG hpack.hpack | Encoding 181 with 7 bits
[2026-06-08 11:27:37,605] DEBUG hpack.hpack | Adding (b'accept-profile', b'public') to the header table, sensitive:False, huffman:True
[2026-06-08 11:27:37,605] DEBUG hpack.hpack | Encoding 69 with 7 bits
[2026-06-08 11:27:37,606] DEBUG hpack.hpack | Adding (b'content-profile', b'public') to the header table, sensitive:False, huffman:True
[2026-06-08 11:27:37,606] DEBUG hpack.hpack | Encoding 68 with 7 bits
[2026-06-08 11:27:37,607] DEBUG hpack.hpack | Adding (b'cookie', b'__cf_bm=9iQ4f.i9u0y84_fThN5o8wVgOAcAuIiwuE02tFLBm.4-1780936030.7875392-1.0.1.1-c.SKKgjU0b4RFrwvzFL1HtA1iE7WbExwhNI_7ALU3omjFTwvDzF9ItGj6QCtcSistQ4I3dITncA.QxK53HqSBIBCUpeuIyyB_cen_fu8uNb8J3QzMknuxiNemJ5DdYmu') to the header table, sensitive:False, huffman:True
[2026-06-08 11:27:37,607] DEBUG hpack.hpack | Encoding 67 with 7 bits
[2026-06-08 11:27:37,608] DEBUG hpack.hpack | Encoded header block to b"\x82\xcf\x87D\xcdb\xc2\xa1,w\x0b\x15\xd8yMAQ\xfe \xb4\x14\x89\x80\xd2*+\xd2\xdbE\x15\x0e\x92\xaa+\xd4\x1ecU\x11,,\x85\xa9&\x1d\n\x8a\xf5\x87\xa0\xbf\x06\x92\x02\xf6\\\x8eH\xe8Zlk\nR\x05f\x9ai\xb5\xa3q\xa0\xad!\x1b\x962\xbc\xd3\xf26\xcf\xce\xcd\xcc\xcb\xca\xc9\xc8\xc7\xc6\x1f\x08\xff6\xbaQ\xd8[\x14/\xac\xb3\xc7\x88\x86\xd4l\xb98{\xc8\x1d&\xc8\x8c\x95ml\x97\xb29\x93\xad\x7f\x9coe}r\xfa\xcbY\x19\xd0mF\xcb\xeeO\xcb\xb3\xf3\xa7\x0f\xbf\xdd\xd9\x11\x92\xac\xb4~\x9b#\x99)\xfd\xf1\x18\x82n\x7f\x95\xd6^O\xa7\x9d:\\//\xde\xa4\xaa\x80d7\x83\x12\x97\xd1\xfb\xbb#\x99*\xd3A*\xfd\xaf\x98\xb8\xcaJ_G\xee\xec\x88\xc9M\x13\xc9{#\x9a7\x91\xad\x17\xe1kGM\x02\xd1{\xc1\xbf\x7f'\xf1\x93\xa1\xfdh\xbf\xd4:zpkG\xbe~%\xd8\xbc\xfa\xa1\x11e\xef\xabF\x1e\x84>\x1f\x12\xe1\xd3\x80\xfat\xf4\xc9\xb7wE\xb7p\xa9\x15z\xc1\x8bU-\xf8\xd3*?\xc5\xc4\xc3"
[2026-06-08 11:27:37,609] DEBUG httpcore.http2 | send_request_headers.complete
[2026-06-08 11:27:37,610] DEBUG httpcore.http2 | send_request_body.started request=<Request [b'GET']> stream_id=5
[2026-06-08 11:27:37,610] DEBUG httpcore.http2 | send_request_body.complete
[2026-06-08 11:27:37,611] DEBUG httpcore.http2 | receive_response_headers.started request=<Request [b'GET']> stream_id=5
[2026-06-08 11:27:37,892] DEBUG watchfiles.main | 1 change detected: {(<Change.modified: 2>, '/home/niko/Proyectos/C_sol/Vyntra/backend/nohup.out')}
[2026-06-08 11:27:37,912] DEBUG hpack.hpack | Decoding b'\x88\xc3\xd5\xd4\x7f\x14\x8f\x18\x1e}\xa6dy\xc7\xc2\xd9Ye\xc5\xae\xea\xc5\xd3\xd2]\xc7b\xbb\x0f)\xa8*?\xc3I\x01{.G$t-65\x85)\x02\xb3M4\xda\xd1\xb8\xd0V\x90\x8d\xcb\x19^i\xf9\x1bg\xe1\x05\xa0\xa4L\x06\x91Q^\x96\xda(\xa8t\x95Q^\xa0\xf3\x1a\xa8\x89ad-I0\xe8TW\xac=\x05\xd1\xd0\xcf\xce\xcd\xcc\xcb\x7f\x0b\x99\x00_(\xde\x04\xab\r\x96\x80\xb3\xa4\x00\xd6\x19D\xe2\xcf\xbb+O61\x00\x83\x1f\xca\x7f\n\x013\xc9'
[2026-06-08 11:27:37,913] DEBUG hpack.hpack | Decoded 8, consumed 1 bytes
[2026-06-08 11:27:37,914] DEBUG hpack.hpack | Decoded (b':status', b'200'), consumed 1
[2026-06-08 11:27:37,914] DEBUG hpack.hpack | Decoded 67, consumed 1 bytes
[2026-06-08 11:27:37,915] DEBUG hpack.hpack | Decoded (b'date', b'Mon, 08 Jun 2026 16:27:37 GMT'), consumed 1
[2026-06-08 11:27:37,915] DEBUG hpack.hpack | Decoded 85, consumed 1 bytes
[2026-06-08 11:27:37,915] DEBUG hpack.hpack | Decoded (b'content-type', b'application/json; charset=utf-8'), consumed 1
[2026-06-08 11:27:37,916] DEBUG hpack.hpack | Decoded 84, consumed 1 bytes
[2026-06-08 11:27:37,916] DEBUG hpack.hpack | Decoded (b'content-range', b'0-0/*'), consumed 1
[2026-06-08 11:27:37,917] DEBUG hpack.hpack | Decoded 83, consumed 2 bytes
[2026-06-08 11:27:37,917] DEBUG hpack.hpack | Decoded 15, consumed 1 bytes
[2026-06-08 11:27:37,918] DEBUG hpack.hpack | Decoded (b'cf-ray', b'a08943d86915e336-BOG'), total consumed 18 bytes, indexed True
[2026-06-08 11:27:37,918] DEBUG hpack.hpack | Decoded 83, consumed 1 bytes
[2026-06-08 11:27:37,918] DEBUG hpack.hpack | Decoded (b'cf-cache-status', b'DYNAMIC'), consumed 1
[2026-06-08 11:27:37,919] DEBUG hpack.hpack | Decoded 82, consumed 1 bytes
[2026-06-08 11:27:37,919] DEBUG hpack.hpack | Decoded (b'content-encoding', b'gzip'), consumed 1
[2026-06-08 11:27:37,919] DEBUG hpack.hpack | Decoded 29, consumed 1 bytes
[2026-06-08 11:27:37,919] DEBUG hpack.hpack | Decoded 71, consumed 1 bytes
[2026-06-08 11:27:37,920] DEBUG hpack.hpack | Decoded (b'content-location', b'/profiles?id=eq.c6d7145a-2fc1-4445-b641-dc5fbe849d53&select=id%2Cfullname%2Clogin_credential%2Crole'), total consumed 73 bytes, indexed True
[2026-06-08 11:27:37,920] DEBUG hpack.hpack | Decoded 81, consumed 1 bytes
[2026-06-08 11:27:37,921] DEBUG hpack.hpack | Decoded (b'server', b'cloudflare'), consumed 1
[2026-06-08 11:27:37,921] DEBUG hpack.hpack | Decoded 80, consumed 1 bytes
[2026-06-08 11:27:37,921] DEBUG hpack.hpack | Decoded (b'strict-transport-security', b'max-age=31536000; includeSubDomains; preload'), consumed 1
[2026-06-08 11:27:37,922] DEBUG hpack.hpack | Decoded 79, consumed 1 bytes
[2026-06-08 11:27:37,922] DEBUG hpack.hpack | Decoded (b'vary', b'Accept-Encoding'), consumed 1
[2026-06-08 11:27:37,923] DEBUG hpack.hpack | Decoded 78, consumed 1 bytes
[2026-06-08 11:27:37,923] DEBUG hpack.hpack | Decoded (b'x-content-type-options', b'nosniff'), consumed 1
[2026-06-08 11:27:37,923] DEBUG hpack.hpack | Decoded 77, consumed 1 bytes
[2026-06-08 11:27:37,923] DEBUG hpack.hpack | Decoded (b'content-profile', b'public'), consumed 1
[2026-06-08 11:27:37,924] DEBUG hpack.hpack | Decoded 76, consumed 1 bytes
[2026-06-08 11:27:37,924] DEBUG hpack.hpack | Decoded (b'sb-gateway-version', <memory at 0x7f900606a440>), consumed 1
[2026-06-08 11:27:37,924] DEBUG hpack.hpack | Decoded 75, consumed 1 bytes
[2026-06-08 11:27:37,925] DEBUG hpack.hpack | Decoded (b'sb-project-ref', b'fpombaziyombczyfdryt'), consumed 1
[2026-06-08 11:27:37,925] DEBUG hpack.hpack | Decoded 74, consumed 2 bytes
[2026-06-08 11:27:37,926] DEBUG hpack.hpack | Decoded 25, consumed 1 bytes
[2026-06-08 11:27:37,926] DEBUG hpack.hpack | Decoded (b'sb-request-id', b'019ea80f-a340-7c0a-ae26-97f485a20caa'), total consumed 28 bytes, indexed True
[2026-06-08 11:27:37,927] DEBUG hpack.hpack | Decoded 74, consumed 1 bytes
[2026-06-08 11:27:37,927] DEBUG hpack.hpack | Decoded (b'x-envoy-attempt-count', <memory at 0x7f900606a500>), consumed 1
[2026-06-08 11:27:37,927] DEBUG hpack.hpack | Decoded 73, consumed 2 bytes
[2026-06-08 11:27:37,927] DEBUG hpack.hpack | Decoded 1, consumed 1 bytes
[2026-06-08 11:27:37,928] DEBUG hpack.hpack | Decoded (b'x-envoy-upstream-service-time', <memory at 0x7f9005e54580>), total consumed 4 bytes, indexed True
[2026-06-08 11:27:37,928] DEBUG hpack.hpack | Decoded 73, consumed 1 bytes
[2026-06-08 11:27:37,928] DEBUG hpack.hpack | Decoded (b'alt-svc', b'h3=":443"; ma=86400'), consumed 1
[2026-06-08 11:27:37,929] DEBUG httpcore.http2 | receive_response_headers.complete return_value=(200, [(b'date', b'Mon, 08 Jun 2026 16:27:37 GMT'), (b'content-type', b'application/json; charset=utf-8'), (b'content-range', b'0-0/*'), (b'cf-ray', b'a08943d86915e336-BOG'), (b'cf-cache-status', b'DYNAMIC'), (b'content-encoding', b'gzip'), (b'content-location', b'/profiles?id=eq.c6d7145a-2fc1-4445-b641-dc5fbe849d53&select=id%2Cfullname%2Clogin_credential%2Crole'), (b'server', b'cloudflare'), (b'strict-transport-security', b'max-age=31536000; includeSubDomains; preload'), (b'vary', b'Accept-Encoding'), (b'x-content-type-options', b'nosniff'), (b'content-profile', b'public'), (b'sb-gateway-version', b'1'), (b'sb-project-ref', b'fpombaziyombczyfdryt'), (b'sb-request-id', b'019ea80f-a340-7c0a-ae26-97f485a20caa'), (b'x-envoy-attempt-count', b'1'), (b'x-envoy-upstream-service-time', b'3'), (b'alt-svc', b'h3=":443"; ma=86400')])
[2026-06-08 11:27:37,931] INFO httpx | HTTP Request: GET https://fpombaziyombczyfdryt.supabase.co/rest/v1/profiles?select=id%2Cfullname%2Clogin_credential%2Crole&id=eq.c6d7145a-2fc1-4445-b641-dc5fbe849d53 "HTTP/2 200 OK"
[2026-06-08 11:27:37,932] DEBUG httpcore.http2 | receive_response_body.started request=<Request [b'GET']> stream_id=5
[2026-06-08 11:27:37,935] DEBUG httpcore.http2 | receive_response_body.complete
[2026-06-08 11:27:37,936] DEBUG httpcore.http2 | response_closed.started stream_id=5
[2026-06-08 11:27:37,936] DEBUG httpcore.http2 | response_closed.complete
[2026-06-08 11:27:37,944] DEBUG httpcore.http2 | send_request_headers.started request=<Request [b'GET']> stream_id=7
[2026-06-08 11:27:37,945] DEBUG hpack.hpack | Adding (b':method', b'GET') to the header table, sensitive:False, huffman:True
[2026-06-08 11:27:37,946] DEBUG hpack.hpack | Encoding 2 with 7 bits
[2026-06-08 11:27:37,946] DEBUG hpack.hpack | Adding (b':authority', b'fpombaziyombczyfdryt.supabase.co') to the header table, sensitive:False, huffman:True
[2026-06-08 11:27:37,947] DEBUG hpack.hpack | Encoding 80 with 7 bits
[2026-06-08 11:27:37,947] DEBUG hpack.hpack | Adding (b':scheme', b'https') to the header table, sensitive:False, huffman:True
[2026-06-08 11:27:37,948] DEBUG hpack.hpack | Encoding 7 with 7 bits
[2026-06-08 11:27:37,948] DEBUG hpack.hpack | Adding (b':path', b'/rest/v1/grades?select=score%2Csubject_id&student_id=eq.c6d7145a-2fc1-4445-b641-dc5fbe849d53') to the header table, sensitive:False, huffman:True
[2026-06-08 11:27:37,949] DEBUG hpack.hpack | Encoding 4 with 6 bits
[2026-06-08 11:27:37,950] DEBUG hpack.hpack | Encoding 66 with 7 bits
[2026-06-08 11:27:37,950] DEBUG hpack.hpack | Adding (b'accept', b'*/*') to the header table, sensitive:False, huffman:True
[2026-06-08 11:27:37,950] DEBUG hpack.hpack | Encoding 79 with 7 bits
[2026-06-08 11:27:37,951] DEBUG hpack.hpack | Adding (b'accept-encoding', b'gzip, deflate, zstd') to the header table, sensitive:False, huffman:True
[2026-06-08 11:27:37,951] DEBUG hpack.hpack | Encoding 78 with 7 bits
[2026-06-08 11:27:37,952] DEBUG hpack.hpack | Adding (b'user-agent', b'python-httpx/0.28.1') to the header table, sensitive:False, huffman:True
[2026-06-08 11:27:37,952] DEBUG hpack.hpack | Encoding 77 with 7 bits
[2026-06-08 11:27:37,952] DEBUG hpack.hpack | Adding (b'x-client-info', b'supabase-py/2.30.1') to the header table, sensitive:False, huffman:True
[2026-06-08 11:27:37,953] DEBUG hpack.hpack | Encoding 76 with 7 bits
[2026-06-08 11:27:37,953] DEBUG hpack.hpack | Adding (b'x-supabase-client-platform', b'Linux') to the header table, sensitive:False, huffman:True
[2026-06-08 11:27:37,954] DEBUG hpack.hpack | Encoding 75 with 7 bits
[2026-06-08 11:27:37,954] DEBUG hpack.hpack | Adding (b'x-supabase-client-platform-version', b'7.0.11-1-cachyos-bore') to the header table, sensitive:False, huffman:True
[2026-06-08 11:27:37,954] DEBUG hpack.hpack | Encoding 74 with 7 bits
[2026-06-08 11:27:37,954] DEBUG hpack.hpack | Adding (b'x-supabase-client-runtime', b'python') to the header table, sensitive:False, huffman:True
[2026-06-08 11:27:37,955] DEBUG hpack.hpack | Encoding 73 with 7 bits
[2026-06-08 11:27:37,955] DEBUG hpack.hpack | Adding (b'x-supabase-client-runtime-version', b'3.14.5') to the header table, sensitive:False, huffman:True
[2026-06-08 11:27:37,955] DEBUG hpack.hpack | Encoding 72 with 7 bits
[2026-06-08 11:27:37,956] DEBUG hpack.hpack | Adding (b'apikey', b'eyJhbGciOiJIUzI1NiIsInR5cCI6IkpXVCJ9.eyJpc3MiOiJzdXBhYmFzZSIsInJlZiI6ImZwb21iYXppeW9tYmN6eWZkcnl0Iiwicm9sZSI6InNlcnZpY2Vfcm9sZSIsImlhdCI6MTc4MDA4MjM2MCwiZXhwIjoyMDk1NjU4MzYwfQ.hOA2efvOMFjcoFwfFNEoNNjIRSj-SUnsnyEGOm5wNfs') to the header table, sensitive:False, huffman:True
[2026-06-08 11:27:37,956] DEBUG hpack.hpack | Encoding 71 with 7 bits
[2026-06-08 11:27:37,956] DEBUG hpack.hpack | Adding (b'authorization', b'Bearer eyJhbGciOiJIUzI1NiIsInR5cCI6IkpXVCJ9.eyJpc3MiOiJzdXBhYmFzZSIsInJlZiI6ImZwb21iYXppeW9tYmN6eWZkcnl0Iiwicm9sZSI6InNlcnZpY2Vfcm9sZSIsImlhdCI6MTc4MDA4MjM2MCwiZXhwIjoyMDk1NjU4MzYwfQ.hOA2efvOMFjcoFwfFNEoNNjIRSj-SUnsnyEGOm5wNfs') to the header table, sensitive:True, huffman:True
[2026-06-08 11:27:37,957] DEBUG hpack.hpack | Encoding 23 with 4 bits
[2026-06-08 11:27:37,958] DEBUG hpack.hpack | Encoding 181 with 7 bits
[2026-06-08 11:27:37,958] DEBUG hpack.hpack | Adding (b'accept-profile', b'public') to the header table, sensitive:False, huffman:True
[2026-06-08 11:27:37,958] DEBUG hpack.hpack | Encoding 70 with 7 bits
[2026-06-08 11:27:37,959] DEBUG hpack.hpack | Adding (b'content-profile', b'public') to the header table, sensitive:False, huffman:True
[2026-06-08 11:27:37,959] DEBUG hpack.hpack | Encoding 69 with 7 bits
[2026-06-08 11:27:37,959] DEBUG hpack.hpack | Adding (b'cookie', b'__cf_bm=9iQ4f.i9u0y84_fThN5o8wVgOAcAuIiwuE02tFLBm.4-1780936030.7875392-1.0.1.1-c.SKKgjU0b4RFrwvzFL1HtA1iE7WbExwhNI_7ALU3omjFTwvDzF9ItGj6QCtcSistQ4I3dITncA.QxK53HqSBIBCUpeuIyyB_cen_fu8uNb8J3QzMknuxiNemJ5DdYmu') to the header table, sensitive:False, huffman:True
[2026-06-08 11:27:37,960] DEBUG hpack.hpack | Encoding 68 with 7 bits
[2026-06-08 11:27:37,960] DEBUG hpack.hpack | Encoded header block to b"\x82\xd0\x87D\xc2b\xc2\xa1,w\x0b\x13X9\n\x8f\xf1\x05\xa0\xa4L\x08!\xec*\xa2\xbc\x8bc\xe8R&#I\xf0\x84\xdb!jLF\x92\x02\xf6\\\x8eH\xe8Zlk\nR\x05f\x9ai\xb5\xa3q\xa0\xad!\x1b\x962\xbc\xd3\xf26\xcf\xcf\xce\xcd\xcc\xcb\xca\xc9\xc8\xc7\x1f\x08\xff6\xbaQ\xd8[\x14/\xac\xb3\xc7\x88\x86\xd4l\xb98{\xc8\x1d&\xc8\x8c\x95ml\x97\xb29\x93\xad\x7f\x9coe}r\xfa\xcbY\x19\xd0mF\xcb\xeeO\xcb\xb3\xf3\xa7\x0f\xbf\xdd\xd9\x11\x92\xac\xb4~\x9b#\x99)\xfd\xf1\x18\x82n\x7f\x95\xd6^O\xa7\x9d:\\//\xde\xa4\xaa\x80d7\x83\x12\x97\xd1\xfb\xbb#\x99*\xd3A*\xfd\xaf\x98\xb8\xcaJ_G\xee\xec\x88\xc9M\x13\xc9{#\x9a7\x91\xad\x17\xe1kGM\x02\xd1{\xc1\xbf\x7f'\xf1\x93\xa1\xfdh\xbf\xd4:zpkG\xbe~%\xd8\xbc\xfa\xa1\x11e\xef\xabF\x1e\x84>\x1f\x12\xe1\xd3\x80\xfat\xf4\xc9\xb7wE\xb7p\xa9\x15z\xc1\x8bU-\xf8\xd3*?\xc6\xc5\xc4"
[2026-06-08 11:27:37,961] DEBUG httpcore.http2 | send_request_headers.complete
[2026-06-08 11:27:37,962] DEBUG httpcore.http2 | send_request_body.started request=<Request [b'GET']> stream_id=7
[2026-06-08 11:27:37,962] DEBUG httpcore.http2 | send_request_body.complete
[2026-06-08 11:27:37,962] DEBUG httpcore.http2 | receive_response_headers.started request=<Request [b'GET']> stream_id=7
[2026-06-08 11:27:38,234] DEBUG hpack.hpack | Decoding b"\x88a\x96\xd0z\xbe\x94\x03\xcae\xb6\xa5\x04\x018\xa0\\\xb8'n2\xf2\x98\xb4o\xda\\\x012\xc8\x7f\x1a\x8f\x18\x1e}\xa6d\x1b\x8fF\x02\xb2\xcb\x8b]\xd5\x8b\xd9]\xbcbk\x07!Q\xfe \xb4\x14\x89\x81\x04=\x85TW\x91l}\nD\xc4i>\x10\x9bd-I\x88\xd2@^\xcb\x91\xc9\x1d\x0bM\x8daJ@\xac\xd3M6\xb4n4\x15\xa4#r\xc6W\x9a~F\xd9\xd7\xd6\xd4\xd3\xd2\xd1\x7f\x11\x9a\x00_(\xde\x04\xab\r\xa7\x80\xb3\xaf\x05\xf5\xa3\x92W\x96}\xa6\x86\x11\xc8\xd3\xae\t\xff\xd0\x7f\x10\x016\xcf"
[2026-06-08 11:27:38,235] DEBUG hpack.hpack | Decoded 8, consumed 1 bytes
[2026-06-08 11:27:38,235] DEBUG hpack.hpack | Decoded (b':status', b'200'), consumed 1
[2026-06-08 11:27:38,236] DEBUG hpack.hpack | Decoded 33, consumed 1 bytes
[2026-06-08 11:27:38,236] DEBUG hpack.hpack | Decoded 22, consumed 1 bytes
[2026-06-08 11:27:38,236] DEBUG hpack.hpack | Decoded (b'date', b'Mon, 08 Jun 2026 16:27:38 GMT'), total consumed 24 bytes, indexed True
[2026-06-08 11:27:38,237] DEBUG hpack.hpack | Decoded 90, consumed 1 bytes
[2026-06-08 11:27:38,237] DEBUG hpack.hpack | Decoded (b'content-type', b'application/json; charset=utf-8'), consumed 1
[2026-06-08 11:27:38,238] DEBUG hpack.hpack | Decoded 28, consumed 1 bytes
[2026-06-08 11:27:38,238] DEBUG hpack.hpack | Decoded 1, consumed 1 bytes
[2026-06-08 11:27:38,238] DEBUG hpack.hpack | Decoded (b'content-length', <memory at 0x7f9005e547c0>), total consumed 3 bytes, indexed True
[2026-06-08 11:27:38,239] DEBUG hpack.hpack | Decoded 72, consumed 1 bytes
[2026-06-08 11:27:38,239] DEBUG hpack.hpack | Decoded (b'content-range', <memory at 0x7f900606ba00>), consumed 1
[2026-06-08 11:27:38,240] DEBUG hpack.hpack | Decoded 89, consumed 2 bytes
[2026-06-08 11:27:38,240] DEBUG hpack.hpack | Decoded 15, consumed 1 bytes
[2026-06-08 11:27:38,240] DEBUG hpack.hpack | Decoded (b'cf-ray', b'a08943da68b0e336-BOG'), total consumed 18 bytes, indexed True
[2026-06-08 11:27:38,241] DEBUG hpack.hpack | Decoded 89, consumed 1 bytes
[2026-06-08 11:27:38,241] DEBUG hpack.hpack | Decoded (b'cf-cache-status', b'DYNAMIC'), consumed 1
[2026-06-08 11:27:38,242] DEBUG hpack.hpack | Decoded 29, consumed 1 bytes
[2026-06-08 11:27:38,242] DEBUG hpack.hpack | Decoded 60, consumed 1 bytes
[2026-06-08 11:27:38,243] DEBUG hpack.hpack | Decoded (b'content-location', b'/grades?select=score%2Csubject_id&student_id=eq.c6d7145a-2fc1-4445-b641-dc5fbe849d53'), total consumed 62 bytes, indexed True
[2026-06-08 11:27:38,243] DEBUG hpack.hpack | Decoded 87, consumed 1 bytes
[2026-06-08 11:27:38,243] DEBUG hpack.hpack | Decoded (b'server', b'cloudflare'), consumed 1
[2026-06-08 11:27:38,244] DEBUG hpack.hpack | Decoded 86, consumed 1 bytes
[2026-06-08 11:27:38,244] DEBUG watchfiles.main | 1 change detected: {(<Change.modified: 2>, '/home/niko/Proyectos/C_sol/Vyntra/backend/nohup.out')}
[2026-06-08 11:27:38,244] DEBUG hpack.hpack | Decoded (b'strict-transport-security', b'max-age=31536000; includeSubDomains; preload'), consumed 1
[2026-06-08 11:27:38,245] DEBUG hpack.hpack | Decoded 84, consumed 1 bytes
[2026-06-08 11:27:38,245] DEBUG hpack.hpack | Decoded (b'x-content-type-options', b'nosniff'), consumed 1
[2026-06-08 11:27:38,246] DEBUG hpack.hpack | Decoded 83, consumed 1 bytes
[2026-06-08 11:27:38,246] DEBUG hpack.hpack | Decoded (b'content-profile', b'public'), consumed 1
[2026-06-08 11:27:38,246] DEBUG hpack.hpack | Decoded 82, consumed 1 bytes
[2026-06-08 11:27:38,246] DEBUG hpack.hpack | Decoded (b'sb-gateway-version', <memory at 0x7f900606a440>), consumed 1
[2026-06-08 11:27:38,247] DEBUG hpack.hpack | Decoded 81, consumed 1 bytes
[2026-06-08 11:27:38,247] DEBUG hpack.hpack | Decoded (b'sb-project-ref', b'fpombaziyombczyfdryt'), consumed 1
[2026-06-08 11:27:38,247] DEBUG hpack.hpack | Decoded 80, consumed 2 bytes
[2026-06-08 11:27:38,248] DEBUG hpack.hpack | Decoded 26, consumed 1 bytes
[2026-06-08 11:27:38,248] DEBUG hpack.hpack | Decoded (b'sb-request-id', b'019ea80f-a480-7819-bdf8-944a1ad47629'), total consumed 29 bytes, indexed True
[2026-06-08 11:27:38,248] DEBUG hpack.hpack | Decoded 80, consumed 1 bytes
[2026-06-08 11:27:38,249] DEBUG hpack.hpack | Decoded (b'x-envoy-attempt-count', <memory at 0x7f900606a500>), consumed 1
[2026-06-08 11:27:38,249] DEBUG hpack.hpack | Decoded 79, consumed 2 bytes
[2026-06-08 11:27:38,249] DEBUG hpack.hpack | Decoded 1, consumed 1 bytes
[2026-06-08 11:27:38,250] DEBUG hpack.hpack | Decoded (b'x-envoy-upstream-service-time', <memory at 0x7f9005e54880>), total consumed 4 bytes, indexed True
[2026-06-08 11:27:38,250] DEBUG hpack.hpack | Decoded 79, consumed 1 bytes
[2026-06-08 11:27:38,250] DEBUG hpack.hpack | Decoded (b'alt-svc', b'h3=":443"; ma=86400'), consumed 1
[2026-06-08 11:27:38,251] DEBUG httpcore.http2 | receive_response_headers.complete return_value=(200, [(b'date', b'Mon, 08 Jun 2026 16:27:38 GMT'), (b'content-type', b'application/json; charset=utf-8'), (b'content-length', b'2'), (b'content-range', b'*/*'), (b'cf-ray', b'a08943da68b0e336-BOG'), (b'cf-cache-status', b'DYNAMIC'), (b'content-location', b'/grades?select=score%2Csubject_id&student_id=eq.c6d7145a-2fc1-4445-b641-dc5fbe849d53'), (b'server', b'cloudflare'), (b'strict-transport-security', b'max-age=31536000; includeSubDomains; preload'), (b'x-content-type-options', b'nosniff'), (b'content-profile', b'public'), (b'sb-gateway-version', b'1'), (b'sb-project-ref', b'fpombaziyombczyfdryt'), (b'sb-request-id', b'019ea80f-a480-7819-bdf8-944a1ad47629'), (b'x-envoy-attempt-count', b'1'), (b'x-envoy-upstream-service-time', b'6'), (b'alt-svc', b'h3=":443"; ma=86400')])
[2026-06-08 11:27:38,253] INFO httpx | HTTP Request: GET https://fpombaziyombczyfdryt.supabase.co/rest/v1/grades?select=score%2Csubject_id&student_id=eq.c6d7145a-2fc1-4445-b641-dc5fbe849d53 "HTTP/2 200 OK"
[2026-06-08 11:27:38,254] DEBUG httpcore.http2 | receive_response_body.started request=<Request [b'GET']> stream_id=7
[2026-06-08 11:27:38,255] DEBUG httpcore.http2 | receive_response_body.complete
[2026-06-08 11:27:38,256] DEBUG httpcore.http2 | response_closed.started stream_id=7
[2026-06-08 11:27:38,256] DEBUG httpcore.http2 | response_closed.complete
[2026-06-08 11:27:38,262] DEBUG httpcore.http2 | send_request_headers.started request=<Request [b'GET']> stream_id=9
[2026-06-08 11:27:38,263] DEBUG hpack.hpack | Adding (b':method', b'GET') to the header table, sensitive:False, huffman:True
[2026-06-08 11:27:38,263] DEBUG hpack.hpack | Encoding 2 with 7 bits
[2026-06-08 11:27:38,264] DEBUG hpack.hpack | Adding (b':authority', b'fpombaziyombczyfdryt.supabase.co') to the header table, sensitive:False, huffman:True
[2026-06-08 11:27:38,264] DEBUG hpack.hpack | Encoding 81 with 7 bits
[2026-06-08 11:27:38,265] DEBUG hpack.hpack | Adding (b':scheme', b'https') to the header table, sensitive:False, huffman:True
[2026-06-08 11:27:38,265] DEBUG hpack.hpack | Encoding 7 with 7 bits
[2026-06-08 11:27:38,266] DEBUG hpack.hpack | Adding (b':path', b'/rest/v1/subjects?select=id%2Cname') to the header table, sensitive:False, huffman:True
[2026-06-08 11:27:38,266] DEBUG hpack.hpack | Encoding 4 with 6 bits
[2026-06-08 11:27:38,267] DEBUG hpack.hpack | Encoding 25 with 7 bits
[2026-06-08 11:27:38,267] DEBUG hpack.hpack | Adding (b'accept', b'*/*') to the header table, sensitive:False, huffman:True
[2026-06-08 11:27:38,268] DEBUG hpack.hpack | Encoding 80 with 7 bits
[2026-06-08 11:27:38,268] DEBUG hpack.hpack | Adding (b'accept-encoding', b'gzip, deflate, zstd') to the header table, sensitive:False, huffman:True
[2026-06-08 11:27:38,268] DEBUG hpack.hpack | Encoding 79 with 7 bits
[2026-06-08 11:27:38,269] DEBUG hpack.hpack | Adding (b'user-agent', b'python-httpx/0.28.1') to the header table, sensitive:False, huffman:True
[2026-06-08 11:27:38,269] DEBUG hpack.hpack | Encoding 78 with 7 bits
[2026-06-08 11:27:38,270] DEBUG hpack.hpack | Adding (b'x-client-info', b'supabase-py/2.30.1') to the header table, sensitive:False, huffman:True
[2026-06-08 11:27:38,270] DEBUG hpack.hpack | Encoding 77 with 7 bits
[2026-06-08 11:27:38,271] DEBUG hpack.hpack | Adding (b'x-supabase-client-platform', b'Linux') to the header table, sensitive:False, huffman:True
[2026-06-08 11:27:38,271] DEBUG hpack.hpack | Encoding 76 with 7 bits
[2026-06-08 11:27:38,271] DEBUG hpack.hpack | Adding (b'x-supabase-client-platform-version', b'7.0.11-1-cachyos-bore') to the header table, sensitive:False, huffman:True
[2026-06-08 11:27:38,272] DEBUG hpack.hpack | Encoding 75 with 7 bits
[2026-06-08 11:27:38,272] DEBUG hpack.hpack | Adding (b'x-supabase-client-runtime', b'python') to the header table, sensitive:False, huffman:True
[2026-06-08 11:27:38,273] DEBUG hpack.hpack | Encoding 74 with 7 bits
[2026-06-08 11:27:38,273] DEBUG hpack.hpack | Adding (b'x-supabase-client-runtime-version', b'3.14.5') to the header table, sensitive:False, huffman:True
[2026-06-08 11:27:38,273] DEBUG hpack.hpack | Encoding 73 with 7 bits
[2026-06-08 11:27:38,274] DEBUG hpack.hpack | Adding (b'apikey', b'eyJhbGciOiJIUzI1NiIsInR5cCI6IkpXVCJ9.eyJpc3MiOiJzdXBhYmFzZSIsInJlZiI6ImZwb21iYXppeW9tYmN6eWZkcnl0Iiwicm9sZSI6InNlcnZpY2Vfcm9sZSIsImlhdCI6MTc4MDA4MjM2MCwiZXhwIjoyMDk1NjU4MzYwfQ.hOA2efvOMFjcoFwfFNEoNNjIRSj-SUnsnyEGOm5wNfs') to the header table, sensitive:False, huffman:True
[2026-06-08 11:27:38,274] DEBUG hpack.hpack | Encoding 72 with 7 bits
[2026-06-08 11:27:38,275] DEBUG hpack.hpack | Adding (b'authorization', b'Bearer eyJhbGciOiJIUzI1NiIsInR5cCI6IkpXVCJ9.eyJpc3MiOiJzdXBhYmFzZSIsInJlZiI6ImZwb21iYXppeW9tYmN6eWZkcnl0Iiwicm9sZSI6InNlcnZpY2Vfcm9sZSIsImlhdCI6MTc4MDA4MjM2MCwiZXhwIjoyMDk1NjU4MzYwfQ.hOA2efvOMFjcoFwfFNEoNNjIRSj-SUnsnyEGOm5wNfs') to the header table, sensitive:True, huffman:True
[2026-06-08 11:27:38,275] DEBUG hpack.hpack | Encoding 23 with 4 bits
[2026-06-08 11:27:38,277] DEBUG hpack.hpack | Encoding 181 with 7 bits
[2026-06-08 11:27:38,277] DEBUG hpack.hpack | Adding (b'accept-profile', b'public') to the header table, sensitive:False, huffman:True
[2026-06-08 11:27:38,278] DEBUG hpack.hpack | Encoding 71 with 7 bits
[2026-06-08 11:27:38,278] DEBUG hpack.hpack | Adding (b'content-profile', b'public') to the header table, sensitive:False, huffman:True
[2026-06-08 11:27:38,278] DEBUG hpack.hpack | Encoding 70 with 7 bits
[2026-06-08 11:27:38,279] DEBUG hpack.hpack | Adding (b'cookie', b'__cf_bm=9iQ4f.i9u0y84_fThN5o8wVgOAcAuIiwuE02tFLBm.4-1780936030.7875392-1.0.1.1-c.SKKgjU0b4RFrwvzFL1HtA1iE7WbExwhNI_7ALU3omjFTwvDzF9ItGj6QCtcSistQ4I3dITncA.QxK53HqSBIBCUpeuIyyB_cen_fu8uNb8J3QzMknuxiNemJ5DdYmu') to the header table, sensitive:False, huffman:True
[2026-06-08 11:27:38,279] DEBUG hpack.hpack | Encoding 69 with 7 bits
[2026-06-08 11:27:38,280] DEBUG hpack.hpack | Encoded header block to b'\x82\xd1\x87D\x99b\xc2\xa1,w\x0b\x08\xb6>\x85"Q\xfe \xb4\x14\x89\x80\xd2*+\xd5\x0e\x92\xff\xd0\xcf\xce\xcd\xcc\xcb\xca\xc9\xc8\x1f\x08\xff6\xbaQ\xd8[\x14/\xac\xb3\xc7\x88\x86\xd4l\xb98{\xc8\x1d&\xc8\x8c\x95ml\x97\xb29\x93\xad\x7f\x9coe}r\xfa\xcbY\x19\xd0mF\xcb\xeeO\xcb\xb3\xf3\xa7\x0f\xbf\xdd\xd9\x11\x92\xac\xb4~\x9b#\x99)\xfd\xf1\x18\x82n\x7f\x95\xd6^O\xa7\x9d:\\//\xde\xa4\xaa\x80d7\x83\x12\x97\xd1\xfb\xbb#\x99*\xd3A*\xfd\xaf\x98\xb8\xcaJ_G\xee\xec\x88\xc9M\x13\xc9{#\x9a7\x91\xad\x17\xe1kGM\x02\xd1{\xc1\xbf\x7f\'\xf1\x93\xa1\xfdh\xbf\xd4:zpkG\xbe~%\xd8\xbc\xfa\xa1\x11e\xef\xabF\x1e\x84>\x1f\x12\xe1\xd3\x80\xfat\xf4\xc9\xb7wE\xb7p\xa9\x15z\xc1\x8bU-\xf8\xd3*?\xc7\xc6\xc5'
[2026-06-08 11:27:38,281] DEBUG httpcore.http2 | send_request_headers.complete
[2026-06-08 11:27:38,282] DEBUG httpcore.http2 | send_request_body.started request=<Request [b'GET']> stream_id=9
[2026-06-08 11:27:38,282] DEBUG httpcore.http2 | send_request_body.complete
[2026-06-08 11:27:38,282] DEBUG httpcore.http2 | receive_response_headers.started request=<Request [b'GET']> stream_id=9
[2026-06-08 11:27:38,552] DEBUG hpack.hpack | Decoding b'\x88\xc3\xdf^\x84\x02\xcf\xb1\xf3\x7f\x1f\x8f\x18\x1e}\xa6d#o8"\xb2\xcb\x8b]\xd5\x8b\xde\xdd]\x93a\x16\xc7\xd0\xa4J?\xc4\x16\x82\x910\x1aEEz\xa1\xd2_\xdc\xdb\xda\xd9\xd8\xd7\xd6\x7f\x16\x99\x00_(\xde\x04\xab\r\xb2\tgei\xb5\x87$\xb2\xac\xe1Z\x08D"4\xe9$\xd5\x7f\x15\x015\xd4'
[2026-06-08 11:27:38,553] DEBUG hpack.hpack | Decoded 8, consumed 1 bytes
[2026-06-08 11:27:38,554] DEBUG hpack.hpack | Decoded (b':status', b'200'), consumed 1
[2026-06-08 11:27:38,554] DEBUG hpack.hpack | Decoded 67, consumed 1 bytes
[2026-06-08 11:27:38,555] DEBUG hpack.hpack | Decoded (b'date', b'Mon, 08 Jun 2026 16:27:38 GMT'), consumed 1
[2026-06-08 11:27:38,555] DEBUG hpack.hpack | Decoded 95, consumed 1 bytes
[2026-06-08 11:27:38,555] DEBUG hpack.hpack | Decoded (b'content-type', b'application/json; charset=utf-8'), consumed 1
[2026-06-08 11:27:38,556] DEBUG hpack.hpack | Decoded 30, consumed 1 bytes
[2026-06-08 11:27:38,556] DEBUG hpack.hpack | Decoded 4, consumed 1 bytes
[2026-06-08 11:27:38,557] DEBUG hpack.hpack | Decoded (b'content-range', b'0-9/*'), total consumed 6 bytes, indexed True
[2026-06-08 11:27:38,557] DEBUG hpack.hpack | Decoded 94, consumed 2 bytes
[2026-06-08 11:27:38,557] DEBUG hpack.hpack | Decoded 15, consumed 1 bytes
[2026-06-08 11:27:38,558] DEBUG hpack.hpack | Decoded (b'cf-ray', b'a08943dc5862e336-BOG'), total consumed 18 bytes, indexed True
[2026-06-08 11:27:38,558] DEBUG hpack.hpack | Decoded 94, consumed 1 bytes
[2026-06-08 11:27:38,559] DEBUG hpack.hpack | Decoded (b'cf-cache-status', b'DYNAMIC'), consumed 1
[2026-06-08 11:27:38,559] DEBUG hpack.hpack | Decoded 93, consumed 1 bytes
[2026-06-08 11:27:38,559] DEBUG hpack.hpack | Decoded (b'content-encoding', b'gzip'), consumed 1
[2026-06-08 11:27:38,560] DEBUG hpack.hpack | Decoded 29, consumed 1 bytes
[2026-06-08 11:27:38,560] DEBUG hpack.hpack | Decoded 19, consumed 1 bytes
[2026-06-08 11:27:38,561] DEBUG hpack.hpack | Decoded (b'content-location', b'/subjects?select=id%2Cname'), total consumed 21 bytes, indexed True
[2026-06-08 11:27:38,561] DEBUG hpack.hpack | Decoded 92, consumed 1 bytes
[2026-06-08 11:27:38,561] DEBUG hpack.hpack | Decoded (b'server', b'cloudflare'), consumed 1
[2026-06-08 11:27:38,562] DEBUG hpack.hpack | Decoded 91, consumed 1 bytes
[2026-06-08 11:27:38,563] DEBUG hpack.hpack | Decoded (b'strict-transport-security', b'max-age=31536000; includeSubDomains; preload'), consumed 1
[2026-06-08 11:27:38,563] DEBUG hpack.hpack | Decoded 90, consumed 1 bytes
[2026-06-08 11:27:38,563] DEBUG hpack.hpack | Decoded (b'vary', b'Accept-Encoding'), consumed 1
[2026-06-08 11:27:38,564] DEBUG hpack.hpack | Decoded 89, consumed 1 bytes
[2026-06-08 11:27:38,564] DEBUG hpack.hpack | Decoded (b'x-content-type-options', b'nosniff'), consumed 1
[2026-06-08 11:27:38,564] DEBUG hpack.hpack | Decoded 88, consumed 1 bytes
[2026-06-08 11:27:38,565] DEBUG hpack.hpack | Decoded (b'content-profile', b'public'), consumed 1
[2026-06-08 11:27:38,565] DEBUG hpack.hpack | Decoded 87, consumed 1 bytes
[2026-06-08 11:27:38,565] DEBUG hpack.hpack | Decoded (b'sb-gateway-version', <memory at 0x7f900606a440>), consumed 1
[2026-06-08 11:27:38,566] DEBUG hpack.hpack | Decoded 86, consumed 1 bytes
[2026-06-08 11:27:38,566] DEBUG hpack.hpack | Decoded (b'sb-project-ref', b'fpombaziyombczyfdryt'), consumed 1
[2026-06-08 11:27:38,567] DEBUG hpack.hpack | Decoded 85, consumed 2 bytes
[2026-06-08 11:27:38,567] DEBUG hpack.hpack | Decoded 25, consumed 1 bytes
[2026-06-08 11:27:38,568] DEBUG hpack.hpack | Decoded (b'sb-request-id', b'019ea80f-a5c2-7f45-adff-6e41122c47cd'), total consumed 28 bytes, indexed True
[2026-06-08 11:27:38,568] DEBUG hpack.hpack | Decoded 85, consumed 1 bytes
[2026-06-08 11:27:38,569] DEBUG hpack.hpack | Decoded (b'x-envoy-attempt-count', <memory at 0x7f900606a500>), consumed 1
[2026-06-08 11:27:38,569] DEBUG hpack.hpack | Decoded 84, consumed 2 bytes
[2026-06-08 11:27:38,569] DEBUG hpack.hpack | Decoded 1, consumed 1 bytes
[2026-06-08 11:27:38,569] DEBUG hpack.hpack | Decoded (b'x-envoy-upstream-service-time', <memory at 0x7f9005e54ac0>), total consumed 4 bytes, indexed True
[2026-06-08 11:27:38,570] DEBUG hpack.hpack | Decoded 84, consumed 1 bytes
[2026-06-08 11:27:38,570] DEBUG hpack.hpack | Decoded (b'alt-svc', b'h3=":443"; ma=86400'), consumed 1
[2026-06-08 11:27:38,571] DEBUG httpcore.http2 | receive_response_headers.complete return_value=(200, [(b'date', b'Mon, 08 Jun 2026 16:27:38 GMT'), (b'content-type', b'application/json; charset=utf-8'), (b'content-range', b'0-9/*'), (b'cf-ray', b'a08943dc5862e336-BOG'), (b'cf-cache-status', b'DYNAMIC'), (b'content-encoding', b'gzip'), (b'content-location', b'/subjects?select=id%2Cname'), (b'server', b'cloudflare'), (b'strict-transport-security', b'max-age=31536000; includeSubDomains; preload'), (b'vary', b'Accept-Encoding'), (b'x-content-type-options', b'nosniff'), (b'content-profile', b'public'), (b'sb-gateway-version', b'1'), (b'sb-project-ref', b'fpombaziyombczyfdryt'), (b'sb-request-id', b'019ea80f-a5c2-7f45-adff-6e41122c47cd'), (b'x-envoy-attempt-count', b'1'), (b'x-envoy-upstream-service-time', b'5'), (b'alt-svc', b'h3=":443"; ma=86400')])
[2026-06-08 11:27:38,573] INFO httpx | HTTP Request: GET https://fpombaziyombczyfdryt.supabase.co/rest/v1/subjects?select=id%2Cname "HTTP/2 200 OK"
[2026-06-08 11:27:38,574] DEBUG httpcore.http2 | receive_response_body.started request=<Request [b'GET']> stream_id=9
[2026-06-08 11:27:38,576] DEBUG httpcore.http2 | receive_response_body.complete
[2026-06-08 11:27:38,576] DEBUG httpcore.http2 | response_closed.started stream_id=9
[2026-06-08 11:27:38,576] DEBUG httpcore.http2 | response_closed.complete
[2026-06-08 11:27:38,583] DEBUG httpcore.http2 | send_request_headers.started request=<Request [b'GET']> stream_id=11
[2026-06-08 11:27:38,585] DEBUG hpack.hpack | Adding (b':method', b'GET') to the header table, sensitive:False, huffman:True
[2026-06-08 11:27:38,586] DEBUG hpack.hpack | Encoding 2 with 7 bits
[2026-06-08 11:27:38,586] DEBUG hpack.hpack | Adding (b':authority', b'fpombaziyombczyfdryt.supabase.co') to the header table, sensitive:False, huffman:True
[2026-06-08 11:27:38,587] DEBUG hpack.hpack | Encoding 82 with 7 bits
[2026-06-08 11:27:38,588] DEBUG hpack.hpack | Adding (b':scheme', b'https') to the header table, sensitive:False, huffman:True
[2026-06-08 11:27:38,588] DEBUG hpack.hpack | Encoding 7 with 7 bits
[2026-06-08 11:27:38,589] DEBUG hpack.hpack | Adding (b':path', b'/rest/v1/student_metadata?select=current_status%2Cmonths_in_arrears%2Cfinancial_override%2Ctotal_balance&profile_id=eq.c6d7145a-2fc1-4445-b641-dc5fbe849d53') to the header table, sensitive:False, huffman:True
[2026-06-08 11:27:38,589] DEBUG hpack.hpack | Encoding 4 with 6 bits
[2026-06-08 11:27:38,590] DEBUG hpack.hpack | Encoding 110 with 7 bits
[2026-06-08 11:27:38,591] DEBUG hpack.hpack | Adding (b'accept', b'*/*') to the header table, sensitive:False, huffman:True
[2026-06-08 11:27:38,592] DEBUG hpack.hpack | Encoding 81 with 7 bits
[2026-06-08 11:27:38,592] DEBUG hpack.hpack | Adding (b'accept-encoding', b'gzip, deflate, zstd') to the header table, sensitive:False, huffman:True
[2026-06-08 11:27:38,593] DEBUG hpack.hpack | Encoding 80 with 7 bits
[2026-06-08 11:27:38,593] DEBUG hpack.hpack | Adding (b'user-agent', b'python-httpx/0.28.1') to the header table, sensitive:False, huffman:True
[2026-06-08 11:27:38,593] DEBUG hpack.hpack | Encoding 79 with 7 bits
[2026-06-08 11:27:38,594] DEBUG hpack.hpack | Adding (b'x-client-info', b'supabase-py/2.30.1') to the header table, sensitive:False, huffman:True
[2026-06-08 11:27:38,594] DEBUG hpack.hpack | Encoding 78 with 7 bits
[2026-06-08 11:27:38,595] DEBUG hpack.hpack | Adding (b'x-supabase-client-platform', b'Linux') to the header table, sensitive:False, huffman:True
[2026-06-08 11:27:38,595] DEBUG hpack.hpack | Encoding 77 with 7 bits
[2026-06-08 11:27:38,595] DEBUG watchfiles.main | 1 change detected: {(<Change.modified: 2>, '/home/niko/Proyectos/C_sol/Vyntra/backend/nohup.out')}
[2026-06-08 11:27:38,596] DEBUG hpack.hpack | Adding (b'x-supabase-client-platform-version', b'7.0.11-1-cachyos-bore') to the header table, sensitive:False, huffman:True
[2026-06-08 11:27:38,596] DEBUG hpack.hpack | Encoding 76 with 7 bits
[2026-06-08 11:27:38,597] DEBUG hpack.hpack | Adding (b'x-supabase-client-runtime', b'python') to the header table, sensitive:False, huffman:True
[2026-06-08 11:27:38,597] DEBUG hpack.hpack | Encoding 75 with 7 bits
[2026-06-08 11:27:38,597] DEBUG hpack.hpack | Adding (b'x-supabase-client-runtime-version', b'3.14.5') to the header table, sensitive:False, huffman:True
[2026-06-08 11:27:38,598] DEBUG hpack.hpack | Encoding 74 with 7 bits
[2026-06-08 11:27:38,598] DEBUG hpack.hpack | Adding (b'apikey', b'eyJhbGciOiJIUzI1NiIsInR5cCI6IkpXVCJ9.eyJpc3MiOiJzdXBhYmFzZSIsInJlZiI6ImZwb21iYXppeW9tYmN6eWZkcnl0Iiwicm9sZSI6InNlcnZpY2Vfcm9sZSIsImlhdCI6MTc4MDA4MjM2MCwiZXhwIjoyMDk1NjU4MzYwfQ.hOA2efvOMFjcoFwfFNEoNNjIRSj-SUnsnyEGOm5wNfs') to the header table, sensitive:False, huffman:True
[2026-06-08 11:27:38,599] DEBUG hpack.hpack | Encoding 73 with 7 bits
[2026-06-08 11:27:38,599] DEBUG hpack.hpack | Adding (b'authorization', b'Bearer eyJhbGciOiJIUzI1NiIsInR5cCI6IkpXVCJ9.eyJpc3MiOiJzdXBhYmFzZSIsInJlZiI6ImZwb21iYXppeW9tYmN6eWZkcnl0Iiwicm9sZSI6InNlcnZpY2Vfcm9sZSIsImlhdCI6MTc4MDA4MjM2MCwiZXhwIjoyMDk1NjU4MzYwfQ.hOA2efvOMFjcoFwfFNEoNNjIRSj-SUnsnyEGOm5wNfs') to the header table, sensitive:True, huffman:True
[2026-06-08 11:27:38,600] DEBUG hpack.hpack | Encoding 23 with 4 bits
[2026-06-08 11:27:38,601] DEBUG hpack.hpack | Encoding 181 with 7 bits
[2026-06-08 11:27:38,602] DEBUG hpack.hpack | Adding (b'accept-profile', b'public') to the header table, sensitive:False, huffman:True
[2026-06-08 11:27:38,602] DEBUG hpack.hpack | Encoding 72 with 7 bits
[2026-06-08 11:27:38,603] DEBUG hpack.hpack | Adding (b'content-profile', b'public') to the header table, sensitive:False, huffman:True
[2026-06-08 11:27:38,603] DEBUG hpack.hpack | Encoding 71 with 7 bits
[2026-06-08 11:27:38,603] DEBUG hpack.hpack | Adding (b'cookie', b'__cf_bm=9iQ4f.i9u0y84_fThN5o8wVgOAcAuIiwuE02tFLBm.4-1780936030.7875392-1.0.1.1-c.SKKgjU0b4RFrwvzFL1HtA1iE7WbExwhNI_7ALU3omjFTwvDzF9ItGj6QCtcSistQ4I3dITncA.QxK53HqSBIBCUpeuIyyB_cen_fu8uNb8J3QzMknuxiNemJ5DdYmu') to the header table, sensitive:False, huffman:True
[2026-06-08 11:27:38,604] DEBUG hpack.hpack | Encoding 70 with 7 bits
[2026-06-08 11:27:38,604] DEBUG hpack.hpack | Encoded header block to b'\x82\xd2\x87D\xeeb\xc2\xa1,w\x0b\x08M\xb2\x16\xa4\xc5IR9\x06\x91\xff\x88-\x05"`%\xb6XZ\x93\x12\x124\xda\x85Ez\x93\xd4\x99\xd1\x11\xaa\x88vXQ\xd8\x85EzST:\x88a\xd1\x11\xfb\x96\xcb\r!U\x15\xe4\x9d#\xa2(\xc7@\xea!~+\xb0\xf2\x9a\x82\xc4i /e\xc8\xe4\x8e\x85\xa6\xc6\xb0\xa5 Vi\xa6\x9bZ7\x1a\n\xd2\x11\xb9c+\xcd?#l\xff\xd1\xd0\xcf\xce\xcd\xcc\xcb\xca\xc9\x1f\x08\xff6\xbaQ\xd8[\x14/\xac\xb3\xc7\x88\x86\xd4l\xb98{\xc8\x1d&\xc8\x8c\x95ml\x97\xb29\x93\xad\x7f\x9coe}r\xfa\xcbY\x19\xd0mF\xcb\xeeO\xcb\xb3\xf3\xa7\x0f\xbf\xdd\xd9\x11\x92\xac\xb4~\x9b#\x99)\xfd\xf1\x18\x82n\x7f\x95\xd6^O\xa7\x9d:\\//\xde\xa4\xaa\x80d7\x83\x12\x97\xd1\xfb\xbb#\x99*\xd3A*\xfd\xaf\x98\xb8\xcaJ_G\xee\xec\x88\xc9M\x13\xc9{#\x9a7\x91\xad\x17\xe1kGM\x02\xd1{\xc1\xbf\x7f\'\xf1\x93\xa1\xfdh\xbf\xd4:zpkG\xbe~%\xd8\xbc\xfa\xa1\x11e\xef\xabF\x1e\x84>\x1f\x12\xe1\xd3\x80\xfat\xf4\xc9\xb7wE\xb7p\xa9\x15z\xc1\x8bU-\xf8\xd3*?\xc8\xc7\xc6'
[2026-06-08 11:27:38,605] DEBUG httpcore.http2 | send_request_headers.complete
[2026-06-08 11:27:38,606] DEBUG httpcore.http2 | send_request_body.started request=<Request [b'GET']> stream_id=11
[2026-06-08 11:27:38,606] DEBUG httpcore.http2 | send_request_body.complete
[2026-06-08 11:27:38,607] DEBUG httpcore.http2 | receive_response_headers.started request=<Request [b'GET']> stream_id=11
[2026-06-08 11:27:38,873] DEBUG hpack.hpack | Decoding b"\x88\xc8\xe4\xc7\xd1\x7f#\x8f\x18\x1e}\xa6d+r\x8d\xf2\xb2\xcb\x8b]\xd5\x8b\xe2]\xe8a\t\xb6B\xd4\x98\xa9*G \xd2?\xf2\xbb\x0f)\xa8,F\x92\x02\xf6\\\x8eH\xe8Zlk\nR\x05f\x9ai\xb5\xa3q\xa0\xad!\x1b\x962\xbc\xd3\xf26\xcf\xc2\x0bAH\x98\tm\x96\x16\xa4\xc4\x84\x8d6\xa1Q^\xa4\xf5&tDj\xa2\x1d\x96\x14v!Q^\x94\xd5\x0e\xa2\x18tD~\xe5\xb2\xc3HUEy'H\xe8\x8a1\xd0:\x88_\xe0\xdf\xdd\xdc\xdb\xda\x7f\x1a\x99\x00_(\xde\x04\xab\r\xd0\x01gE\x18\xd6\x18\xc6\xe2\xcd\x8eW\xa3x\x11\xb2\xe8\x05\xd9\x7f\x19\x014\xd8"
[2026-06-08 11:27:38,874] DEBUG hpack.hpack | Decoded 8, consumed 1 bytes
[2026-06-08 11:27:38,874] DEBUG hpack.hpack | Decoded (b':status', b'200'), consumed 1
[2026-06-08 11:27:38,874] DEBUG hpack.hpack | Decoded 72, consumed 1 bytes
[2026-06-08 11:27:38,875] DEBUG hpack.hpack | Decoded (b'date', b'Mon, 08 Jun 2026 16:27:38 GMT'), consumed 1
[2026-06-08 11:27:38,875] DEBUG hpack.hpack | Decoded 100, consumed 1 bytes
[2026-06-08 11:27:38,875] DEBUG hpack.hpack | Decoded (b'content-type', b'application/json; charset=utf-8'), consumed 1
[2026-06-08 11:27:38,875] DEBUG hpack.hpack | Decoded 71, consumed 1 bytes
[2026-06-08 11:27:38,876] DEBUG hpack.hpack | Decoded (b'content-length', <memory at 0x7f9005e547c0>), consumed 1
[2026-06-08 11:27:38,876] DEBUG hpack.hpack | Decoded 81, consumed 1 bytes
[2026-06-08 11:27:38,876] DEBUG hpack.hpack | Decoded (b'content-range', <memory at 0x7f900606ba00>), consumed 1
[2026-06-08 11:27:38,876] DEBUG hpack.hpack | Decoded 98, consumed 2 bytes
[2026-06-08 11:27:38,877] DEBUG hpack.hpack | Decoded 15, consumed 1 bytes
[2026-06-08 11:27:38,877] DEBUG hpack.hpack | Decoded (b'cf-ray', b'a08943de5fa9e336-BOG'), total consumed 18 bytes, indexed True
[2026-06-08 11:27:38,878] DEBUG hpack.hpack | Decoded 98, consumed 1 bytes
[2026-06-08 11:27:38,878] DEBUG hpack.hpack | Decoded (b'cf-cache-status', b'DYNAMIC'), consumed 1
[2026-06-08 11:27:38,878] DEBUG hpack.hpack | Decoded 29, consumed 1 bytes
[2026-06-08 11:27:38,879] DEBUG hpack.hpack | Decoded 104, consumed 1 bytes
[2026-06-08 11:27:38,879] DEBUG hpack.hpack | Decoded (b'content-location', b'/student_metadata?profile_id=eq.c6d7145a-2fc1-4445-b641-dc5fbe849d53&select=current_status%2Cmonths_in_arrears%2Cfinancial_override%2Ctotal_balance'), total consumed 106 bytes, indexed True
[2026-06-08 11:27:38,879] DEBUG hpack.hpack | Decoded 96, consumed 1 bytes
[2026-06-08 11:27:38,880] DEBUG hpack.hpack | Decoded (b'server', b'cloudflare'), consumed 1
[2026-06-08 11:27:38,880] DEBUG hpack.hpack | Decoded 95, consumed 1 bytes
[2026-06-08 11:27:38,880] DEBUG hpack.hpack | Decoded (b'strict-transport-security', b'max-age=31536000; includeSubDomains; preload'), consumed 1
[2026-06-08 11:27:38,881] DEBUG hpack.hpack | Decoded 93, consumed 1 bytes
[2026-06-08 11:27:38,881] DEBUG hpack.hpack | Decoded (b'x-content-type-options', b'nosniff'), consumed 1
[2026-06-08 11:27:38,881] DEBUG hpack.hpack | Decoded 92, consumed 1 bytes
[2026-06-08 11:27:38,882] DEBUG hpack.hpack | Decoded (b'content-profile', b'public'), consumed 1
[2026-06-08 11:27:38,882] DEBUG hpack.hpack | Decoded 91, consumed 1 bytes
[2026-06-08 11:27:38,882] DEBUG hpack.hpack | Decoded (b'sb-gateway-version', <memory at 0x7f900606a440>), consumed 1
[2026-06-08 11:27:38,883] DEBUG hpack.hpack | Decoded 90, consumed 1 bytes
[2026-06-08 11:27:38,883] DEBUG hpack.hpack | Decoded (b'sb-project-ref', b'fpombaziyombczyfdryt'), consumed 1
[2026-06-08 11:27:38,884] DEBUG hpack.hpack | Decoded 89, consumed 2 bytes
[2026-06-08 11:27:38,884] DEBUG hpack.hpack | Decoded 25, consumed 1 bytes
[2026-06-08 11:27:38,885] DEBUG hpack.hpack | Decoded (b'sb-request-id', b'019ea80f-a700-72ba-aaa6-5af8b80b3702'), total consumed 28 bytes, indexed True
[2026-06-08 11:27:38,885] DEBUG hpack.hpack | Decoded 89, consumed 1 bytes
[2026-06-08 11:27:38,885] DEBUG hpack.hpack | Decoded (b'x-envoy-attempt-count', <memory at 0x7f900606a500>), consumed 1
[2026-06-08 11:27:38,886] DEBUG hpack.hpack | Decoded 88, consumed 2 bytes
[2026-06-08 11:27:38,886] DEBUG hpack.hpack | Decoded 1, consumed 1 bytes
[2026-06-08 11:27:38,887] DEBUG hpack.hpack | Decoded (b'x-envoy-upstream-service-time', <memory at 0x7f9005e54dc0>), total consumed 4 bytes, indexed True
[2026-06-08 11:27:38,887] DEBUG hpack.hpack | Decoded 88, consumed 1 bytes
[2026-06-08 11:27:38,887] DEBUG hpack.hpack | Decoded (b'alt-svc', b'h3=":443"; ma=86400'), consumed 1
[2026-06-08 11:27:38,889] DEBUG httpcore.http2 | receive_response_headers.complete return_value=(200, [(b'date', b'Mon, 08 Jun 2026 16:27:38 GMT'), (b'content-type', b'application/json; charset=utf-8'), (b'content-length', b'2'), (b'content-range', b'*/*'), (b'cf-ray', b'a08943de5fa9e336-BOG'), (b'cf-cache-status', b'DYNAMIC'), (b'content-location', b'/student_metadata?profile_id=eq.c6d7145a-2fc1-4445-b641-dc5fbe849d53&select=current_status%2Cmonths_in_arrears%2Cfinancial_override%2Ctotal_balance'), (b'server', b'cloudflare'), (b'strict-transport-security', b'max-age=31536000; includeSubDomains; preload'), (b'x-content-type-options', b'nosniff'), (b'content-profile', b'public'), (b'sb-gateway-version', b'1'), (b'sb-project-ref', b'fpombaziyombczyfdryt'), (b'sb-request-id', b'019ea80f-a700-72ba-aaa6-5af8b80b3702'), (b'x-envoy-attempt-count', b'1'), (b'x-envoy-upstream-service-time', b'4'), (b'alt-svc', b'h3=":443"; ma=86400')])
[2026-06-08 11:27:38,891] INFO httpx | HTTP Request: GET https://fpombaziyombczyfdryt.supabase.co/rest/v1/student_metadata?select=current_status%2Cmonths_in_arrears%2Cfinancial_override%2Ctotal_balance&profile_id=eq.c6d7145a-2fc1-4445-b641-dc5fbe849d53 "HTTP/2 200 OK"
[2026-06-08 11:27:38,892] DEBUG httpcore.http2 | receive_response_body.started request=<Request [b'GET']> stream_id=11
[2026-06-08 11:27:38,894] DEBUG httpcore.http2 | receive_response_body.complete
[2026-06-08 11:27:38,894] DEBUG httpcore.http2 | response_closed.started stream_id=11
[2026-06-08 11:27:38,895] DEBUG httpcore.http2 | response_closed.complete
[2026-06-08 11:27:38,895] DEBUG siee.ai_agent | user context for student (c6d7145a): 30 chars
[2026-06-08 11:27:38,901] DEBUG httpcore.http2 | send_request_headers.started request=<Request [b'GET']> stream_id=13
[2026-06-08 11:27:38,903] DEBUG hpack.hpack | Adding (b':method', b'GET') to the header table, sensitive:False, huffman:True
[2026-06-08 11:27:38,903] DEBUG hpack.hpack | Encoding 2 with 7 bits
[2026-06-08 11:27:38,904] DEBUG hpack.hpack | Adding (b':authority', b'fpombaziyombczyfdryt.supabase.co') to the header table, sensitive:False, huffman:True
[2026-06-08 11:27:38,905] DEBUG hpack.hpack | Encoding 83 with 7 bits
[2026-06-08 11:27:38,905] DEBUG hpack.hpack | Adding (b':scheme', b'https') to the header table, sensitive:False, huffman:True
[2026-06-08 11:27:38,905] DEBUG hpack.hpack | Encoding 7 with 7 bits
[2026-06-08 11:27:38,906] DEBUG hpack.hpack | Adding (b':path', b'/rest/v1/conversations?select=messages&user_id=eq.c6d7145a-2fc1-4445-b641-dc5fbe849d53&role=eq.student&order=created_at.desc&limit=1') to the header table, sensitive:False, huffman:True
[2026-06-08 11:27:38,906] DEBUG hpack.hpack | Encoding 4 with 6 bits
[2026-06-08 11:27:38,907] DEBUG hpack.hpack | Encoding 94 with 7 bits
[2026-06-08 11:27:38,908] DEBUG hpack.hpack | Adding (b'accept', b'*/*') to the header table, sensitive:False, huffman:True
[2026-06-08 11:27:38,908] DEBUG hpack.hpack | Encoding 82 with 7 bits
[2026-06-08 11:27:38,909] DEBUG hpack.hpack | Adding (b'accept-encoding', b'gzip, deflate, zstd') to the header table, sensitive:False, huffman:True
[2026-06-08 11:27:38,909] DEBUG hpack.hpack | Encoding 81 with 7 bits
[2026-06-08 11:27:38,910] DEBUG hpack.hpack | Adding (b'user-agent', b'python-httpx/0.28.1') to the header table, sensitive:False, huffman:True
[2026-06-08 11:27:38,910] DEBUG hpack.hpack | Encoding 80 with 7 bits
[2026-06-08 11:27:38,910] DEBUG hpack.hpack | Adding (b'x-client-info', b'supabase-py/2.30.1') to the header table, sensitive:False, huffman:True
[2026-06-08 11:27:38,911] DEBUG hpack.hpack | Encoding 79 with 7 bits
[2026-06-08 11:27:38,911] DEBUG hpack.hpack | Adding (b'x-supabase-client-platform', b'Linux') to the header table, sensitive:False, huffman:True
[2026-06-08 11:27:38,912] DEBUG hpack.hpack | Encoding 78 with 7 bits
[2026-06-08 11:27:38,912] DEBUG hpack.hpack | Adding (b'x-supabase-client-platform-version', b'7.0.11-1-cachyos-bore') to the header table, sensitive:False, huffman:True
[2026-06-08 11:27:38,913] DEBUG hpack.hpack | Encoding 77 with 7 bits
[2026-06-08 11:27:38,913] DEBUG hpack.hpack | Adding (b'x-supabase-client-runtime', b'python') to the header table, sensitive:False, huffman:True
[2026-06-08 11:27:38,913] DEBUG hpack.hpack | Encoding 76 with 7 bits
[2026-06-08 11:27:38,914] DEBUG hpack.hpack | Adding (b'x-supabase-client-runtime-version', b'3.14.5') to the header table, sensitive:False, huffman:True
[2026-06-08 11:27:38,915] DEBUG hpack.hpack | Encoding 75 with 7 bits
[2026-06-08 11:27:38,915] DEBUG hpack.hpack | Adding (b'apikey', b'eyJhbGciOiJIUzI1NiIsInR5cCI6IkpXVCJ9.eyJpc3MiOiJzdXBhYmFzZSIsInJlZiI6ImZwb21iYXppeW9tYmN6eWZkcnl0Iiwicm9sZSI6InNlcnZpY2Vfcm9sZSIsImlhdCI6MTc4MDA4MjM2MCwiZXhwIjoyMDk1NjU4MzYwfQ.hOA2efvOMFjcoFwfFNEoNNjIRSj-SUnsnyEGOm5wNfs') to the header table, sensitive:False, huffman:True
[2026-06-08 11:27:38,916] DEBUG hpack.hpack | Encoding 74 with 7 bits
[2026-06-08 11:27:38,916] DEBUG hpack.hpack | Adding (b'authorization', b'Bearer eyJhbGciOiJIUzI1NiIsInR5cCI6IkpXVCJ9.eyJpc3MiOiJzdXBhYmFzZSIsInJlZiI6ImZwb21iYXppeW9tYmN6eWZkcnl0Iiwicm9sZSI6InNlcnZpY2Vfcm9sZSIsImlhdCI6MTc4MDA4MjM2MCwiZXhwIjoyMDk1NjU4MzYwfQ.hOA2efvOMFjcoFwfFNEoNNjIRSj-SUnsnyEGOm5wNfs') to the header table, sensitive:True, huffman:True
[2026-06-08 11:27:38,917] DEBUG hpack.hpack | Encoding 23 with 4 bits
[2026-06-08 11:27:38,918] DEBUG hpack.hpack | Encoding 181 with 7 bits
[2026-06-08 11:27:38,919] DEBUG hpack.hpack | Adding (b'accept-profile', b'public') to the header table, sensitive:False, huffman:True
[2026-06-08 11:27:38,919] DEBUG hpack.hpack | Encoding 73 with 7 bits
[2026-06-08 11:27:38,920] DEBUG hpack.hpack | Adding (b'content-profile', b'public') to the header table, sensitive:False, huffman:True
[2026-06-08 11:27:38,920] DEBUG hpack.hpack | Encoding 72 with 7 bits
[2026-06-08 11:27:38,920] DEBUG hpack.hpack | Adding (b'cookie', b'__cf_bm=9iQ4f.i9u0y84_fThN5o8wVgOAcAuIiwuE02tFLBm.4-1780936030.7875392-1.0.1.1-c.SKKgjU0b4RFrwvzFL1HtA1iE7WbExwhNI_7ALU3omjFTwvDzF9ItGj6QCtcSistQ4I3dITncA.QxK53HqSBIBCUpeuIyyB_cen_fu8uNb8J3QzMknuxiNemJ5DdYmu') to the header table, sensitive:False, huffman:True
[2026-06-08 11:27:38,921] DEBUG hpack.hpack | Encoding 71 with 7 bits
[2026-06-08 11:27:38,921] DEBUG hpack.hpack | Encoded header block to b'\x82\xd3\x87D\xdeb\xc2\xa1,w\x0b\x04=]\xcbb\x06\x93\x1e\xa4\x7f\x88-\x05"`\xa4\xa8@\xe6*>-Al\x88\xd2@^\xcb\x91\xc9\x1d\x0bM\x8daJ@\xac\xd3M6\xb4n4\x15\xa4#r\xc6W\x9a~F\xd9\xf8\xb0\xf4\x16\x02\xf6]\t\xb6B\xd4\x9f\x83\xd9!l\x80\x96\x14i,\x91\r+\xc8T\x13\xe2\x83Rd\xc0\x1f\xd2\xd1\xd0\xcf\xce\xcd\xcc\xcb\xca\x1f\x08\xff6\xbaQ\xd8[\x14/\xac\xb3\xc7\x88\x86\xd4l\xb98{\xc8\x1d&\xc8\x8c\x95ml\x97\xb29\x93\xad\x7f\x9coe}r\xfa\xcbY\x19\xd0mF\xcb\xeeO\xcb\xb3\xf3\xa7\x0f\xbf\xdd\xd9\x11\x92\xac\xb4~\x9b#\x99)\xfd\xf1\x18\x82n\x7f\x95\xd6^O\xa7\x9d:\\//\xde\xa4\xaa\x80d7\x83\x12\x97\xd1\xfb\xbb#\x99*\xd3A*\xfd\xaf\x98\xb8\xcaJ_G\xee\xec\x88\xc9M\x13\xc9{#\x9a7\x91\xad\x17\xe1kGM\x02\xd1{\xc1\xbf\x7f\'\xf1\x93\xa1\xfdh\xbf\xd4:zpkG\xbe~%\xd8\xbc\xfa\xa1\x11e\xef\xabF\x1e\x84>\x1f\x12\xe1\xd3\x80\xfat\xf4\xc9\xb7wE\xb7p\xa9\x15z\xc1\x8bU-\xf8\xd3*?\xc9\xc8\xc7'
[2026-06-08 11:27:38,922] DEBUG httpcore.http2 | send_request_headers.complete
[2026-06-08 11:27:38,923] DEBUG httpcore.http2 | send_request_body.started request=<Request [b'GET']> stream_id=13
[2026-06-08 11:27:38,923] DEBUG httpcore.http2 | send_request_body.complete
[2026-06-08 11:27:38,923] DEBUG httpcore.http2 | receive_response_headers.started request=<Request [b'GET']> stream_id=13
[2026-06-08 11:27:38,947] DEBUG watchfiles.main | 1 change detected: {(<Change.modified: 2>, '/home/niko/Proyectos/C_sol/Vyntra/backend/nohup.out')}
[2026-06-08 11:27:39,193] DEBUG hpack.hpack | Decoding b"\x88a\x96\xd0z\xbe\x94\x03\xcae\xb6\xa5\x04\x018\xa0\\\xb8'n2\xfa\x98\xb4o\xe9\xcc\xd6\x7f(\x8f\x18\x1e}\xa6J\x06\xe5dEe\x97\x16\xbb\xab\x17\xe7]\xd8`\x87\xab\xb9l@\xd2c\xd4\x8f\xf2\x83Rd\xc0\x1f\x83\xd9!l\x80\x96\x14i,\x91\r+\xc8T\x13\xe2\xc3\xd0X\x0b\xd9t&\xd9\x0bR~\x10Z\nD\xc1IP\x81\xccT|Z\x82\xd9\x11\xa4\x80\xbd\x97#\x92:\x16\x9b\x1a\xc2\x94\x81Y\xa6\x9amh\xdch+HF\xe5\x8c\xaf4\xfc\x8d\xb3\xe5\xe4\xe2\xe1\xe0\xdf\x7f\x1f\x9a\x00_(\xde\x04\xab\r\xe6\x80\xb3\xac\xbc\xf2\xc3u\xb9V}\xc9\nA\xbd#!\x10\x7f\xde\x7f\x1e\x012\xdd"
[2026-06-08 11:27:39,194] DEBUG hpack.hpack | Decoded 8, consumed 1 bytes
[2026-06-08 11:27:39,194] DEBUG hpack.hpack | Decoded (b':status', b'200'), consumed 1
[2026-06-08 11:27:39,195] DEBUG hpack.hpack | Decoded 33, consumed 1 bytes
[2026-06-08 11:27:39,195] DEBUG hpack.hpack | Decoded 22, consumed 1 bytes
[2026-06-08 11:27:39,195] DEBUG hpack.hpack | Decoded (b'date', b'Mon, 08 Jun 2026 16:27:39 GMT'), total consumed 24 bytes, indexed True
[2026-06-08 11:27:39,196] DEBUG hpack.hpack | Decoded 105, consumed 1 bytes
[2026-06-08 11:27:39,196] DEBUG hpack.hpack | Decoded (b'content-type', b'application/json; charset=utf-8'), consumed 1
[2026-06-08 11:27:39,196] DEBUG hpack.hpack | Decoded 76, consumed 1 bytes
[2026-06-08 11:27:39,196] DEBUG hpack.hpack | Decoded (b'content-length', <memory at 0x7f9005e547c0>), consumed 1
[2026-06-08 11:27:39,197] DEBUG hpack.hpack | Decoded 86, consumed 1 bytes
[2026-06-08 11:27:39,197] DEBUG hpack.hpack | Decoded (b'content-range', <memory at 0x7f900606ba00>), consumed 1
[2026-06-08 11:27:39,197] DEBUG hpack.hpack | Decoded 103, consumed 2 bytes
[2026-06-08 11:27:39,198] DEBUG hpack.hpack | Decoded 15, consumed 1 bytes
[2026-06-08 11:27:39,198] DEBUG hpack.hpack | Decoded (b'cf-ray', b'a08943e05f32e336-BOG'), total consumed 18 bytes, indexed True
[2026-06-08 11:27:39,198] DEBUG hpack.hpack | Decoded 103, consumed 1 bytes
[2026-06-08 11:27:39,198] DEBUG hpack.hpack | Decoded (b'cf-cache-status', b'DYNAMIC'), consumed 1
[2026-06-08 11:27:39,199] DEBUG hpack.hpack | Decoded 29, consumed 1 bytes
[2026-06-08 11:27:39,199] DEBUG hpack.hpack | Decoded 88, consumed 1 bytes
[2026-06-08 11:27:39,200] DEBUG hpack.hpack | Decoded (b'content-location', b'/conversations?limit=1&order=created_at.desc&role=eq.student&select=messages&user_id=eq.c6d7145a-2fc1-4445-b641-dc5fbe849d53'), total consumed 90 bytes, indexed True
[2026-06-08 11:27:39,200] DEBUG hpack.hpack | Decoded 101, consumed 1 bytes
[2026-06-08 11:27:39,200] DEBUG hpack.hpack | Decoded (b'server', b'cloudflare'), consumed 1
[2026-06-08 11:27:39,201] DEBUG hpack.hpack | Decoded 100, consumed 1 bytes
[2026-06-08 11:27:39,201] DEBUG hpack.hpack | Decoded (b'strict-transport-security', b'max-age=31536000; includeSubDomains; preload'), consumed 1
[2026-06-08 11:27:39,202] DEBUG hpack.hpack | Decoded 98, consumed 1 bytes
[2026-06-08 11:27:39,203] DEBUG hpack.hpack | Decoded (b'x-content-type-options', b'nosniff'), consumed 1
[2026-06-08 11:27:39,203] DEBUG hpack.hpack | Decoded 97, consumed 1 bytes
[2026-06-08 11:27:39,204] DEBUG hpack.hpack | Decoded (b'content-profile', b'public'), consumed 1
[2026-06-08 11:27:39,204] DEBUG hpack.hpack | Decoded 96, consumed 1 bytes
[2026-06-08 11:27:39,204] DEBUG hpack.hpack | Decoded (b'sb-gateway-version', <memory at 0x7f900606a440>), consumed 1
[2026-06-08 11:27:39,205] DEBUG hpack.hpack | Decoded 95, consumed 1 bytes
[2026-06-08 11:27:39,205] DEBUG hpack.hpack | Decoded (b'sb-project-ref', b'fpombaziyombczyfdryt'), consumed 1
[2026-06-08 11:27:39,206] DEBUG hpack.hpack | Decoded 94, consumed 2 bytes
[2026-06-08 11:27:39,206] DEBUG hpack.hpack | Decoded 26, consumed 1 bytes
[2026-06-08 11:27:39,206] DEBUG hpack.hpack | Decoded (b'sb-request-id', b'019ea80f-a840-7388-a75f-96deca8d3121'), total consumed 29 bytes, indexed True
[2026-06-08 11:27:39,206] DEBUG hpack.hpack | Decoded 94, consumed 1 bytes
[2026-06-08 11:27:39,207] DEBUG hpack.hpack | Decoded (b'x-envoy-attempt-count', <memory at 0x7f900606a500>), consumed 1
[2026-06-08 11:27:39,207] DEBUG hpack.hpack | Decoded 93, consumed 2 bytes
[2026-06-08 11:27:39,207] DEBUG hpack.hpack | Decoded 1, consumed 1 bytes
[2026-06-08 11:27:39,208] DEBUG hpack.hpack | Decoded (b'x-envoy-upstream-service-time', <memory at 0x7f9005e54c40>), total consumed 4 bytes, indexed True
[2026-06-08 11:27:39,208] DEBUG hpack.hpack | Decoded 93, consumed 1 bytes
[2026-06-08 11:27:39,208] DEBUG hpack.hpack | Decoded (b'alt-svc', b'h3=":443"; ma=86400'), consumed 1
[2026-06-08 11:27:39,209] DEBUG httpcore.http2 | receive_response_headers.complete return_value=(200, [(b'date', b'Mon, 08 Jun 2026 16:27:39 GMT'), (b'content-type', b'application/json; charset=utf-8'), (b'content-length', b'2'), (b'content-range', b'*/*'), (b'cf-ray', b'a08943e05f32e336-BOG'), (b'cf-cache-status', b'DYNAMIC'), (b'content-location', b'/conversations?limit=1&order=created_at.desc&role=eq.student&select=messages&user_id=eq.c6d7145a-2fc1-4445-b641-dc5fbe849d53'), (b'server', b'cloudflare'), (b'strict-transport-security', b'max-age=31536000; includeSubDomains; preload'), (b'x-content-type-options', b'nosniff'), (b'content-profile', b'public'), (b'sb-gateway-version', b'1'), (b'sb-project-ref', b'fpombaziyombczyfdryt'), (b'sb-request-id', b'019ea80f-a840-7388-a75f-96deca8d3121'), (b'x-envoy-attempt-count', b'1'), (b'x-envoy-upstream-service-time', b'2'), (b'alt-svc', b'h3=":443"; ma=86400')])
[2026-06-08 11:27:39,211] INFO httpx | HTTP Request: GET https://fpombaziyombczyfdryt.supabase.co/rest/v1/conversations?select=messages&user_id=eq.c6d7145a-2fc1-4445-b641-dc5fbe849d53&role=eq.student&order=created_at.desc&limit=1 "HTTP/2 200 OK"
[2026-06-08 11:27:39,212] DEBUG httpcore.http2 | receive_response_body.started request=<Request [b'GET']> stream_id=13
[2026-06-08 11:27:39,213] DEBUG httpcore.http2 | receive_response_body.complete
[2026-06-08 11:27:39,214] DEBUG httpcore.http2 | response_closed.started stream_id=13
[2026-06-08 11:27:39,215] DEBUG httpcore.http2 | response_closed.complete
[2026-06-08 11:27:39,297] DEBUG httpcore.connection | connect_tcp.started host='openrouter.ai' port=443 local_address=None timeout=45 socket_options=None
[2026-06-08 11:27:39,299] DEBUG watchfiles.main | 1 change detected: {(<Change.modified: 2>, '/home/niko/Proyectos/C_sol/Vyntra/backend/nohup.out')}
[2026-06-08 11:27:39,473] DEBUG httpcore.connection | connect_tcp.complete return_value=<httpcore._backends.anyio.AnyIOStream object at 0x7f90060156a0>
[2026-06-08 11:27:39,474] DEBUG httpcore.connection | start_tls.started ssl_context=<ssl.SSLContext object at 0x7f900631e8f0> server_hostname='openrouter.ai' timeout=45
[2026-06-08 11:27:39,556] DEBUG httpcore.connection | start_tls.complete return_value=<httpcore._backends.anyio.AnyIOStream object at 0x7f900600b110>
[2026-06-08 11:27:39,557] DEBUG httpcore.http11 | send_request_headers.started request=<Request [b'POST']>
[2026-06-08 11:27:39,559] DEBUG httpcore.http11 | send_request_headers.complete
[2026-06-08 11:27:39,560] DEBUG httpcore.http11 | send_request_body.started request=<Request [b'POST']>
[2026-06-08 11:27:39,561] DEBUG httpcore.http11 | send_request_body.complete
[2026-06-08 11:27:39,562] DEBUG httpcore.http11 | receive_response_headers.started request=<Request [b'POST']>
[2026-06-08 11:27:39,651] DEBUG watchfiles.main | 1 change detected: {(<Change.modified: 2>, '/home/niko/Proyectos/C_sol/Vyntra/backend/nohup.out')}
[2026-06-08 11:27:40,003] DEBUG watchfiles.main | 1 change detected: {(<Change.modified: 2>, '/home/niko/Proyectos/C_sol/Vyntra/backend/nohup.out')}
[2026-06-08 11:27:40,202] DEBUG httpcore.http11 | receive_response_headers.complete return_value=(b'HTTP/1.1', 200, b'OK', [(b'Date', b'Mon, 08 Jun 2026 16:27:40 GMT'), (b'Content-Type', b'text/event-stream'), (b'Transfer-Encoding', b'chunked'), (b'Connection', b'keep-alive'), (b'Access-Control-Allow-Origin', b'*'), (b'Cache-Control', b'no-cache'), (b'X-Generation-Id', b'gen-1780936059-ZcRNsQyauWDqeL0Pkw21'), (b'access-control-expose-headers', b'X-Generation-Id,cf-ray'), (b'Permissions-Policy', b'payment=(self "https://checkout.stripe.com" "https://connect-js.stripe.com" "https://js.stripe.com" "https://*.js.stripe.com" "https://hooks.stripe.com")'), (b'Referrer-Policy', b'no-referrer, strict-origin-when-cross-origin'), (b'X-Content-Type-Options', b'nosniff'), (b'Server', b'cloudflare'), (b'CF-RAY', b'a08943e45cf0aece-BOG')])
[2026-06-08 11:27:40,205] INFO httpx | HTTP Request: POST https://openrouter.ai/api/v1/chat/completions "HTTP/1.1 200 OK"
[2026-06-08 11:27:40,208] DEBUG httpcore.http11 | receive_response_body.started request=<Request [b'POST']>
[2026-06-08 11:27:40,355] DEBUG watchfiles.main | 1 change detected: {(<Change.modified: 2>, '/home/niko/Proyectos/C_sol/Vyntra/backend/nohup.out')}
[2026-06-08 11:27:40,707] DEBUG watchfiles.main | 1 change detected: {(<Change.modified: 2>, '/home/niko/Proyectos/C_sol/Vyntra/backend/nohup.out')}
[2026-06-08 11:27:41,059] DEBUG watchfiles.main | 1 change detected: {(<Change.modified: 2>, '/home/niko/Proyectos/C_sol/Vyntra/backend/nohup.out')}
INFO:     127.0.0.1:57502 - "POST /api/ai/student-tutor HTTP/1.1" 200 OK
[2026-06-08 11:27:41,411] DEBUG watchfiles.main | 1 change detected: {(<Change.modified: 2>, '/home/niko/Proyectos/C_sol/Vyntra/backend/nohup.out')}
[2026-06-08 11:27:41,560] DEBUG httpcore.http11 | receive_response_body.failed exception=CancelledError("Cancelled via cancel scope 7f9005e550d0 by <Task pending name='starlette.middleware.base.BaseHTTPMiddleware.__call__.<locals>.call_next.<locals>.coro' coro=<BaseHTTPMiddleware.__call__.<locals>.call_next.<locals>.coro() running at /home/niko/.local/lib/python3.14/site-packages/starlette/middleware/base.py:144> cb=[TaskGroup._spawn.<locals>.task_done() at /home/niko/.local/lib/python3.14/site-packages/anyio/_backends/_asyncio.py:821]>")
[2026-06-08 11:27:41,561] DEBUG httpcore.http11 | response_closed.started
[2026-06-08 11:27:41,562] DEBUG httpcore.http11 | response_closed.complete
[2026-06-08 11:27:41,763] DEBUG watchfiles.main | 1 change detected: {(<Change.modified: 2>, '/home/niko/Proyectos/C_sol/Vyntra/backend/nohup.out')}
[2026-06-08 11:27:42,115] DEBUG watchfiles.main | 1 change detected: {(<Change.modified: 2>, '/home/niko/Proyectos/C_sol/Vyntra/backend/nohup.out')}
[2026-06-08 11:27:42,467] DEBUG watchfiles.main | 1 change detected: {(<Change.modified: 2>, '/home/niko/Proyectos/C_sol/Vyntra/backend/nohup.out')}
[2026-06-08 11:27:42,819] DEBUG watchfiles.main | 1 change detected: {(<Change.modified: 2>, '/home/niko/Proyectos/C_sol/Vyntra/backend/nohup.out')}
[2026-06-08 11:27:43,171] DEBUG watchfiles.main | 1 change detected: {(<Change.modified: 2>, '/home/niko/Proyectos/C_sol/Vyntra/backend/nohup.out')}
[2026-06-08 11:27:43,524] DEBUG watchfiles.main | 1 change detected: {(<Change.modified: 2>, '/home/niko/Proyectos/C_sol/Vyntra/backend/nohup.out')}
[2026-06-08 11:27:43,876] DEBUG watchfiles.main | 1 change detected: {(<Change.modified: 2>, '/home/niko/Proyectos/C_sol/Vyntra/backend/nohup.out')}
[2026-06-08 11:27:44,228] DEBUG watchfiles.main | 1 change detected: {(<Change.modified: 2>, '/home/niko/Proyectos/C_sol/Vyntra/backend/nohup.out')}
[2026-06-08 11:27:44,581] DEBUG watchfiles.main | 1 change detected: {(<Change.modified: 2>, '/home/niko/Proyectos/C_sol/Vyntra/backend/nohup.out')}
[2026-06-08 11:27:44,933] DEBUG watchfiles.main | 1 change detected: {(<Change.modified: 2>, '/home/niko/Proyectos/C_sol/Vyntra/backend/nohup.out')}
[2026-06-08 11:27:45,285] DEBUG watchfiles.main | 1 change detected: {(<Change.modified: 2>, '/home/niko/Proyectos/C_sol/Vyntra/backend/nohup.out')}
[2026-06-08 11:27:45,636] DEBUG watchfiles.main | 1 change detected: {(<Change.modified: 2>, '/home/niko/Proyectos/C_sol/Vyntra/backend/nohup.out')}
[2026-06-08 11:27:45,990] DEBUG watchfiles.main | 1 change detected: {(<Change.modified: 2>, '/home/niko/Proyectos/C_sol/Vyntra/backend/nohup.out')}
[2026-06-08 11:27:46,342] DEBUG watchfiles.main | 1 change detected: {(<Change.modified: 2>, '/home/niko/Proyectos/C_sol/Vyntra/backend/nohup.out')}
[2026-06-08 11:27:46,695] DEBUG watchfiles.main | 1 change detected: {(<Change.modified: 2>, '/home/niko/Proyectos/C_sol/Vyntra/backend/nohup.out')}
[2026-06-08 11:27:47,048] DEBUG watchfiles.main | 1 change detected: {(<Change.modified: 2>, '/home/niko/Proyectos/C_sol/Vyntra/backend/nohup.out')}
[2026-06-08 11:27:47,400] DEBUG watchfiles.main | 1 change detected: {(<Change.modified: 2>, '/home/niko/Proyectos/C_sol/Vyntra/backend/nohup.out')}
[2026-06-08 11:27:47,752] DEBUG watchfiles.main | 1 change detected: {(<Change.modified: 2>, '/home/niko/Proyectos/C_sol/Vyntra/backend/nohup.out')}
[2026-06-08 11:27:48,104] DEBUG watchfiles.main | 1 change detected: {(<Change.modified: 2>, '/home/niko/Proyectos/C_sol/Vyntra/backend/nohup.out')}
[2026-06-08 11:27:48,456] DEBUG watchfiles.main | 1 change detected: {(<Change.modified: 2>, '/home/niko/Proyectos/C_sol/Vyntra/backend/nohup.out')}
[2026-06-08 11:27:48,808] DEBUG watchfiles.main | 1 change detected: {(<Change.modified: 2>, '/home/niko/Proyectos/C_sol/Vyntra/backend/nohup.out')}
[2026-06-08 11:27:49,159] DEBUG watchfiles.main | 1 change detected: {(<Change.modified: 2>, '/home/niko/Proyectos/C_sol/Vyntra/backend/nohup.out')}
[2026-06-08 11:27:49,511] DEBUG watchfiles.main | 1 change detected: {(<Change.modified: 2>, '/home/niko/Proyectos/C_sol/Vyntra/backend/nohup.out')}
[2026-06-08 11:27:49,865] DEBUG watchfiles.main | 1 change detected: {(<Change.modified: 2>, '/home/niko/Proyectos/C_sol/Vyntra/backend/nohup.out')}
[2026-06-08 11:27:50,218] DEBUG watchfiles.main | 1 change detected: {(<Change.modified: 2>, '/home/niko/Proyectos/C_sol/Vyntra/backend/nohup.out')}
[2026-06-08 11:27:50,570] DEBUG watchfiles.main | 1 change detected: {(<Change.modified: 2>, '/home/niko/Proyectos/C_sol/Vyntra/backend/nohup.out')}
[2026-06-08 11:27:50,923] DEBUG watchfiles.main | 1 change detected: {(<Change.modified: 2>, '/home/niko/Proyectos/C_sol/Vyntra/backend/nohup.out')}
[2026-06-08 11:27:51,277] DEBUG watchfiles.main | 1 change detected: {(<Change.modified: 2>, '/home/niko/Proyectos/C_sol/Vyntra/backend/nohup.out')}
[2026-06-08 11:27:51,631] DEBUG watchfiles.main | 1 change detected: {(<Change.modified: 2>, '/home/niko/Proyectos/C_sol/Vyntra/backend/nohup.out')}
[2026-06-08 11:27:51,984] DEBUG watchfiles.main | 1 change detected: {(<Change.modified: 2>, '/home/niko/Proyectos/C_sol/Vyntra/backend/nohup.out')}
[2026-06-08 11:27:52,336] DEBUG watchfiles.main | 1 change detected: {(<Change.modified: 2>, '/home/niko/Proyectos/C_sol/Vyntra/backend/nohup.out')}
[2026-06-08 11:27:52,688] DEBUG watchfiles.main | 1 change detected: {(<Change.modified: 2>, '/home/niko/Proyectos/C_sol/Vyntra/backend/nohup.out')}
[2026-06-08 11:27:53,040] DEBUG watchfiles.main | 1 change detected: {(<Change.modified: 2>, '/home/niko/Proyectos/C_sol/Vyntra/backend/nohup.out')}
[2026-06-08 11:27:53,392] DEBUG watchfiles.main | 1 change detected: {(<Change.modified: 2>, '/home/niko/Proyectos/C_sol/Vyntra/backend/nohup.out')}
[2026-06-08 11:27:53,744] DEBUG watchfiles.main | 1 change detected: {(<Change.modified: 2>, '/home/niko/Proyectos/C_sol/Vyntra/backend/nohup.out')}
[2026-06-08 11:27:54,095] DEBUG watchfiles.main | 1 change detected: {(<Change.modified: 2>, '/home/niko/Proyectos/C_sol/Vyntra/backend/nohup.out')}
[2026-06-08 11:27:54,195] INFO siee.ai_agent | chat req=c2deb041eb58 role=student user=c6d7145a-2fc1-4445-b641-dc5fbe849d53 msg_len=29
[2026-06-08 11:27:54,203] DEBUG httpcore.connection | close.started
[2026-06-08 11:27:54,204] DEBUG httpcore.connection | close.complete
[2026-06-08 11:27:54,204] DEBUG httpcore.connection | connect_tcp.started host='fpombaziyombczyfdryt.supabase.co' port=443 local_address=None timeout=120 socket_options=None
[2026-06-08 11:27:54,364] DEBUG httpcore.connection | connect_tcp.complete return_value=<httpcore._backends.sync.SyncStream object at 0x7f900620ed70>
[2026-06-08 11:27:54,364] DEBUG httpcore.connection | start_tls.started ssl_context=<ssl.SSLContext object at 0x7f90067e39b0> server_hostname='fpombaziyombczyfdryt.supabase.co' timeout=120
[2026-06-08 11:27:54,448] DEBUG watchfiles.main | 1 change detected: {(<Change.modified: 2>, '/home/niko/Proyectos/C_sol/Vyntra/backend/nohup.out')}
[2026-06-08 11:27:54,494] DEBUG httpcore.connection | start_tls.complete return_value=<httpcore._backends.sync.SyncStream object at 0x7f9005db1010>
[2026-06-08 11:27:54,495] DEBUG httpcore.http2 | send_connection_init.started request=<Request [b'GET']>
[2026-06-08 11:27:54,497] DEBUG httpcore.http2 | send_connection_init.complete
[2026-06-08 11:27:54,498] DEBUG httpcore.http2 | send_request_headers.started request=<Request [b'GET']> stream_id=1
[2026-06-08 11:27:54,500] DEBUG hpack.hpack | Adding (b':method', b'GET') to the header table, sensitive:False, huffman:True
[2026-06-08 11:27:54,500] DEBUG hpack.hpack | Encoding 2 with 7 bits
[2026-06-08 11:27:54,501] DEBUG hpack.hpack | Adding (b':authority', b'fpombaziyombczyfdryt.supabase.co') to the header table, sensitive:False, huffman:True
[2026-06-08 11:27:54,501] DEBUG hpack.hpack | Encoding 1 with 6 bits
[2026-06-08 11:27:54,502] DEBUG hpack.hpack | Encoding 23 with 7 bits
[2026-06-08 11:27:54,502] DEBUG hpack.hpack | Adding (b':scheme', b'https') to the header table, sensitive:False, huffman:True
[2026-06-08 11:27:54,503] DEBUG hpack.hpack | Encoding 7 with 7 bits
[2026-06-08 11:27:54,503] DEBUG hpack.hpack | Adding (b':path', b'/rest/v1/conversations?select=messages&user_id=eq.c6d7145a-2fc1-4445-b641-dc5fbe849d53&role=eq.student&order=created_at.desc&limit=1') to the header table, sensitive:False, huffman:True
[2026-06-08 11:27:54,504] DEBUG hpack.hpack | Encoding 4 with 6 bits
[2026-06-08 11:27:54,505] DEBUG hpack.hpack | Encoding 94 with 7 bits
[2026-06-08 11:27:54,507] DEBUG hpack.hpack | Adding (b'accept', b'*/*') to the header table, sensitive:False, huffman:True
[2026-06-08 11:27:54,507] DEBUG hpack.hpack | Encoding 19 with 6 bits
[2026-06-08 11:27:54,508] DEBUG hpack.hpack | Encoding 3 with 7 bits
[2026-06-08 11:27:54,508] DEBUG hpack.hpack | Adding (b'accept-encoding', b'gzip, deflate, zstd') to the header table, sensitive:False, huffman:True
[2026-06-08 11:27:54,509] DEBUG hpack.hpack | Encoding 16 with 6 bits
[2026-06-08 11:27:54,509] DEBUG hpack.hpack | Encoding 15 with 7 bits
[2026-06-08 11:27:54,510] DEBUG hpack.hpack | Adding (b'user-agent', b'python-httpx/0.28.1') to the header table, sensitive:False, huffman:True
[2026-06-08 11:27:54,511] DEBUG hpack.hpack | Encoding 58 with 6 bits
[2026-06-08 11:27:54,511] DEBUG hpack.hpack | Encoding 14 with 7 bits
[2026-06-08 11:27:54,512] DEBUG hpack.hpack | Adding (b'x-client-info', b'supabase-py/2.30.1') to the header table, sensitive:False, huffman:True
[2026-06-08 11:27:54,513] DEBUG hpack.hpack | Encoding 10 with 7 bits
[2026-06-08 11:27:54,513] DEBUG hpack.hpack | Encoding 13 with 7 bits
[2026-06-08 11:27:54,513] DEBUG hpack.hpack | Adding (b'x-supabase-client-platform', b'Linux') to the header table, sensitive:False, huffman:True
[2026-06-08 11:27:54,514] DEBUG hpack.hpack | Encoding 19 with 7 bits
[2026-06-08 11:27:54,514] DEBUG hpack.hpack | Encoding 4 with 7 bits
[2026-06-08 11:27:54,515] DEBUG hpack.hpack | Adding (b'x-supabase-client-platform-version', b'7.0.11-1-cachyos-bore') to the header table, sensitive:False, huffman:True
[2026-06-08 11:27:54,516] DEBUG hpack.hpack | Encoding 24 with 7 bits
[2026-06-08 11:27:54,516] DEBUG hpack.hpack | Encoding 15 with 7 bits
[2026-06-08 11:27:54,516] DEBUG hpack.hpack | Adding (b'x-supabase-client-runtime', b'python') to the header table, sensitive:False, huffman:True
[2026-06-08 11:27:54,517] DEBUG hpack.hpack | Encoding 18 with 7 bits
[2026-06-08 11:27:54,517] DEBUG hpack.hpack | Encoding 5 with 7 bits
[2026-06-08 11:27:54,518] DEBUG hpack.hpack | Adding (b'x-supabase-client-runtime-version', b'3.14.5') to the header table, sensitive:False, huffman:True
[2026-06-08 11:27:54,519] DEBUG hpack.hpack | Encoding 23 with 7 bits
[2026-06-08 11:27:54,519] DEBUG hpack.hpack | Encoding 5 with 7 bits
[2026-06-08 11:27:54,520] DEBUG hpack.hpack | Adding (b'apikey', b'eyJhbGciOiJIUzI1NiIsInR5cCI6IkpXVCJ9.eyJpc3MiOiJzdXBhYmFzZSIsInJlZiI6ImZwb21iYXppeW9tYmN6eWZkcnl0Iiwicm9sZSI6InNlcnZpY2Vfcm9sZSIsImlhdCI6MTc4MDA4MjM2MCwiZXhwIjoyMDk1NjU4MzYwfQ.hOA2efvOMFjcoFwfFNEoNNjIRSj-SUnsnyEGOm5wNfs') to the header table, sensitive:False, huffman:True
[2026-06-08 11:27:54,521] DEBUG hpack.hpack | Encoding 5 with 7 bits
[2026-06-08 11:27:54,522] DEBUG hpack.hpack | Encoding 176 with 7 bits
[2026-06-08 11:27:54,522] DEBUG hpack.hpack | Adding (b'authorization', b'Bearer eyJhbGciOiJIUzI1NiIsInR5cCI6IkpXVCJ9.eyJpc3MiOiJzdXBhYmFzZSIsInJlZiI6ImZwb21iYXppeW9tYmN6eWZkcnl0Iiwicm9sZSI6InNlcnZpY2Vfcm9sZSIsImlhdCI6MTc4MDA4MjM2MCwiZXhwIjoyMDk1NjU4MzYwfQ.hOA2efvOMFjcoFwfFNEoNNjIRSj-SUnsnyEGOm5wNfs') to the header table, sensitive:True, huffman:True
[2026-06-08 11:27:54,523] DEBUG hpack.hpack | Encoding 23 with 4 bits
[2026-06-08 11:27:54,524] DEBUG hpack.hpack | Encoding 181 with 7 bits
[2026-06-08 11:27:54,525] DEBUG hpack.hpack | Adding (b'accept-profile', b'public') to the header table, sensitive:False, huffman:True
[2026-06-08 11:27:54,525] DEBUG hpack.hpack | Encoding 10 with 7 bits
[2026-06-08 11:27:54,526] DEBUG hpack.hpack | Encoding 5 with 7 bits
[2026-06-08 11:27:54,526] DEBUG hpack.hpack | Adding (b'content-profile', b'public') to the header table, sensitive:False, huffman:True
[2026-06-08 11:27:54,527] DEBUG hpack.hpack | Encoding 11 with 7 bits
[2026-06-08 11:27:54,527] DEBUG hpack.hpack | Encoding 5 with 7 bits
[2026-06-08 11:27:54,528] DEBUG hpack.hpack | Adding (b'cookie', b'__cf_bm=9iQ4f.i9u0y84_fThN5o8wVgOAcAuIiwuE02tFLBm.4-1780936030.7875392-1.0.1.1-c.SKKgjU0b4RFrwvzFL1HtA1iE7WbExwhNI_7ALU3omjFTwvDzF9ItGj6QCtcSistQ4I3dITncA.QxK53HqSBIBCUpeuIyyB_cen_fu8uNb8J3QzMknuxiNemJ5DdYmu') to the header table, sensitive:False, huffman:True
[2026-06-08 11:27:54,528] DEBUG hpack.hpack | Encoding 32 with 6 bits
[2026-06-08 11:27:54,529] DEBUG hpack.hpack | Encoding 161 with 7 bits
[2026-06-08 11:27:54,530] DEBUG hpack.hpack | Encoded header block to b'\x82A\x97\x96\xb3\xd3\x18\xfd\x9b\xd1\xe9\x8c\x9e\xfdK%\x9e\x92\xba-\xacq\x8d\x05\\\x87\x87D\xdeb\xc2\xa1,w\x0b\x04=]\xcbb\x06\x93\x1e\xa4\x7f\x88-\x05"`\xa4\xa8@\xe6*>-Al\x88\xd2@^\xcb\x91\xc9\x1d\x0bM\x8daJ@\xac\xd3M6\xb4n4\x15\xa4#r\xc6W\x9a~F\xd9\xf8\xb0\xf4\x16\x02\xf6]\t\xb6B\xd4\x9f\x83\xd9!l\x80\x96\x14i,\x91\r+\xc8T\x13\xe2\x83Rd\xc0\x1fS\x83\xf9c\xe7P\x8f\x9b\xd9\xab\xfaRB\xcb@\xd2_\xa5=\xa12\x7fz\x8e\xaf\xd2g=KN\x94\xd7\xe5\x80.\'\x97\x0f@\x8a\xf2\xb1(1jJ\xc6\xaaS\xff\x8dE\xb5\x8e1\xa0\xabW\xe9\x81.\xc8\x17\x0f@\x93\xf2\xb2-\xacq\x8d\x05X\x94\x18\xb5%j\xe8\x1ae=\x94\xff\x84\xcej\xad\xf3@\x98\xf2\xb2-\xacq\x8d\x05X\x94\x18\xb5%j\xe8\x1ae=\x94\xad\xdc\xb6 \xc7\xab\x8fup.\x10\xac\x15\x882O\xe8\xe8Z3\xd8_@\x92\xf2\xb2-\xacq\x8d\x05X\x94\x18\xb5%k-\xa9&\xa4\xbf\x85\xaf\xd2g=_@\x97\xf2\xb2-\xacq\x8d\x05X\x94\x18\xb5%k-\xa9&\xa4\xabw-\x881\xea\x85ep\xb4\xbb\x7f@\x85\x1df\xea__\xff1/\xac\xb3\xc7\x88\x86\xd4l\xb98{\xc8\x1d&\xc8\x8c\x95ml\x97\xb29\x93\xad\x7f\x9coe}r\xfa\xcbY\x19\xd0mF\xcb\xeeO\xcb\xb3\xf3\xa7\x0f\xbf\xdd\xd9\x11\x92\xac\xb4~\x9b#\x99)\xfd\xf1\x18\x82n\x7f\x95\xd6^O\xa7\x9d:\\//\xde\xa4\xaa\x80d7\x83\x12\x97\xd1\xfb\xbb#\x99*\xd3A*\xfd\xaf\x98\xb8\xcaJ_G\xee\xec\x88\xc9M\x13\xc9{#\x9a7\x91\xad\x17\xe1kGM\x02\xd1{\xc1\xbf\x7f\'\xf1\x93\xa1\xfdh\xbf\xd4:zpkG\xbe~%\xd8\xbc\xfa\xa1\x11e\xef\xabF\x1e\x84>\x1f\x12\xe1\xd3\x80\xfat\xf4\xc9\xb7wE\xb7p\xa9\x15z\xc1\x8bU-\xf8\xd3*?\x1f\x08\xff6\xbaQ\xd8[\x14/\xac\xb3\xc7\x88\x86\xd4l\xb98{\xc8\x1d&\xc8\x8c\x95ml\x97\xb29\x93\xad\x7f\x9coe}r\xfa\xcbY\x19\xd0mF\xcb\xeeO\xcb\xb3\xf3\xa7\x0f\xbf\xdd\xd9\x11\x92\xac\xb4~\x9b#\x99)\xfd\xf1\x18\x82n\x7f\x95\xd6^O\xa7\x9d:\\//\xde\xa4\xaa\x80d7\x83\x12\x97\xd1\xfb\xbb#\x99*\xd3A*\xfd\xaf\x98\xb8\xcaJ_G\xee\xec\x88\xc9M\x13\xc9{#\x9a7\x91\xad\x17\xe1kGM\x02\xd1{\xc1\xbf\x7f\'\xf1\x93\xa1\xfdh\xbf\xd4:zpkG\xbe~%\xd8\xbc\xfa\xa1\x11e\xef\xabF\x1e\x84>\x1f\x12\xe1\xd3\x80\xfat\xf4\xc9\xb7wE\xb7p\xa9\x15z\xc1\x8bU-\xf8\xd3*?@\x8a\x19\x08Z\xd2\xb5v\x1eSP_\x85\xae\xd8\xe81?@\x8b!\xeaIjJ\xd5\xd8yMA\x7f\x85\xae\xd8\xe81?`\xff"\x8a"K\x14t\xc0\xf9\xb65*\xe6~\xd0zy\xa8\xa5\xdf>\x96\xce\xf7\x8e3j\x84\x90\xdb\x90\xde-\xc0\x01\'\x0e{\xb4\xae\xd2\xc1u\xe0>\xcb\x80d\x0b\xba\xf3\xad\xb2\xf8\x96\n\xe0\\+\x85b/\xbb6i\xbap\x04mm\xc3g\x8e\xfe\xf0\xe7\x0e4\xc2\x13`w\x94x<\xf8\x9fNH\x9d\x87?\x06OOL;\xfcw\xbf\xef\x0b\xf9\x13\x8b\xa3\x9b/$\x9b\x8c\x84\xeck#2d\xdfQ!_g\x9c\xcd\xb3\x8f\xb6\xeb\xb9.\xde\xe1Ym\xc9\xeb\xd5\xd8\x88Z\xa2\x96\xd7\xad\xd3\x1b\xd9Y\xd9\xefGZ\xad\xf2m%\xa7+w\xe4\xe7M\xbf'
[2026-06-08 11:27:54,531] DEBUG httpcore.http2 | send_request_headers.complete
[2026-06-08 11:27:54,531] DEBUG httpcore.http2 | send_request_body.started request=<Request [b'GET']> stream_id=1
[2026-06-08 11:27:54,532] DEBUG httpcore.http2 | send_request_body.complete
[2026-06-08 11:27:54,532] DEBUG httpcore.http2 | receive_response_headers.started request=<Request [b'GET']> stream_id=1
[2026-06-08 11:27:54,593] DEBUG httpcore.http2 | receive_remote_settings.started
[2026-06-08 11:27:54,595] DEBUG httpcore.http2 | receive_remote_settings.complete return_value=<RemoteSettingsChanged changed_settings:{ChangedSetting(setting=3, original_value=None, new_value=100), ChangedSetting(setting=4, original_value=65535, new_value=65536), ChangedSetting(setting=5, original_value=16384, new_value=16777215)}>
[2026-06-08 11:27:54,800] DEBUG watchfiles.main | 1 change detected: {(<Change.modified: 2>, '/home/niko/Proyectos/C_sol/Vyntra/backend/nohup.out')}
[2026-06-08 11:27:54,835] DEBUG hpack.hpack | Decoding b'?\xe1\x1f\x88a\x96\xd0z\xbe\x94\x03\xcae\xb6\xa5\x04\x018\xa0\\\xb8\'n6\xd2\x98\xb4o_\x96\x1du\xd0b\r&=LtA\xea\xfbP\x93\x8e\xc4\x150Z\x99V{\\\x012^\x03*/*@\x85$\xabX?_\x8f\x18\x1e}\xa6\x9a\x10\x9e\x14\xae\x15\xd7\x96\xbb\xab\x17@\x8a$\xab\x10d\x9c\xab!#M\xa8\x86\xbf\xcfL:2^]\xd8`\x87\xab\xb9l@\xd2c\xd4\x8f\xf2\x83Rd\xc0\x1f\x83\xd9!l\x80\x96\x14i,\x91\r+\xc8T\x13\xe2\xc3\xd0X\x0b\xd9t&\xd9\x0bR~\x10Z\nD\xc1IP\x81\xccT|Z\x82\xd9\x11\xa4\x80\xbd\x97#\x92:\x16\x9b\x1a\xc2\x94\x81Y\xa6\x9amh\xdch+HF\xe5\x8c\xaf4\xfc\x8d\xb3v\x87%\x07\xb6Ih\x1d\x85x\xa0\xa4~V\x1c\xc5\x81\x90\xb6\xcb\x80\x00>\xd45D\xa2\xd9\x0b\xba\xd8\xef\x9e\x91\x9a\xa4}\xa9]\x85\xa0\xe3\x93@\x90\xf2\xb1\x0fRKRVO\xaa\xca\xb1\xebI\x8fR?\x85\xa8\xe8\xa8\xd2\xcb@\x8b!\xeaIjJ\xd5\xd8yMA\x7f\x85\xae\xd8\xe81?@\x8dDkL4\x97\xc0\xfd-\xdc\xb6 \xc7\xab\x011@\x8aDkWa\xfa\x14\x89Z\xc2\xcb\x8f\x96\xb3\xd3\x18\xfd\x9b\xd1\xe9\x8c\x9e\xfdK%\x9e\x93@\x8aDkX^\xd6\x95\tX\xd2\x7f\x9a\x00_(\xde\x04\xab\x15\xb6\xc8\xb3\xac\xbf"\xc3lR-\x1b\xd2\xbe\x10\x95\xb2\xbcA\xff@\x8f\xf2\xb1j\xee\x7fK\r)-5\xa5b\x1e\xda\x93\x011@\x95\xf2\xb1j\xee\x7fK[Z\x13aGJ\xc8-\x9d\xccB\xac\x93R_\x012@\x85\x1d\tY\x1d\xc9\x90\x9d\x98?\x9b\x8d4\xcf\xf3\xf6\xa5#\x81\xe7\x1a\x00?'
[2026-06-08 11:27:54,836] DEBUG hpack.hpack | Decoded 4096, consumed 3 bytes
[2026-06-08 11:27:54,837] DEBUG hpack.table | Resizing header table to 4096 from 4096
[2026-06-08 11:27:54,837] DEBUG hpack.hpack | Decoded 8, consumed 1 bytes
[2026-06-08 11:27:54,837] DEBUG hpack.hpack | Decoded (b':status', b'200'), consumed 1
[2026-06-08 11:27:54,838] DEBUG hpack.hpack | Decoded 33, consumed 1 bytes
[2026-06-08 11:27:54,838] DEBUG hpack.hpack | Decoded 22, consumed 1 bytes
[2026-06-08 11:27:54,839] DEBUG hpack.hpack | Decoded (b'date', b'Mon, 08 Jun 2026 16:27:54 GMT'), total consumed 24 bytes, indexed True
[2026-06-08 11:27:54,839] DEBUG hpack.hpack | Decoded 31, consumed 1 bytes
[2026-06-08 11:27:54,839] DEBUG hpack.hpack | Decoded 22, consumed 1 bytes
[2026-06-08 11:27:54,839] DEBUG hpack.hpack | Decoded (b'content-type', b'application/json; charset=utf-8'), total consumed 24 bytes, indexed True
[2026-06-08 11:27:54,840] DEBUG hpack.hpack | Decoded 28, consumed 1 bytes
[2026-06-08 11:27:54,840] DEBUG hpack.hpack | Decoded 1, consumed 1 bytes
[2026-06-08 11:27:54,840] DEBUG hpack.hpack | Decoded (b'content-length', <memory at 0x7f9005e54340>), total consumed 3 bytes, indexed True
[2026-06-08 11:27:54,841] DEBUG hpack.hpack | Decoded 30, consumed 1 bytes
[2026-06-08 11:27:54,841] DEBUG hpack.hpack | Decoded 3, consumed 1 bytes
[2026-06-08 11:27:54,841] DEBUG hpack.hpack | Decoded (b'content-range', <memory at 0x7f9005e541c0>), total consumed 5 bytes, indexed True
[2026-06-08 11:27:54,841] DEBUG hpack.hpack | Decoded 5, consumed 1 bytes
[2026-06-08 11:27:54,842] DEBUG hpack.hpack | Decoded 15, consumed 1 bytes
[2026-06-08 11:27:54,842] DEBUG hpack.hpack | Decoded (b'cf-ray', b'a0894442282f6e78-BOG'), total consumed 23 bytes, indexed True
[2026-06-08 11:27:54,843] DEBUG hpack.hpack | Decoded 10, consumed 1 bytes
[2026-06-08 11:27:54,843] DEBUG hpack.hpack | Decoded 6, consumed 1 bytes
[2026-06-08 11:27:54,844] DEBUG hpack.hpack | Decoded (b'cf-cache-status', b'DYNAMIC'), total consumed 19 bytes, indexed True
[2026-06-08 11:27:54,844] DEBUG hpack.hpack | Decoded 29, consumed 1 bytes
[2026-06-08 11:27:54,844] DEBUG hpack.hpack | Decoded 88, consumed 1 bytes
[2026-06-08 11:27:54,845] DEBUG hpack.hpack | Decoded (b'content-location', b'/conversations?limit=1&order=created_at.desc&role=eq.student&select=messages&user_id=eq.c6d7145a-2fc1-4445-b641-dc5fbe849d53'), total consumed 90 bytes, indexed True
[2026-06-08 11:27:54,845] DEBUG hpack.hpack | Decoded 54, consumed 1 bytes
[2026-06-08 11:27:54,845] DEBUG hpack.hpack | Decoded 7, consumed 1 bytes
[2026-06-08 11:27:54,846] DEBUG hpack.hpack | Decoded (b'server', b'cloudflare'), total consumed 9 bytes, indexed True
[2026-06-08 11:27:54,846] DEBUG hpack.hpack | Decoded 56, consumed 1 bytes
[2026-06-08 11:27:54,846] DEBUG hpack.hpack | Decoded 32, consumed 1 bytes
[2026-06-08 11:27:54,846] DEBUG hpack.hpack | Decoded (b'strict-transport-security', b'max-age=31536000; includeSubDomains; preload'), total consumed 34 bytes, indexed True
[2026-06-08 11:27:54,847] DEBUG hpack.hpack | Decoded 16, consumed 1 bytes
[2026-06-08 11:27:54,847] DEBUG hpack.hpack | Decoded 5, consumed 1 bytes
[2026-06-08 11:27:54,847] DEBUG hpack.hpack | Decoded (b'x-content-type-options', b'nosniff'), total consumed 24 bytes, indexed True
[2026-06-08 11:27:54,848] DEBUG hpack.hpack | Decoded 11, consumed 1 bytes
[2026-06-08 11:27:54,848] DEBUG hpack.hpack | Decoded 5, consumed 1 bytes
[2026-06-08 11:27:54,848] DEBUG hpack.hpack | Decoded (b'content-profile', b'public'), total consumed 19 bytes, indexed True
[2026-06-08 11:27:54,849] DEBUG hpack.hpack | Decoded 13, consumed 1 bytes
[2026-06-08 11:27:54,849] DEBUG hpack.hpack | Decoded 1, consumed 1 bytes
[2026-06-08 11:27:54,850] DEBUG hpack.hpack | Decoded (b'sb-gateway-version', <memory at 0x7f9005e54280>), total consumed 17 bytes, indexed True
[2026-06-08 11:27:54,850] DEBUG hpack.hpack | Decoded 10, consumed 1 bytes
[2026-06-08 11:27:54,850] DEBUG hpack.hpack | Decoded 15, consumed 1 bytes
[2026-06-08 11:27:54,851] DEBUG hpack.hpack | Decoded (b'sb-project-ref', b'fpombaziyombczyfdryt'), total consumed 28 bytes, indexed True
[2026-06-08 11:27:54,851] DEBUG hpack.hpack | Decoded 10, consumed 1 bytes
[2026-06-08 11:27:54,851] DEBUG hpack.hpack | Decoded 26, consumed 1 bytes
[2026-06-08 11:27:54,852] DEBUG hpack.hpack | Decoded (b'sb-request-id', b'019ea80f-e55c-739d-a52d-b8f911e5e8ca'), total consumed 39 bytes, indexed True
[2026-06-08 11:27:54,852] DEBUG hpack.hpack | Decoded 15, consumed 1 bytes
[2026-06-08 11:27:54,853] DEBUG hpack.hpack | Decoded 1, consumed 1 bytes
[2026-06-08 11:27:54,853] DEBUG hpack.hpack | Decoded (b'x-envoy-attempt-count', <memory at 0x7f9005e54100>), total consumed 19 bytes, indexed True
[2026-06-08 11:27:54,853] DEBUG hpack.hpack | Decoded 21, consumed 1 bytes
[2026-06-08 11:27:54,854] DEBUG hpack.hpack | Decoded 1, consumed 1 bytes
[2026-06-08 11:27:54,854] DEBUG hpack.hpack | Decoded (b'x-envoy-upstream-service-time', <memory at 0x7f9005e54040>), total consumed 25 bytes, indexed True
[2026-06-08 11:27:54,854] DEBUG hpack.hpack | Decoded 5, consumed 1 bytes
[2026-06-08 11:27:54,854] DEBUG hpack.hpack | Decoded 16, consumed 1 bytes
[2026-06-08 11:27:54,855] DEBUG hpack.hpack | Decoded (b'alt-svc', b'h3=":443"; ma=86400'), total consumed 24 bytes, indexed True
[2026-06-08 11:27:54,856] DEBUG httpcore.http2 | receive_response_headers.complete return_value=(200, [(b'date', b'Mon, 08 Jun 2026 16:27:54 GMT'), (b'content-type', b'application/json; charset=utf-8'), (b'content-length', b'2'), (b'content-range', b'*/*'), (b'cf-ray', b'a0894442282f6e78-BOG'), (b'cf-cache-status', b'DYNAMIC'), (b'content-location', b'/conversations?limit=1&order=created_at.desc&role=eq.student&select=messages&user_id=eq.c6d7145a-2fc1-4445-b641-dc5fbe849d53'), (b'server', b'cloudflare'), (b'strict-transport-security', b'max-age=31536000; includeSubDomains; preload'), (b'x-content-type-options', b'nosniff'), (b'content-profile', b'public'), (b'sb-gateway-version', b'1'), (b'sb-project-ref', b'fpombaziyombczyfdryt'), (b'sb-request-id', b'019ea80f-e55c-739d-a52d-b8f911e5e8ca'), (b'x-envoy-attempt-count', b'1'), (b'x-envoy-upstream-service-time', b'2'), (b'alt-svc', b'h3=":443"; ma=86400')])
[2026-06-08 11:27:54,858] INFO httpx | HTTP Request: GET https://fpombaziyombczyfdryt.supabase.co/rest/v1/conversations?select=messages&user_id=eq.c6d7145a-2fc1-4445-b641-dc5fbe849d53&role=eq.student&order=created_at.desc&limit=1 "HTTP/2 200 OK"
[2026-06-08 11:27:54,859] DEBUG httpcore.http2 | receive_response_body.started request=<Request [b'GET']> stream_id=1
[2026-06-08 11:27:54,861] DEBUG httpcore.http2 | receive_response_body.complete
[2026-06-08 11:27:54,862] DEBUG httpcore.http2 | response_closed.started stream_id=1
[2026-06-08 11:27:54,862] DEBUG httpcore.http2 | response_closed.complete
[2026-06-08 11:27:54,936] DEBUG httpcore.connection | connect_tcp.started host='openrouter.ai' port=443 local_address=None timeout=45 socket_options=None
[2026-06-08 11:27:54,986] DEBUG httpcore.connection | connect_tcp.complete return_value=<httpcore._backends.anyio.AnyIOStream object at 0x7f9005da6210>
[2026-06-08 11:27:54,987] DEBUG httpcore.connection | start_tls.started ssl_context=<ssl.SSLContext object at 0x7f900631ec30> server_hostname='openrouter.ai' timeout=45
[2026-06-08 11:27:55,127] DEBUG httpcore.connection | start_tls.complete return_value=<httpcore._backends.anyio.AnyIOStream object at 0x7f900620e060>
[2026-06-08 11:27:55,129] DEBUG httpcore.http11 | send_request_headers.started request=<Request [b'POST']>
[2026-06-08 11:27:55,131] DEBUG httpcore.http11 | send_request_headers.complete
[2026-06-08 11:27:55,132] DEBUG httpcore.http11 | send_request_body.started request=<Request [b'POST']>
[2026-06-08 11:27:55,133] DEBUG httpcore.http11 | send_request_body.complete
[2026-06-08 11:27:55,134] DEBUG httpcore.http11 | receive_response_headers.started request=<Request [b'POST']>
[2026-06-08 11:27:55,152] DEBUG watchfiles.main | 1 change detected: {(<Change.modified: 2>, '/home/niko/Proyectos/C_sol/Vyntra/backend/nohup.out')}
[2026-06-08 11:27:55,504] DEBUG watchfiles.main | 1 change detected: {(<Change.modified: 2>, '/home/niko/Proyectos/C_sol/Vyntra/backend/nohup.out')}
[2026-06-08 11:27:55,856] DEBUG watchfiles.main | 1 change detected: {(<Change.modified: 2>, '/home/niko/Proyectos/C_sol/Vyntra/backend/nohup.out')}
[2026-06-08 11:27:56,076] DEBUG httpcore.http11 | receive_response_headers.complete return_value=(b'HTTP/1.1', 200, b'OK', [(b'Date', b'Mon, 08 Jun 2026 16:27:56 GMT'), (b'Content-Type', b'text/event-stream'), (b'Transfer-Encoding', b'chunked'), (b'Connection', b'keep-alive'), (b'Access-Control-Allow-Origin', b'*'), (b'Cache-Control', b'no-cache'), (b'X-Generation-Id', b'gen-1780936075-rrQeiD3NhjHCCTdT8tKb'), (b'access-control-expose-headers', b'X-Generation-Id,cf-ray'), (b'Permissions-Policy', b'payment=(self "https://checkout.stripe.com" "https://connect-js.stripe.com" "https://js.stripe.com" "https://*.js.stripe.com" "https://hooks.stripe.com")'), (b'Referrer-Policy', b'no-referrer, strict-origin-when-cross-origin'), (b'X-Content-Type-Options', b'nosniff'), (b'Server', b'cloudflare'), (b'CF-RAY', b'a08944459a3cccde-BOG')])
[2026-06-08 11:27:56,078] INFO httpx | HTTP Request: POST https://openrouter.ai/api/v1/chat/completions "HTTP/1.1 200 OK"
[2026-06-08 11:27:56,080] DEBUG httpcore.http11 | receive_response_body.started request=<Request [b'POST']>
INFO:     127.0.0.1:42208 - "POST /api/ai/student-tutor HTTP/1.1" 200 OK
[2026-06-08 11:27:56,208] DEBUG watchfiles.main | 1 change detected: {(<Change.modified: 2>, '/home/niko/Proyectos/C_sol/Vyntra/backend/nohup.out')}
[2026-06-08 11:27:56,560] DEBUG watchfiles.main | 1 change detected: {(<Change.modified: 2>, '/home/niko/Proyectos/C_sol/Vyntra/backend/nohup.out')}
[2026-06-08 11:27:56,913] DEBUG watchfiles.main | 1 change detected: {(<Change.modified: 2>, '/home/niko/Proyectos/C_sol/Vyntra/backend/nohup.out')}
[2026-06-08 11:27:57,265] DEBUG watchfiles.main | 1 change detected: {(<Change.modified: 2>, '/home/niko/Proyectos/C_sol/Vyntra/backend/nohup.out')}
[2026-06-08 11:27:57,617] DEBUG watchfiles.main | 1 change detected: {(<Change.modified: 2>, '/home/niko/Proyectos/C_sol/Vyntra/backend/nohup.out')}
[2026-06-08 11:27:57,969] DEBUG watchfiles.main | 1 change detected: {(<Change.modified: 2>, '/home/niko/Proyectos/C_sol/Vyntra/backend/nohup.out')}
[2026-06-08 11:27:58,082] DEBUG httpcore.http2 | send_request_headers.started request=<Request [b'GET']> stream_id=3
[2026-06-08 11:27:58,084] DEBUG hpack.hpack | Adding (b':method', b'GET') to the header table, sensitive:False, huffman:True
[2026-06-08 11:27:58,084] DEBUG hpack.hpack | Encoding 2 with 7 bits
[2026-06-08 11:27:58,085] DEBUG hpack.hpack | Adding (b':authority', b'fpombaziyombczyfdryt.supabase.co') to the header table, sensitive:False, huffman:True
[2026-06-08 11:27:58,085] DEBUG hpack.hpack | Encoding 75 with 7 bits
[2026-06-08 11:27:58,086] DEBUG hpack.hpack | Adding (b':scheme', b'https') to the header table, sensitive:False, huffman:True
[2026-06-08 11:27:58,086] DEBUG hpack.hpack | Encoding 7 with 7 bits
[2026-06-08 11:27:58,087] DEBUG hpack.hpack | Adding (b':path', b'/rest/v1/conversations?select=messages&user_id=eq.c6d7145a-2fc1-4445-b641-dc5fbe849d53&role=eq.student&order=created_at.desc&limit=1') to the header table, sensitive:False, huffman:True
[2026-06-08 11:27:58,088] DEBUG hpack.hpack | Encoding 74 with 7 bits
[2026-06-08 11:27:58,088] DEBUG hpack.hpack | Adding (b'accept', b'*/*') to the header table, sensitive:False, huffman:True
[2026-06-08 11:27:58,088] DEBUG hpack.hpack | Encoding 73 with 7 bits
[2026-06-08 11:27:58,089] DEBUG hpack.hpack | Adding (b'accept-encoding', b'gzip, deflate, zstd') to the header table, sensitive:False, huffman:True
[2026-06-08 11:27:58,089] DEBUG hpack.hpack | Encoding 72 with 7 bits
[2026-06-08 11:27:58,090] DEBUG hpack.hpack | Adding (b'user-agent', b'python-httpx/0.28.1') to the header table, sensitive:False, huffman:True
[2026-06-08 11:27:58,090] DEBUG hpack.hpack | Encoding 71 with 7 bits
[2026-06-08 11:27:58,091] DEBUG hpack.hpack | Adding (b'x-client-info', b'supabase-py/2.30.1') to the header table, sensitive:False, huffman:True
[2026-06-08 11:27:58,091] DEBUG hpack.hpack | Encoding 70 with 7 bits
[2026-06-08 11:27:58,092] DEBUG hpack.hpack | Adding (b'x-supabase-client-platform', b'Linux') to the header table, sensitive:False, huffman:True
[2026-06-08 11:27:58,092] DEBUG hpack.hpack | Encoding 69 with 7 bits
[2026-06-08 11:27:58,093] DEBUG hpack.hpack | Adding (b'x-supabase-client-platform-version', b'7.0.11-1-cachyos-bore') to the header table, sensitive:False, huffman:True
[2026-06-08 11:27:58,093] DEBUG hpack.hpack | Encoding 68 with 7 bits
[2026-06-08 11:27:58,094] DEBUG hpack.hpack | Adding (b'x-supabase-client-runtime', b'python') to the header table, sensitive:False, huffman:True
[2026-06-08 11:27:58,094] DEBUG hpack.hpack | Encoding 67 with 7 bits
[2026-06-08 11:27:58,095] DEBUG hpack.hpack | Adding (b'x-supabase-client-runtime-version', b'3.14.5') to the header table, sensitive:False, huffman:True
[2026-06-08 11:27:58,095] DEBUG hpack.hpack | Encoding 66 with 7 bits
[2026-06-08 11:27:58,096] DEBUG hpack.hpack | Adding (b'apikey', b'eyJhbGciOiJIUzI1NiIsInR5cCI6IkpXVCJ9.eyJpc3MiOiJzdXBhYmFzZSIsInJlZiI6ImZwb21iYXppeW9tYmN6eWZkcnl0Iiwicm9sZSI6InNlcnZpY2Vfcm9sZSIsImlhdCI6MTc4MDA4MjM2MCwiZXhwIjoyMDk1NjU4MzYwfQ.hOA2efvOMFjcoFwfFNEoNNjIRSj-SUnsnyEGOm5wNfs') to the header table, sensitive:False, huffman:True
[2026-06-08 11:27:58,096] DEBUG hpack.hpack | Encoding 65 with 7 bits
[2026-06-08 11:27:58,097] DEBUG hpack.hpack | Adding (b'authorization', b'Bearer eyJhbGciOiJIUzI1NiIsInR5cCI6IkpXVCJ9.eyJpc3MiOiJzdXBhYmFzZSIsInJlZiI6ImZwb21iYXppeW9tYmN6eWZkcnl0Iiwicm9sZSI6InNlcnZpY2Vfcm9sZSIsImlhdCI6MTc4MDA4MjM2MCwiZXhwIjoyMDk1NjU4MzYwfQ.hOA2efvOMFjcoFwfFNEoNNjIRSj-SUnsnyEGOm5wNfs') to the header table, sensitive:True, huffman:True
[2026-06-08 11:27:58,097] DEBUG hpack.hpack | Encoding 23 with 4 bits
[2026-06-08 11:27:58,099] DEBUG hpack.hpack | Encoding 181 with 7 bits
[2026-06-08 11:27:58,099] DEBUG hpack.hpack | Adding (b'accept-profile', b'public') to the header table, sensitive:False, huffman:True
[2026-06-08 11:27:58,100] DEBUG hpack.hpack | Encoding 64 with 7 bits
[2026-06-08 11:27:58,100] DEBUG hpack.hpack | Adding (b'content-profile', b'public') to the header table, sensitive:False, huffman:True
[2026-06-08 11:27:58,100] DEBUG hpack.hpack | Encoding 63 with 7 bits
[2026-06-08 11:27:58,100] DEBUG hpack.hpack | Adding (b'cookie', b'__cf_bm=9iQ4f.i9u0y84_fThN5o8wVgOAcAuIiwuE02tFLBm.4-1780936030.7875392-1.0.1.1-c.SKKgjU0b4RFrwvzFL1HtA1iE7WbExwhNI_7ALU3omjFTwvDzF9ItGj6QCtcSistQ4I3dITncA.QxK53HqSBIBCUpeuIyyB_cen_fu8uNb8J3QzMknuxiNemJ5DdYmu') to the header table, sensitive:False, huffman:True
[2026-06-08 11:27:58,101] DEBUG hpack.hpack | Encoding 62 with 7 bits
[2026-06-08 11:27:58,101] DEBUG hpack.hpack | Encoded header block to b"\x82\xcb\x87\xca\xc9\xc8\xc7\xc6\xc5\xc4\xc3\xc2\xc1\x1f\x08\xff6\xbaQ\xd8[\x14/\xac\xb3\xc7\x88\x86\xd4l\xb98{\xc8\x1d&\xc8\x8c\x95ml\x97\xb29\x93\xad\x7f\x9coe}r\xfa\xcbY\x19\xd0mF\xcb\xeeO\xcb\xb3\xf3\xa7\x0f\xbf\xdd\xd9\x11\x92\xac\xb4~\x9b#\x99)\xfd\xf1\x18\x82n\x7f\x95\xd6^O\xa7\x9d:\\//\xde\xa4\xaa\x80d7\x83\x12\x97\xd1\xfb\xbb#\x99*\xd3A*\xfd\xaf\x98\xb8\xcaJ_G\xee\xec\x88\xc9M\x13\xc9{#\x9a7\x91\xad\x17\xe1kGM\x02\xd1{\xc1\xbf\x7f'\xf1\x93\xa1\xfdh\xbf\xd4:zpkG\xbe~%\xd8\xbc\xfa\xa1\x11e\xef\xabF\x1e\x84>\x1f\x12\xe1\xd3\x80\xfat\xf4\xc9\xb7wE\xb7p\xa9\x15z\xc1\x8bU-\xf8\xd3*?\xc0\xbf\xbe"
[2026-06-08 11:27:58,103] DEBUG httpcore.http2 | send_request_headers.complete
[2026-06-08 11:27:58,103] DEBUG httpcore.http2 | send_request_body.started request=<Request [b'GET']> stream_id=3
[2026-06-08 11:27:58,104] DEBUG httpcore.http2 | send_request_body.complete
[2026-06-08 11:27:58,104] DEBUG httpcore.http2 | receive_response_headers.started request=<Request [b'GET']> stream_id=3
[2026-06-08 11:27:58,321] DEBUG watchfiles.main | 1 change detected: {(<Change.modified: 2>, '/home/niko/Proyectos/C_sol/Vyntra/backend/nohup.out')}
[2026-06-08 11:27:58,387] DEBUG hpack.hpack | Decoding b"\x88a\x96\xd0z\xbe\x94\x03\xcae\xb6\xa5\x04\x018\xa0\\\xb8'n6\xf2\x98\xb4o\xce\xcd\xcc\x7f\x0c\x8f\x18\x1e}\xa6\x9by\xb2\xb7\x1b\x85u\xe5\xae\xea\xc5\xcb\xca\xc9\xc8\xc7\xc6\xc5\xc4\x7f\x04\x99\x00_(\xde\x04\xabJ\xcbBY\xd9@\xfa\xcf\x91\xe9V\x1c\x83~P\x8c\xa5\x0b\xe0\xc3\xc2\xc1"
[2026-06-08 11:27:58,387] DEBUG hpack.hpack | Decoded 8, consumed 1 bytes
[2026-06-08 11:27:58,388] DEBUG hpack.hpack | Decoded (b':status', b'200'), consumed 1
[2026-06-08 11:27:58,388] DEBUG hpack.hpack | Decoded 33, consumed 1 bytes
[2026-06-08 11:27:58,389] DEBUG hpack.hpack | Decoded 22, consumed 1 bytes
[2026-06-08 11:27:58,390] DEBUG hpack.hpack | Decoded (b'date', b'Mon, 08 Jun 2026 16:27:58 GMT'), total consumed 24 bytes, indexed True
[2026-06-08 11:27:58,390] DEBUG hpack.hpack | Decoded 78, consumed 1 bytes
[2026-06-08 11:27:58,390] DEBUG hpack.hpack | Decoded (b'content-type', b'application/json; charset=utf-8'), consumed 1
[2026-06-08 11:27:58,391] DEBUG hpack.hpack | Decoded 77, consumed 1 bytes
[2026-06-08 11:27:58,391] DEBUG hpack.hpack | Decoded (b'content-length', <memory at 0x7f9005e54340>), consumed 1
[2026-06-08 11:27:58,392] DEBUG hpack.hpack | Decoded 76, consumed 1 bytes
[2026-06-08 11:27:58,392] DEBUG hpack.hpack | Decoded (b'content-range', <memory at 0x7f9005e541c0>), consumed 1
[2026-06-08 11:27:58,392] DEBUG hpack.hpack | Decoded 75, consumed 2 bytes
[2026-06-08 11:27:58,393] DEBUG hpack.hpack | Decoded 15, consumed 1 bytes
[2026-06-08 11:27:58,393] DEBUG hpack.hpack | Decoded (b'cf-ray', b'a08944585e5b6e78-BOG'), total consumed 18 bytes, indexed True
[2026-06-08 11:27:58,394] DEBUG hpack.hpack | Decoded 75, consumed 1 bytes
[2026-06-08 11:27:58,394] DEBUG hpack.hpack | Decoded (b'cf-cache-status', b'DYNAMIC'), consumed 1
[2026-06-08 11:27:58,394] DEBUG hpack.hpack | Decoded 74, consumed 1 bytes
[2026-06-08 11:27:58,395] DEBUG hpack.hpack | Decoded (b'content-location', b'/conversations?limit=1&order=created_at.desc&role=eq.student&select=messages&user_id=eq.c6d7145a-2fc1-4445-b641-dc5fbe849d53'), consumed 1
[2026-06-08 11:27:58,395] DEBUG hpack.hpack | Decoded 73, consumed 1 bytes
[2026-06-08 11:27:58,396] DEBUG hpack.hpack | Decoded (b'server', b'cloudflare'), consumed 1
[2026-06-08 11:27:58,396] DEBUG hpack.hpack | Decoded 72, consumed 1 bytes
[2026-06-08 11:27:58,396] DEBUG hpack.hpack | Decoded (b'strict-transport-security', b'max-age=31536000; includeSubDomains; preload'), consumed 1
[2026-06-08 11:27:58,397] DEBUG hpack.hpack | Decoded 71, consumed 1 bytes
[2026-06-08 11:27:58,397] DEBUG hpack.hpack | Decoded (b'x-content-type-options', b'nosniff'), consumed 1
[2026-06-08 11:27:58,397] DEBUG hpack.hpack | Decoded 70, consumed 1 bytes
[2026-06-08 11:27:58,398] DEBUG hpack.hpack | Decoded (b'content-profile', b'public'), consumed 1
[2026-06-08 11:27:58,398] DEBUG hpack.hpack | Decoded 69, consumed 1 bytes
[2026-06-08 11:27:58,398] DEBUG hpack.hpack | Decoded (b'sb-gateway-version', <memory at 0x7f9005e54280>), consumed 1
[2026-06-08 11:27:58,399] DEBUG hpack.hpack | Decoded 68, consumed 1 bytes
[2026-06-08 11:27:58,399] DEBUG hpack.hpack | Decoded (b'sb-project-ref', b'fpombaziyombczyfdryt'), consumed 1
[2026-06-08 11:27:58,399] DEBUG hpack.hpack | Decoded 67, consumed 2 bytes
[2026-06-08 11:27:58,400] DEBUG hpack.hpack | Decoded 25, consumed 1 bytes
[2026-06-08 11:27:58,400] DEBUG hpack.hpack | Decoded (b'sb-request-id', b'019ea80f-f342-7f09-9c8f-ada9f1aee190'), total consumed 28 bytes, indexed True
[2026-06-08 11:27:58,401] DEBUG hpack.hpack | Decoded 67, consumed 1 bytes
[2026-06-08 11:27:58,401] DEBUG hpack.hpack | Decoded (b'x-envoy-attempt-count', <memory at 0x7f9005e54100>), consumed 1
[2026-06-08 11:27:58,401] DEBUG hpack.hpack | Decoded 66, consumed 1 bytes
[2026-06-08 11:27:58,402] DEBUG hpack.hpack | Decoded (b'x-envoy-upstream-service-time', <memory at 0x7f9005e54040>), consumed 1
[2026-06-08 11:27:58,402] DEBUG hpack.hpack | Decoded 65, consumed 1 bytes
[2026-06-08 11:27:58,403] DEBUG hpack.hpack | Decoded (b'alt-svc', b'h3=":443"; ma=86400'), consumed 1
[2026-06-08 11:27:58,404] DEBUG httpcore.http2 | receive_response_headers.complete return_value=(200, [(b'date', b'Mon, 08 Jun 2026 16:27:58 GMT'), (b'content-type', b'application/json; charset=utf-8'), (b'content-length', b'2'), (b'content-range', b'*/*'), (b'cf-ray', b'a08944585e5b6e78-BOG'), (b'cf-cache-status', b'DYNAMIC'), (b'content-location', b'/conversations?limit=1&order=created_at.desc&role=eq.student&select=messages&user_id=eq.c6d7145a-2fc1-4445-b641-dc5fbe849d53'), (b'server', b'cloudflare'), (b'strict-transport-security', b'max-age=31536000; includeSubDomains; preload'), (b'x-content-type-options', b'nosniff'), (b'content-profile', b'public'), (b'sb-gateway-version', b'1'), (b'sb-project-ref', b'fpombaziyombczyfdryt'), (b'sb-request-id', b'019ea80f-f342-7f09-9c8f-ada9f1aee190'), (b'x-envoy-attempt-count', b'1'), (b'x-envoy-upstream-service-time', b'2'), (b'alt-svc', b'h3=":443"; ma=86400')])
[2026-06-08 11:27:58,408] INFO httpx | HTTP Request: GET https://fpombaziyombczyfdryt.supabase.co/rest/v1/conversations?select=messages&user_id=eq.c6d7145a-2fc1-4445-b641-dc5fbe849d53&role=eq.student&order=created_at.desc&limit=1 "HTTP/2 200 OK"
[2026-06-08 11:27:58,409] DEBUG httpcore.http2 | receive_response_body.started request=<Request [b'GET']> stream_id=3
[2026-06-08 11:27:58,411] DEBUG httpcore.http2 | receive_response_body.complete
[2026-06-08 11:27:58,412] DEBUG httpcore.http2 | response_closed.started stream_id=3
[2026-06-08 11:27:58,412] DEBUG httpcore.http2 | response_closed.complete
[2026-06-08 11:27:58,418] DEBUG httpcore.http2 | send_request_headers.started request=<Request [b'GET']> stream_id=5
[2026-06-08 11:27:58,419] DEBUG hpack.hpack | Adding (b':method', b'GET') to the header table, sensitive:False, huffman:True
[2026-06-08 11:27:58,420] DEBUG hpack.hpack | Encoding 2 with 7 bits
[2026-06-08 11:27:58,421] DEBUG hpack.hpack | Adding (b':authority', b'fpombaziyombczyfdryt.supabase.co') to the header table, sensitive:False, huffman:True
[2026-06-08 11:27:58,421] DEBUG hpack.hpack | Encoding 75 with 7 bits
[2026-06-08 11:27:58,422] DEBUG hpack.hpack | Adding (b':scheme', b'https') to the header table, sensitive:False, huffman:True
[2026-06-08 11:27:58,422] DEBUG hpack.hpack | Encoding 7 with 7 bits
[2026-06-08 11:27:58,423] DEBUG hpack.hpack | Adding (b':path', b'/rest/v1/conversations?select=id&user_id=eq.c6d7145a-2fc1-4445-b641-dc5fbe849d53&role=eq.student&order=created_at.desc&limit=1') to the header table, sensitive:False, huffman:True
[2026-06-08 11:27:58,423] DEBUG hpack.hpack | Encoding 4 with 6 bits
[2026-06-08 11:27:58,424] DEBUG hpack.hpack | Encoding 90 with 7 bits
[2026-06-08 11:27:58,425] DEBUG hpack.hpack | Adding (b'accept', b'*/*') to the header table, sensitive:False, huffman:True
[2026-06-08 11:27:58,425] DEBUG hpack.hpack | Encoding 74 with 7 bits
[2026-06-08 11:27:58,426] DEBUG hpack.hpack | Adding (b'accept-encoding', b'gzip, deflate, zstd') to the header table, sensitive:False, huffman:True
[2026-06-08 11:27:58,426] DEBUG hpack.hpack | Encoding 73 with 7 bits
[2026-06-08 11:27:58,426] DEBUG hpack.hpack | Adding (b'user-agent', b'python-httpx/0.28.1') to the header table, sensitive:False, huffman:True
[2026-06-08 11:27:58,426] DEBUG hpack.hpack | Encoding 72 with 7 bits
[2026-06-08 11:27:58,427] DEBUG hpack.hpack | Adding (b'x-client-info', b'supabase-py/2.30.1') to the header table, sensitive:False, huffman:True
[2026-06-08 11:27:58,427] DEBUG hpack.hpack | Encoding 71 with 7 bits
[2026-06-08 11:27:58,427] DEBUG hpack.hpack | Adding (b'x-supabase-client-platform', b'Linux') to the header table, sensitive:False, huffman:True
[2026-06-08 11:27:58,428] DEBUG hpack.hpack | Encoding 70 with 7 bits
[2026-06-08 11:27:58,428] DEBUG hpack.hpack | Adding (b'x-supabase-client-platform-version', b'7.0.11-1-cachyos-bore') to the header table, sensitive:False, huffman:True
[2026-06-08 11:27:58,428] DEBUG hpack.hpack | Encoding 69 with 7 bits
[2026-06-08 11:27:58,429] DEBUG hpack.hpack | Adding (b'x-supabase-client-runtime', b'python') to the header table, sensitive:False, huffman:True
[2026-06-08 11:27:58,429] DEBUG hpack.hpack | Encoding 68 with 7 bits
[2026-06-08 11:27:58,429] DEBUG hpack.hpack | Adding (b'x-supabase-client-runtime-version', b'3.14.5') to the header table, sensitive:False, huffman:True
[2026-06-08 11:27:58,429] DEBUG hpack.hpack | Encoding 67 with 7 bits
[2026-06-08 11:27:58,430] DEBUG hpack.hpack | Adding (b'apikey', b'eyJhbGciOiJIUzI1NiIsInR5cCI6IkpXVCJ9.eyJpc3MiOiJzdXBhYmFzZSIsInJlZiI6ImZwb21iYXppeW9tYmN6eWZkcnl0Iiwicm9sZSI6InNlcnZpY2Vfcm9sZSIsImlhdCI6MTc4MDA4MjM2MCwiZXhwIjoyMDk1NjU4MzYwfQ.hOA2efvOMFjcoFwfFNEoNNjIRSj-SUnsnyEGOm5wNfs') to the header table, sensitive:False, huffman:True
[2026-06-08 11:27:58,430] DEBUG hpack.hpack | Encoding 66 with 7 bits
[2026-06-08 11:27:58,430] DEBUG hpack.hpack | Adding (b'authorization', b'Bearer eyJhbGciOiJIUzI1NiIsInR5cCI6IkpXVCJ9.eyJpc3MiOiJzdXBhYmFzZSIsInJlZiI6ImZwb21iYXppeW9tYmN6eWZkcnl0Iiwicm9sZSI6InNlcnZpY2Vfcm9sZSIsImlhdCI6MTc4MDA4MjM2MCwiZXhwIjoyMDk1NjU4MzYwfQ.hOA2efvOMFjcoFwfFNEoNNjIRSj-SUnsnyEGOm5wNfs') to the header table, sensitive:True, huffman:True
[2026-06-08 11:27:58,431] DEBUG hpack.hpack | Encoding 23 with 4 bits
[2026-06-08 11:27:58,431] DEBUG hpack.hpack | Encoding 181 with 7 bits
[2026-06-08 11:27:58,432] DEBUG hpack.hpack | Adding (b'accept-profile', b'public') to the header table, sensitive:False, huffman:True
[2026-06-08 11:27:58,432] DEBUG hpack.hpack | Encoding 65 with 7 bits
[2026-06-08 11:27:58,433] DEBUG hpack.hpack | Adding (b'content-profile', b'public') to the header table, sensitive:False, huffman:True
[2026-06-08 11:27:58,433] DEBUG hpack.hpack | Encoding 64 with 7 bits
[2026-06-08 11:27:58,433] DEBUG hpack.hpack | Adding (b'cookie', b'__cf_bm=9iQ4f.i9u0y84_fThN5o8wVgOAcAuIiwuE02tFLBm.4-1780936030.7875392-1.0.1.1-c.SKKgjU0b4RFrwvzFL1HtA1iE7WbExwhNI_7ALU3omjFTwvDzF9ItGj6QCtcSistQ4I3dITncA.QxK53HqSBIBCUpeuIyyB_cen_fu8uNb8J3QzMknuxiNemJ5DdYmu') to the header table, sensitive:False, huffman:True
[2026-06-08 11:27:58,434] DEBUG hpack.hpack | Encoding 63 with 7 bits
[2026-06-08 11:27:58,434] DEBUG hpack.hpack | Encoded header block to b'\x82\xcb\x87D\xdab\xc2\xa1,w\x0b\x04=]\xcbb\x06\x93\x1e\xa4\x7f\x88-\x05"`4\x9f\x16\xa0\xb6Di /e\xc8\xe4\x8e\x85\xa6\xc6\xb0\xa5 Vi\xa6\x9bZ7\x1a\n\xd2\x11\xb9c+\xcd?#l\xfcXz\x0b\x01{.\x84\xdb!jO\xc1\xec\x90\xb6@K\n4\x96H\x86\x95\xe4*\t\xf1A\xa92`\x0f\xca\xc9\xc8\xc7\xc6\xc5\xc4\xc3\xc2\x1f\x08\xff6\xbaQ\xd8[\x14/\xac\xb3\xc7\x88\x86\xd4l\xb98{\xc8\x1d&\xc8\x8c\x95ml\x97\xb29\x93\xad\x7f\x9coe}r\xfa\xcbY\x19\xd0mF\xcb\xeeO\xcb\xb3\xf3\xa7\x0f\xbf\xdd\xd9\x11\x92\xac\xb4~\x9b#\x99)\xfd\xf1\x18\x82n\x7f\x95\xd6^O\xa7\x9d:\\//\xde\xa4\xaa\x80d7\x83\x12\x97\xd1\xfb\xbb#\x99*\xd3A*\xfd\xaf\x98\xb8\xcaJ_G\xee\xec\x88\xc9M\x13\xc9{#\x9a7\x91\xad\x17\xe1kGM\x02\xd1{\xc1\xbf\x7f\'\xf1\x93\xa1\xfdh\xbf\xd4:zpkG\xbe~%\xd8\xbc\xfa\xa1\x11e\xef\xabF\x1e\x84>\x1f\x12\xe1\xd3\x80\xfat\xf4\xc9\xb7wE\xb7p\xa9\x15z\xc1\x8bU-\xf8\xd3*?\xc1\xc0\xbf'
[2026-06-08 11:27:58,435] DEBUG httpcore.http2 | send_request_headers.complete
[2026-06-08 11:27:58,436] DEBUG httpcore.http2 | send_request_body.started request=<Request [b'GET']> stream_id=5
[2026-06-08 11:27:58,436] DEBUG httpcore.http2 | send_request_body.complete
[2026-06-08 11:27:58,436] DEBUG httpcore.http2 | receive_response_headers.started request=<Request [b'GET']> stream_id=5
[2026-06-08 11:27:58,673] DEBUG watchfiles.main | 1 change detected: {(<Change.modified: 2>, '/home/niko/Proyectos/C_sol/Vyntra/backend/nohup.out')}
[2026-06-08 11:27:58,713] DEBUG hpack.hpack | Decoding b'\x88\xc0\xd0\xcf\xce\x7f\x0e\x8f\x18\x1e}\xa6\x9b\x1b\x92\x84N\x15\xd7\x96\xbb\xab\x17\xcd]\xd4`\x87\xab\xb9l@\xd2c\xd4\x8f\xf2\x83Rd\xc0\x1f\x83\xd9!l\x80\x96\x14i,\x91\r+\xc8T\x13\xe2\xc3\xd0X\x0b\xd9t&\xd9\x0bR~\x10Z\nD\xc0i>-Al\x88\xd2@^\xcb\x91\xc9\x1d\x0bM\x8daJ@\xac\xd3M6\xb4n4\x15\xa4#r\xc6W\x9a~F\xd9\xcc\xcb\xca\xc9\xc8\xc7\x7f\x07\x9a\x00_(\xde\x04\xabJ\xd3\xc0Y\xd9B\xea\xc3\x8c\xa4Y\xa6\xc6\xe3\x92\x85\xd6\\y\xcf\xc6\x7f\x06\x013\xc5'
[2026-06-08 11:27:58,714] DEBUG hpack.hpack | Decoded 8, consumed 1 bytes
[2026-06-08 11:27:58,714] DEBUG hpack.hpack | Decoded (b':status', b'200'), consumed 1
[2026-06-08 11:27:58,715] DEBUG hpack.hpack | Decoded 64, consumed 1 bytes
[2026-06-08 11:27:58,715] DEBUG hpack.hpack | Decoded (b'date', b'Mon, 08 Jun 2026 16:27:58 GMT'), consumed 1
[2026-06-08 11:27:58,716] DEBUG hpack.hpack | Decoded 80, consumed 1 bytes
[2026-06-08 11:27:58,716] DEBUG hpack.hpack | Decoded (b'content-type', b'application/json; charset=utf-8'), consumed 1
[2026-06-08 11:27:58,717] DEBUG hpack.hpack | Decoded 79, consumed 1 bytes
[2026-06-08 11:27:58,717] DEBUG hpack.hpack | Decoded (b'content-length', <memory at 0x7f9005e54340>), consumed 1
[2026-06-08 11:27:58,718] DEBUG hpack.hpack | Decoded 78, consumed 1 bytes
[2026-06-08 11:27:58,718] DEBUG hpack.hpack | Decoded (b'content-range', <memory at 0x7f9005e541c0>), consumed 1
[2026-06-08 11:27:58,719] DEBUG hpack.hpack | Decoded 77, consumed 2 bytes
[2026-06-08 11:27:58,719] DEBUG hpack.hpack | Decoded 15, consumed 1 bytes
[2026-06-08 11:27:58,720] DEBUG hpack.hpack | Decoded (b'cf-ray', b'a089445a6f126e78-BOG'), total consumed 18 bytes, indexed True
[2026-06-08 11:27:58,721] DEBUG hpack.hpack | Decoded 77, consumed 1 bytes
[2026-06-08 11:27:58,721] DEBUG hpack.hpack | Decoded (b'cf-cache-status', b'DYNAMIC'), consumed 1
[2026-06-08 11:27:58,721] DEBUG hpack.hpack | Decoded 29, consumed 1 bytes
[2026-06-08 11:27:58,722] DEBUG hpack.hpack | Decoded 84, consumed 1 bytes
[2026-06-08 11:27:58,723] DEBUG hpack.hpack | Decoded (b'content-location', b'/conversations?limit=1&order=created_at.desc&role=eq.student&select=id&user_id=eq.c6d7145a-2fc1-4445-b641-dc5fbe849d53'), total consumed 86 bytes, indexed True
[2026-06-08 11:27:58,723] DEBUG hpack.hpack | Decoded 76, consumed 1 bytes
[2026-06-08 11:27:58,724] DEBUG hpack.hpack | Decoded (b'server', b'cloudflare'), consumed 1
[2026-06-08 11:27:58,724] DEBUG hpack.hpack | Decoded 75, consumed 1 bytes
[2026-06-08 11:27:58,725] DEBUG hpack.hpack | Decoded (b'strict-transport-security', b'max-age=31536000; includeSubDomains; preload'), consumed 1
[2026-06-08 11:27:58,725] DEBUG hpack.hpack | Decoded 74, consumed 1 bytes
[2026-06-08 11:27:58,726] DEBUG hpack.hpack | Decoded (b'x-content-type-options', b'nosniff'), consumed 1
[2026-06-08 11:27:58,726] DEBUG hpack.hpack | Decoded 73, consumed 1 bytes
[2026-06-08 11:27:58,727] DEBUG hpack.hpack | Decoded (b'content-profile', b'public'), consumed 1
[2026-06-08 11:27:58,727] DEBUG hpack.hpack | Decoded 72, consumed 1 bytes
[2026-06-08 11:27:58,727] DEBUG hpack.hpack | Decoded (b'sb-gateway-version', <memory at 0x7f9005e54280>), consumed 1
[2026-06-08 11:27:58,728] DEBUG hpack.hpack | Decoded 71, consumed 1 bytes
[2026-06-08 11:27:58,729] DEBUG hpack.hpack | Decoded (b'sb-project-ref', b'fpombaziyombczyfdryt'), consumed 1
[2026-06-08 11:27:58,729] DEBUG hpack.hpack | Decoded 70, consumed 2 bytes
[2026-06-08 11:27:58,730] DEBUG hpack.hpack | Decoded 26, consumed 1 bytes
[2026-06-08 11:27:58,730] DEBUG hpack.hpack | Decoded (b'sb-request-id', b'019ea80f-f480-7f17-abec-45a66f173686'), total consumed 29 bytes, indexed True
[2026-06-08 11:27:58,730] DEBUG hpack.hpack | Decoded 70, consumed 1 bytes
[2026-06-08 11:27:58,731] DEBUG hpack.hpack | Decoded (b'x-envoy-attempt-count', <memory at 0x7f9005e54100>), consumed 1
[2026-06-08 11:27:58,731] DEBUG hpack.hpack | Decoded 69, consumed 2 bytes
[2026-06-08 11:27:58,731] DEBUG hpack.hpack | Decoded 1, consumed 1 bytes
[2026-06-08 11:27:58,732] DEBUG hpack.hpack | Decoded (b'x-envoy-upstream-service-time', <memory at 0x7f9005e55840>), total consumed 4 bytes, indexed True
[2026-06-08 11:27:58,732] DEBUG hpack.hpack | Decoded 69, consumed 1 bytes
[2026-06-08 11:27:58,733] DEBUG hpack.hpack | Decoded (b'alt-svc', b'h3=":443"; ma=86400'), consumed 1
[2026-06-08 11:27:58,734] DEBUG httpcore.http2 | receive_response_headers.complete return_value=(200, [(b'date', b'Mon, 08 Jun 2026 16:27:58 GMT'), (b'content-type', b'application/json; charset=utf-8'), (b'content-length', b'2'), (b'content-range', b'*/*'), (b'cf-ray', b'a089445a6f126e78-BOG'), (b'cf-cache-status', b'DYNAMIC'), (b'content-location', b'/conversations?limit=1&order=created_at.desc&role=eq.student&select=id&user_id=eq.c6d7145a-2fc1-4445-b641-dc5fbe849d53'), (b'server', b'cloudflare'), (b'strict-transport-security', b'max-age=31536000; includeSubDomains; preload'), (b'x-content-type-options', b'nosniff'), (b'content-profile', b'public'), (b'sb-gateway-version', b'1'), (b'sb-project-ref', b'fpombaziyombczyfdryt'), (b'sb-request-id', b'019ea80f-f480-7f17-abec-45a66f173686'), (b'x-envoy-attempt-count', b'1'), (b'x-envoy-upstream-service-time', b'3'), (b'alt-svc', b'h3=":443"; ma=86400')])
[2026-06-08 11:27:58,736] INFO httpx | HTTP Request: GET https://fpombaziyombczyfdryt.supabase.co/rest/v1/conversations?select=id&user_id=eq.c6d7145a-2fc1-4445-b641-dc5fbe849d53&role=eq.student&order=created_at.desc&limit=1 "HTTP/2 200 OK"
[2026-06-08 11:27:58,737] DEBUG httpcore.http2 | receive_response_body.started request=<Request [b'GET']> stream_id=5
[2026-06-08 11:27:58,739] DEBUG httpcore.http2 | receive_response_body.complete
[2026-06-08 11:27:58,740] DEBUG httpcore.http2 | response_closed.started stream_id=5
[2026-06-08 11:27:58,741] DEBUG httpcore.http2 | response_closed.complete
[2026-06-08 11:27:58,748] DEBUG httpcore.http2 | send_request_headers.started request=<Request [b'POST']> stream_id=7
[2026-06-08 11:27:58,750] DEBUG hpack.hpack | Adding (b':method', b'POST') to the header table, sensitive:False, huffman:True
[2026-06-08 11:27:58,750] DEBUG hpack.hpack | Encoding 3 with 7 bits
[2026-06-08 11:27:58,751] DEBUG hpack.hpack | Adding (b':authority', b'fpombaziyombczyfdryt.supabase.co') to the header table, sensitive:False, huffman:True
[2026-06-08 11:27:58,751] DEBUG hpack.hpack | Encoding 76 with 7 bits
[2026-06-08 11:27:58,752] DEBUG hpack.hpack | Adding (b':scheme', b'https') to the header table, sensitive:False, huffman:True
[2026-06-08 11:27:58,752] DEBUG hpack.hpack | Encoding 7 with 7 bits
[2026-06-08 11:27:58,753] DEBUG hpack.hpack | Adding (b':path', b'/rest/v1/conversations') to the header table, sensitive:False, huffman:True
[2026-06-08 11:27:58,753] DEBUG hpack.hpack | Encoding 4 with 6 bits
[2026-06-08 11:27:58,754] DEBUG hpack.hpack | Encoding 16 with 7 bits
[2026-06-08 11:27:58,754] DEBUG hpack.hpack | Adding (b'accept', b'*/*') to the header table, sensitive:False, huffman:True
[2026-06-08 11:27:58,755] DEBUG hpack.hpack | Encoding 75 with 7 bits
[2026-06-08 11:27:58,755] DEBUG hpack.hpack | Adding (b'accept-encoding', b'gzip, deflate, zstd') to the header table, sensitive:False, huffman:True
[2026-06-08 11:27:58,756] DEBUG hpack.hpack | Encoding 74 with 7 bits
[2026-06-08 11:27:58,756] DEBUG hpack.hpack | Adding (b'user-agent', b'python-httpx/0.28.1') to the header table, sensitive:False, huffman:True
[2026-06-08 11:27:58,757] DEBUG hpack.hpack | Encoding 73 with 7 bits
[2026-06-08 11:27:58,757] DEBUG hpack.hpack | Adding (b'prefer', b'return=representation') to the header table, sensitive:False, huffman:True
[2026-06-08 11:27:58,758] DEBUG hpack.hpack | Encoding 5 with 7 bits
[2026-06-08 11:27:58,759] DEBUG hpack.hpack | Encoding 15 with 7 bits
[2026-06-08 11:27:58,759] DEBUG hpack.hpack | Adding (b'x-client-info', b'supabase-py/2.30.1') to the header table, sensitive:False, huffman:True
[2026-06-08 11:27:58,760] DEBUG hpack.hpack | Encoding 73 with 7 bits
[2026-06-08 11:27:58,760] DEBUG hpack.hpack | Adding (b'x-supabase-client-platform', b'Linux') to the header table, sensitive:False, huffman:True
[2026-06-08 11:27:58,761] DEBUG hpack.hpack | Encoding 72 with 7 bits
[2026-06-08 11:27:58,761] DEBUG hpack.hpack | Adding (b'x-supabase-client-platform-version', b'7.0.11-1-cachyos-bore') to the header table, sensitive:False, huffman:True
[2026-06-08 11:27:58,762] DEBUG hpack.hpack | Encoding 71 with 7 bits
[2026-06-08 11:27:58,762] DEBUG hpack.hpack | Adding (b'x-supabase-client-runtime', b'python') to the header table, sensitive:False, huffman:True
[2026-06-08 11:27:58,763] DEBUG hpack.hpack | Encoding 70 with 7 bits
[2026-06-08 11:27:58,763] DEBUG hpack.hpack | Adding (b'x-supabase-client-runtime-version', b'3.14.5') to the header table, sensitive:False, huffman:True
[2026-06-08 11:27:58,764] DEBUG hpack.hpack | Encoding 69 with 7 bits
[2026-06-08 11:27:58,764] DEBUG hpack.hpack | Adding (b'apikey', b'eyJhbGciOiJIUzI1NiIsInR5cCI6IkpXVCJ9.eyJpc3MiOiJzdXBhYmFzZSIsInJlZiI6ImZwb21iYXppeW9tYmN6eWZkcnl0Iiwicm9sZSI6InNlcnZpY2Vfcm9sZSIsImlhdCI6MTc4MDA4MjM2MCwiZXhwIjoyMDk1NjU4MzYwfQ.hOA2efvOMFjcoFwfFNEoNNjIRSj-SUnsnyEGOm5wNfs') to the header table, sensitive:False, huffman:True
[2026-06-08 11:27:58,765] DEBUG hpack.hpack | Encoding 68 with 7 bits
[2026-06-08 11:27:58,765] DEBUG hpack.hpack | Adding (b'authorization', b'Bearer eyJhbGciOiJIUzI1NiIsInR5cCI6IkpXVCJ9.eyJpc3MiOiJzdXBhYmFzZSIsInJlZiI6ImZwb21iYXppeW9tYmN6eWZkcnl0Iiwicm9sZSI6InNlcnZpY2Vfcm9sZSIsImlhdCI6MTc4MDA4MjM2MCwiZXhwIjoyMDk1NjU4MzYwfQ.hOA2efvOMFjcoFwfFNEoNNjIRSj-SUnsnyEGOm5wNfs') to the header table, sensitive:True, huffman:True
[2026-06-08 11:27:58,766] DEBUG hpack.hpack | Encoding 23 with 4 bits
[2026-06-08 11:27:58,767] DEBUG hpack.hpack | Encoding 181 with 7 bits
[2026-06-08 11:27:58,768] DEBUG hpack.hpack | Adding (b'accept-profile', b'public') to the header table, sensitive:False, huffman:True
[2026-06-08 11:27:58,769] DEBUG hpack.hpack | Encoding 67 with 7 bits
[2026-06-08 11:27:58,769] DEBUG hpack.hpack | Adding (b'content-profile', b'public') to the header table, sensitive:False, huffman:True
[2026-06-08 11:27:58,770] DEBUG hpack.hpack | Encoding 66 with 7 bits
[2026-06-08 11:27:58,770] DEBUG hpack.hpack | Adding (b'cookie', b'__cf_bm=9iQ4f.i9u0y84_fThN5o8wVgOAcAuIiwuE02tFLBm.4-1780936030.7875392-1.0.1.1-c.SKKgjU0b4RFrwvzFL1HtA1iE7WbExwhNI_7ALU3omjFTwvDzF9ItGj6QCtcSistQ4I3dITncA.QxK53HqSBIBCUpeuIyyB_cen_fu8uNb8J3QzMknuxiNemJ5DdYmu') to the header table, sensitive:False, huffman:True
[2026-06-08 11:27:58,771] DEBUG hpack.hpack | Encoding 65 with 7 bits
[2026-06-08 11:27:58,771] DEBUG hpack.hpack | Adding (b'content-length', b'535') to the header table, sensitive:False, huffman:True
[2026-06-08 11:27:58,772] DEBUG hpack.hpack | Encoding 28 with 6 bits
[2026-06-08 11:27:58,772] DEBUG hpack.hpack | Encoding 3 with 7 bits
[2026-06-08 11:27:58,773] DEBUG hpack.hpack | Adding (b'content-type', b'application/json') to the header table, sensitive:False, huffman:True
[2026-06-08 11:27:58,773] DEBUG hpack.hpack | Encoding 31 with 6 bits
[2026-06-08 11:27:58,774] DEBUG hpack.hpack | Encoding 11 with 7 bits
[2026-06-08 11:27:58,774] DEBUG hpack.hpack | Encoded header block to b"\x83\xcc\x87D\x90b\xc2\xa1,w\x0b\x04=]\xcbb\x06\x93\x1e\xa4\x7f\xcb\xca\xc9@\x85\xae\xc2\xca[?\x8f\xb0\xa9\xb6\xca\xa0\xb0\xb5\xd8T\x16\xa4\x8d&=_\xc9\xc8\xc7\xc6\xc5\xc4\x1f\x08\xff6\xbaQ\xd8[\x14/\xac\xb3\xc7\x88\x86\xd4l\xb98{\xc8\x1d&\xc8\x8c\x95ml\x97\xb29\x93\xad\x7f\x9coe}r\xfa\xcbY\x19\xd0mF\xcb\xeeO\xcb\xb3\xf3\xa7\x0f\xbf\xdd\xd9\x11\x92\xac\xb4~\x9b#\x99)\xfd\xf1\x18\x82n\x7f\x95\xd6^O\xa7\x9d:\\//\xde\xa4\xaa\x80d7\x83\x12\x97\xd1\xfb\xbb#\x99*\xd3A*\xfd\xaf\x98\xb8\xcaJ_G\xee\xec\x88\xc9M\x13\xc9{#\x9a7\x91\xad\x17\xe1kGM\x02\xd1{\xc1\xbf\x7f'\xf1\x93\xa1\xfdh\xbf\xd4:zpkG\xbe~%\xd8\xbc\xfa\xa1\x11e\xef\xabF\x1e\x84>\x1f\x12\xe1\xd3\x80\xfat\xf4\xc9\xb7wE\xb7p\xa9\x15z\xc1\x8bU-\xf8\xd3*?\xc3\xc2\xc1\\\x83m\x96\xff_\x8b\x1du\xd0b\r&=LtA\xea"
[2026-06-08 11:27:58,776] DEBUG httpcore.http2 | send_request_headers.complete
[2026-06-08 11:27:58,777] DEBUG httpcore.http2 | send_request_body.started request=<Request [b'POST']> stream_id=7
[2026-06-08 11:27:58,779] DEBUG httpcore.http2 | send_request_body.complete
[2026-06-08 11:27:58,780] DEBUG httpcore.http2 | receive_response_headers.started request=<Request [b'POST']> stream_id=7
[2026-06-08 11:27:59,026] DEBUG watchfiles.main | 1 change detected: {(<Change.modified: 2>, '/home/niko/Proyectos/C_sol/Vyntra/backend/nohup.out')}
[2026-06-08 11:27:59,072] DEBUG hpack.hpack | Decoding b'N\x82\x10\x03\xc5\xd5\xd3\x7f\x13\x8f\x18\x1e}\xa6\x9b \xdf!\\+\xaf-wV/\xd2Z\x83\x9b\xd9\xab\xd1\xd0{\x8b\x84\x84-i[\x05D<\x86\xaao\xd0\xcf@\x8d\xae\xc2\xca[\x0bQ\n\xb0\xeb\xae\x83\x16O\x8f\xb0\xa9\xb6\xca\xa0\xb0\xb5\xd8T\x16\xa4\x8d&=_\xcf\xce\x7f\x0e\x9a\x00_(\xde\x04\xabJ\xd9_Y\xd1H\xe2\xc3h.,\xdc\x8e\x11\xf0<\xe0\x02\xfb\x9f\xcd\xc4\xcb'
[2026-06-08 11:27:59,073] DEBUG hpack.hpack | Decoded 14, consumed 1 bytes
[2026-06-08 11:27:59,073] DEBUG hpack.hpack | Decoded 2, consumed 1 bytes
[2026-06-08 11:27:59,074] DEBUG hpack.hpack | Decoded (b':status', b'201'), total consumed 4 bytes, indexed True
[2026-06-08 11:27:59,075] DEBUG hpack.hpack | Decoded 69, consumed 1 bytes
[2026-06-08 11:27:59,075] DEBUG hpack.hpack | Decoded (b'date', b'Mon, 08 Jun 2026 16:27:58 GMT'), consumed 1
[2026-06-08 11:27:59,076] DEBUG hpack.hpack | Decoded 85, consumed 1 bytes
[2026-06-08 11:27:59,076] DEBUG hpack.hpack | Decoded (b'content-type', b'application/json; charset=utf-8'), consumed 1
[2026-06-08 11:27:59,077] DEBUG hpack.hpack | Decoded 83, consumed 1 bytes
[2026-06-08 11:27:59,077] DEBUG hpack.hpack | Decoded (b'content-range', <memory at 0x7f9005e541c0>), consumed 1
[2026-06-08 11:27:59,078] DEBUG hpack.hpack | Decoded 82, consumed 2 bytes
[2026-06-08 11:27:59,078] DEBUG hpack.hpack | Decoded 15, consumed 1 bytes
[2026-06-08 11:27:59,079] DEBUG hpack.hpack | Decoded (b'cf-ray', b'a089445ca9ce6e78-BOG'), total consumed 18 bytes, indexed True
[2026-06-08 11:27:59,079] DEBUG hpack.hpack | Decoded 82, consumed 1 bytes
[2026-06-08 11:27:59,080] DEBUG hpack.hpack | Decoded (b'cf-cache-status', b'DYNAMIC'), consumed 1
[2026-06-08 11:27:59,080] DEBUG hpack.hpack | Decoded 26, consumed 1 bytes
[2026-06-08 11:27:59,080] DEBUG hpack.hpack | Decoded 3, consumed 1 bytes
[2026-06-08 11:27:59,081] DEBUG hpack.hpack | Decoded (b'content-encoding', b'gzip'), total consumed 5 bytes, indexed True
[2026-06-08 11:27:59,081] DEBUG hpack.hpack | Decoded 81, consumed 1 bytes
[2026-06-08 11:27:59,081] DEBUG hpack.hpack | Decoded (b'server', b'cloudflare'), consumed 1
[2026-06-08 11:27:59,081] DEBUG hpack.hpack | Decoded 80, consumed 1 bytes
[2026-06-08 11:27:59,082] DEBUG hpack.hpack | Decoded (b'strict-transport-security', b'max-age=31536000; includeSubDomains; preload'), consumed 1
[2026-06-08 11:27:59,082] DEBUG hpack.hpack | Decoded 59, consumed 1 bytes
[2026-06-08 11:27:59,082] DEBUG hpack.hpack | Decoded 11, consumed 1 bytes
[2026-06-08 11:27:59,082] DEBUG hpack.hpack | Decoded (b'vary', b'Accept-Encoding'), total consumed 13 bytes, indexed True
[2026-06-08 11:27:59,083] DEBUG hpack.hpack | Decoded 80, consumed 1 bytes
[2026-06-08 11:27:59,083] DEBUG hpack.hpack | Decoded (b'x-content-type-options', b'nosniff'), consumed 1
[2026-06-08 11:27:59,083] DEBUG hpack.hpack | Decoded 79, consumed 1 bytes
[2026-06-08 11:27:59,084] DEBUG hpack.hpack | Decoded (b'content-profile', b'public'), consumed 1
[2026-06-08 11:27:59,084] DEBUG hpack.hpack | Decoded 13, consumed 1 bytes
[2026-06-08 11:27:59,085] DEBUG hpack.hpack | Decoded 15, consumed 1 bytes
[2026-06-08 11:27:59,085] DEBUG hpack.hpack | Decoded (b'preference-applied', b'return=representation'), total consumed 31 bytes, indexed True
[2026-06-08 11:27:59,086] DEBUG hpack.hpack | Decoded 79, consumed 1 bytes
[2026-06-08 11:27:59,086] DEBUG hpack.hpack | Decoded (b'sb-gateway-version', <memory at 0x7f9005e54280>), consumed 1
[2026-06-08 11:27:59,087] DEBUG hpack.hpack | Decoded 78, consumed 1 bytes
[2026-06-08 11:27:59,087] DEBUG hpack.hpack | Decoded (b'sb-project-ref', b'fpombaziyombczyfdryt'), consumed 1
[2026-06-08 11:27:59,087] DEBUG hpack.hpack | Decoded 77, consumed 2 bytes
[2026-06-08 11:27:59,088] DEBUG hpack.hpack | Decoded 26, consumed 1 bytes
[2026-06-08 11:27:59,089] DEBUG hpack.hpack | Decoded (b'sb-request-id', b'019ea80f-f5e9-72d6-a416-5d6c90860196'), total consumed 29 bytes, indexed True
[2026-06-08 11:27:59,089] DEBUG hpack.hpack | Decoded 77, consumed 1 bytes
[2026-06-08 11:27:59,089] DEBUG hpack.hpack | Decoded (b'x-envoy-attempt-count', <memory at 0x7f9005e54100>), consumed 1
[2026-06-08 11:27:59,090] DEBUG hpack.hpack | Decoded 68, consumed 1 bytes
[2026-06-08 11:27:59,090] DEBUG hpack.hpack | Decoded (b'x-envoy-upstream-service-time', <memory at 0x7f9005e55840>), consumed 1
[2026-06-08 11:27:59,091] DEBUG hpack.hpack | Decoded 75, consumed 1 bytes
[2026-06-08 11:27:59,091] DEBUG hpack.hpack | Decoded (b'alt-svc', b'h3=":443"; ma=86400'), consumed 1
[2026-06-08 11:27:59,093] DEBUG httpcore.http2 | receive_response_headers.complete return_value=(201, [(b'date', b'Mon, 08 Jun 2026 16:27:58 GMT'), (b'content-type', b'application/json; charset=utf-8'), (b'content-range', b'*/*'), (b'cf-ray', b'a089445ca9ce6e78-BOG'), (b'cf-cache-status', b'DYNAMIC'), (b'content-encoding', b'gzip'), (b'server', b'cloudflare'), (b'strict-transport-security', b'max-age=31536000; includeSubDomains; preload'), (b'vary', b'Accept-Encoding'), (b'x-content-type-options', b'nosniff'), (b'content-profile', b'public'), (b'preference-applied', b'return=representation'), (b'sb-gateway-version', b'1'), (b'sb-project-ref', b'fpombaziyombczyfdryt'), (b'sb-request-id', b'019ea80f-f5e9-72d6-a416-5d6c90860196'), (b'x-envoy-attempt-count', b'1'), (b'x-envoy-upstream-service-time', b'3'), (b'alt-svc', b'h3=":443"; ma=86400')])
[2026-06-08 11:27:59,095] INFO httpx | HTTP Request: POST https://fpombaziyombczyfdryt.supabase.co/rest/v1/conversations "HTTP/2 201 Created"
[2026-06-08 11:27:59,096] DEBUG httpcore.http2 | receive_response_body.started request=<Request [b'POST']> stream_id=7
[2026-06-08 11:27:59,099] DEBUG httpcore.http2 | receive_response_body.complete
[2026-06-08 11:27:59,099] DEBUG httpcore.http2 | response_closed.started stream_id=7
[2026-06-08 11:27:59,100] DEBUG httpcore.http2 | response_closed.complete
[2026-06-08 11:27:59,101] INFO siee.ai_agent | stream done [student] user=c6d7145a-2fc1-4445-b641-dc5fbe849d53 req=c2deb041eb58 tokens=253
[2026-06-08 11:27:59,103] DEBUG httpcore.http11 | response_closed.started
[2026-06-08 11:27:59,104] DEBUG httpcore.http11 | response_closed.complete
[2026-06-08 11:27:59,118] DEBUG httpcore.http11 | receive_response_body.failed exception=GeneratorExit()
[2026-06-08 11:27:59,198] INFO siee.ai_agent | chat req=f48f04793452 role=student user=c6d7145a-2fc1-4445-b641-dc5fbe849d53 msg_len=27
[2026-06-08 11:27:59,274] DEBUG httpcore.connection | connect_tcp.started host='openrouter.ai' port=443 local_address=None timeout=45 socket_options=None
[2026-06-08 11:27:59,310] DEBUG httpcore.connection | connect_tcp.complete return_value=<httpcore._backends.anyio.AnyIOStream object at 0x7f900620f230>
[2026-06-08 11:27:59,311] DEBUG httpcore.connection | start_tls.started ssl_context=<ssl.SSLContext object at 0x7f9005daac10> server_hostname='openrouter.ai' timeout=45
[2026-06-08 11:27:59,367] DEBUG httpcore.connection | start_tls.complete return_value=<httpcore._backends.anyio.AnyIOStream object at 0x7f9005db2f90>
[2026-06-08 11:27:59,369] DEBUG httpcore.http11 | send_request_headers.started request=<Request [b'POST']>
[2026-06-08 11:27:59,371] DEBUG httpcore.http11 | send_request_headers.complete
[2026-06-08 11:27:59,372] DEBUG httpcore.http11 | send_request_body.started request=<Request [b'POST']>
[2026-06-08 11:27:59,374] DEBUG httpcore.http11 | send_request_body.complete
[2026-06-08 11:27:59,374] DEBUG httpcore.http11 | receive_response_headers.started request=<Request [b'POST']>
[2026-06-08 11:27:59,379] DEBUG watchfiles.main | 1 change detected: {(<Change.modified: 2>, '/home/niko/Proyectos/C_sol/Vyntra/backend/nohup.out')}
[2026-06-08 11:27:59,730] DEBUG watchfiles.main | 1 change detected: {(<Change.modified: 2>, '/home/niko/Proyectos/C_sol/Vyntra/backend/nohup.out')}
[2026-06-08 11:28:00,082] DEBUG watchfiles.main | 1 change detected: {(<Change.modified: 2>, '/home/niko/Proyectos/C_sol/Vyntra/backend/nohup.out')}
[2026-06-08 11:28:00,434] DEBUG watchfiles.main | 1 change detected: {(<Change.modified: 2>, '/home/niko/Proyectos/C_sol/Vyntra/backend/nohup.out')}
[2026-06-08 11:28:00,786] DEBUG watchfiles.main | 1 change detected: {(<Change.modified: 2>, '/home/niko/Proyectos/C_sol/Vyntra/backend/nohup.out')}
[2026-06-08 11:28:00,966] DEBUG httpcore.http11 | receive_response_headers.complete return_value=(b'HTTP/1.1', 200, b'OK', [(b'Date', b'Mon, 08 Jun 2026 16:28:00 GMT'), (b'Content-Type', b'text/event-stream'), (b'Transfer-Encoding', b'chunked'), (b'Connection', b'keep-alive'), (b'Access-Control-Allow-Origin', b'*'), (b'Cache-Control', b'no-cache'), (b'X-Generation-Id', b'gen-1780936079-S2QmVzVc0PafDUCGjC8b'), (b'access-control-expose-headers', b'X-Generation-Id,cf-ray'), (b'Permissions-Policy', b'payment=(self "https://checkout.stripe.com" "https://connect-js.stripe.com" "https://js.stripe.com" "https://*.js.stripe.com" "https://hooks.stripe.com")'), (b'Referrer-Policy', b'no-referrer, strict-origin-when-cross-origin'), (b'X-Content-Type-Options', b'nosniff'), (b'Server', b'cloudflare'), (b'CF-RAY', b'a08944602fc4386d-BOG')])
[2026-06-08 11:28:00,968] INFO httpx | HTTP Request: POST https://openrouter.ai/api/v1/chat/completions "HTTP/1.1 200 OK"
[2026-06-08 11:28:00,970] DEBUG httpcore.http11 | receive_response_body.started request=<Request [b'POST']>
[2026-06-08 11:28:01,138] DEBUG watchfiles.main | 1 change detected: {(<Change.modified: 2>, '/home/niko/Proyectos/C_sol/Vyntra/backend/nohup.out')}
[2026-06-08 11:28:01,490] DEBUG watchfiles.main | 1 change detected: {(<Change.modified: 2>, '/home/niko/Proyectos/C_sol/Vyntra/backend/nohup.out')}
[2026-06-08 11:28:01,842] DEBUG watchfiles.main | 1 change detected: {(<Change.modified: 2>, '/home/niko/Proyectos/C_sol/Vyntra/backend/nohup.out')}
[2026-06-08 11:28:02,194] DEBUG watchfiles.main | 1 change detected: {(<Change.modified: 2>, '/home/niko/Proyectos/C_sol/Vyntra/backend/nohup.out')}
[2026-06-08 11:28:02,546] DEBUG watchfiles.main | 1 change detected: {(<Change.modified: 2>, '/home/niko/Proyectos/C_sol/Vyntra/backend/nohup.out')}
[2026-06-08 11:28:02,898] DEBUG watchfiles.main | 1 change detected: {(<Change.modified: 2>, '/home/niko/Proyectos/C_sol/Vyntra/backend/nohup.out')}
[2026-06-08 11:28:03,251] DEBUG watchfiles.main | 1 change detected: {(<Change.modified: 2>, '/home/niko/Proyectos/C_sol/Vyntra/backend/nohup.out')}
[2026-06-08 11:28:03,603] DEBUG watchfiles.main | 1 change detected: {(<Change.modified: 2>, '/home/niko/Proyectos/C_sol/Vyntra/backend/nohup.out')}
[2026-06-08 11:28:03,955] DEBUG watchfiles.main | 1 change detected: {(<Change.modified: 2>, '/home/niko/Proyectos/C_sol/Vyntra/backend/nohup.out')}
[2026-06-08 11:28:04,307] DEBUG watchfiles.main | 1 change detected: {(<Change.modified: 2>, '/home/niko/Proyectos/C_sol/Vyntra/backend/nohup.out')}
[2026-06-08 11:28:04,659] DEBUG watchfiles.main | 1 change detected: {(<Change.modified: 2>, '/home/niko/Proyectos/C_sol/Vyntra/backend/nohup.out')}
[2026-06-08 11:28:05,011] DEBUG watchfiles.main | 1 change detected: {(<Change.modified: 2>, '/home/niko/Proyectos/C_sol/Vyntra/backend/nohup.out')}
[2026-06-08 11:28:05,363] DEBUG watchfiles.main | 1 change detected: {(<Change.modified: 2>, '/home/niko/Proyectos/C_sol/Vyntra/backend/nohup.out')}
[2026-06-08 11:28:05,715] DEBUG watchfiles.main | 1 change detected: {(<Change.modified: 2>, '/home/niko/Proyectos/C_sol/Vyntra/backend/nohup.out')}
[2026-06-08 11:28:06,067] DEBUG watchfiles.main | 1 change detected: {(<Change.modified: 2>, '/home/niko/Proyectos/C_sol/Vyntra/backend/nohup.out')}
[2026-06-08 11:28:06,419] DEBUG watchfiles.main | 1 change detected: {(<Change.modified: 2>, '/home/niko/Proyectos/C_sol/Vyntra/backend/nohup.out')}
[2026-06-08 11:28:06,772] DEBUG watchfiles.main | 1 change detected: {(<Change.modified: 2>, '/home/niko/Proyectos/C_sol/Vyntra/backend/nohup.out')}
[2026-06-08 11:28:07,124] DEBUG watchfiles.main | 1 change detected: {(<Change.modified: 2>, '/home/niko/Proyectos/C_sol/Vyntra/backend/nohup.out')}
[2026-06-08 11:28:07,476] DEBUG watchfiles.main | 1 change detected: {(<Change.modified: 2>, '/home/niko/Proyectos/C_sol/Vyntra/backend/nohup.out')}
[2026-06-08 11:28:07,827] DEBUG watchfiles.main | 1 change detected: {(<Change.modified: 2>, '/home/niko/Proyectos/C_sol/Vyntra/backend/nohup.out')}
[2026-06-08 11:28:08,179] DEBUG watchfiles.main | 1 change detected: {(<Change.modified: 2>, '/home/niko/Proyectos/C_sol/Vyntra/backend/nohup.out')}
[2026-06-08 11:28:08,531] DEBUG watchfiles.main | 1 change detected: {(<Change.modified: 2>, '/home/niko/Proyectos/C_sol/Vyntra/backend/nohup.out')}
[2026-06-08 11:28:08,883] DEBUG watchfiles.main | 1 change detected: {(<Change.modified: 2>, '/home/niko/Proyectos/C_sol/Vyntra/backend/nohup.out')}
[2026-06-08 11:28:09,144] DEBUG httpcore.http11 | receive_response_body.failed exception=CancelledError("Cancelled via cancel scope 7f9005e56750 by <Task pending name='starlette.middleware.base.BaseHTTPMiddleware.__call__.<locals>.call_next.<locals>.coro' coro=<BaseHTTPMiddleware.__call__.<locals>.call_next.<locals>.coro() running at /home/niko/.local/lib/python3.14/site-packages/starlette/middleware/base.py:144> cb=[TaskGroup._spawn.<locals>.task_done() at /home/niko/.local/lib/python3.14/site-packages/anyio/_backends/_asyncio.py:821]>")
[2026-06-08 11:28:09,145] DEBUG httpcore.http11 | response_closed.started
[2026-06-08 11:28:09,146] DEBUG httpcore.http11 | response_closed.complete
[2026-06-08 11:28:09,235] DEBUG watchfiles.main | 1 change detected: {(<Change.modified: 2>, '/home/niko/Proyectos/C_sol/Vyntra/backend/nohup.out')}
[2026-06-08 11:28:09,587] DEBUG watchfiles.main | 1 change detected: {(<Change.modified: 2>, '/home/niko/Proyectos/C_sol/Vyntra/backend/nohup.out')}
[2026-06-08 11:28:09,939] DEBUG watchfiles.main | 1 change detected: {(<Change.modified: 2>, '/home/niko/Proyectos/C_sol/Vyntra/backend/nohup.out')}
[2026-06-08 11:28:10,291] DEBUG watchfiles.main | 1 change detected: {(<Change.modified: 2>, '/home/niko/Proyectos/C_sol/Vyntra/backend/nohup.out')}
[2026-06-08 11:28:10,643] DEBUG watchfiles.main | 1 change detected: {(<Change.modified: 2>, '/home/niko/Proyectos/C_sol/Vyntra/backend/nohup.out')}
[2026-06-08 11:28:10,995] DEBUG watchfiles.main | 1 change detected: {(<Change.modified: 2>, '/home/niko/Proyectos/C_sol/Vyntra/backend/nohup.out')}
[2026-06-08 11:28:11,347] DEBUG watchfiles.main | 1 change detected: {(<Change.modified: 2>, '/home/niko/Proyectos/C_sol/Vyntra/backend/nohup.out')}
[2026-06-08 11:28:11,699] DEBUG watchfiles.main | 1 change detected: {(<Change.modified: 2>, '/home/niko/Proyectos/C_sol/Vyntra/backend/nohup.out')}
[2026-06-08 11:28:12,051] DEBUG watchfiles.main | 1 change detected: {(<Change.modified: 2>, '/home/niko/Proyectos/C_sol/Vyntra/backend/nohup.out')}
[2026-06-08 11:28:12,412] DEBUG watchfiles.main | 1 change detected: {(<Change.modified: 2>, '/home/niko/Proyectos/C_sol/Vyntra/backend/nohup.out')}
[2026-06-08 11:28:12,764] DEBUG watchfiles.main | 1 change detected: {(<Change.modified: 2>, '/home/niko/Proyectos/C_sol/Vyntra/backend/nohup.out')}
[2026-06-08 11:28:13,116] DEBUG watchfiles.main | 1 change detected: {(<Change.modified: 2>, '/home/niko/Proyectos/C_sol/Vyntra/backend/nohup.out')}
[2026-06-08 11:28:13,470] DEBUG watchfiles.main | 1 change detected: {(<Change.modified: 2>, '/home/niko/Proyectos/C_sol/Vyntra/backend/nohup.out')}
[2026-06-08 11:28:13,824] DEBUG watchfiles.main | 1 change detected: {(<Change.modified: 2>, '/home/niko/Proyectos/C_sol/Vyntra/backend/nohup.out')}
[2026-06-08 11:28:14,176] DEBUG watchfiles.main | 1 change detected: {(<Change.modified: 2>, '/home/niko/Proyectos/C_sol/Vyntra/backend/nohup.out')}
[2026-06-08 11:28:14,530] DEBUG watchfiles.main | 1 change detected: {(<Change.modified: 2>, '/home/niko/Proyectos/C_sol/Vyntra/backend/nohup.out')}
[2026-06-08 11:28:14,882] DEBUG watchfiles.main | 1 change detected: {(<Change.modified: 2>, '/home/niko/Proyectos/C_sol/Vyntra/backend/nohup.out')}
[2026-06-08 11:28:15,236] DEBUG watchfiles.main | 1 change detected: {(<Change.modified: 2>, '/home/niko/Proyectos/C_sol/Vyntra/backend/nohup.out')}
[2026-06-08 11:28:15,589] DEBUG watchfiles.main | 1 change detected: {(<Change.modified: 2>, '/home/niko/Proyectos/C_sol/Vyntra/backend/nohup.out')}
[2026-06-08 11:28:15,941] DEBUG watchfiles.main | 1 change detected: {(<Change.modified: 2>, '/home/niko/Proyectos/C_sol/Vyntra/backend/nohup.out')}
[2026-06-08 11:28:16,293] DEBUG watchfiles.main | 1 change detected: {(<Change.modified: 2>, '/home/niko/Proyectos/C_sol/Vyntra/backend/nohup.out')}
[2026-06-08 11:28:16,646] DEBUG watchfiles.main | 1 change detected: {(<Change.modified: 2>, '/home/niko/Proyectos/C_sol/Vyntra/backend/nohup.out')}
[2026-06-08 11:28:17,002] DEBUG watchfiles.main | 1 change detected: {(<Change.modified: 2>, '/home/niko/Proyectos/C_sol/Vyntra/backend/nohup.out')}
[2026-06-08 11:28:17,354] DEBUG watchfiles.main | 1 change detected: {(<Change.modified: 2>, '/home/niko/Proyectos/C_sol/Vyntra/backend/nohup.out')}
[2026-06-08 11:28:17,710] DEBUG watchfiles.main | 1 change detected: {(<Change.modified: 2>, '/home/niko/Proyectos/C_sol/Vyntra/backend/nohup.out')}
[2026-06-08 11:28:18,063] DEBUG watchfiles.main | 1 change detected: {(<Change.modified: 2>, '/home/niko/Proyectos/C_sol/Vyntra/backend/nohup.out')}
[2026-06-08 11:28:18,415] DEBUG watchfiles.main | 1 change detected: {(<Change.modified: 2>, '/home/niko/Proyectos/C_sol/Vyntra/backend/nohup.out')}
[2026-06-08 11:28:18,767] DEBUG watchfiles.main | 1 change detected: {(<Change.modified: 2>, '/home/niko/Proyectos/C_sol/Vyntra/backend/nohup.out')}
[2026-06-08 11:28:19,139] DEBUG watchfiles.main | 1 change detected: {(<Change.modified: 2>, '/home/niko/Proyectos/C_sol/Vyntra/backend/nohup.out')}
[2026-06-08 11:28:19,505] DEBUG watchfiles.main | 1 change detected: {(<Change.modified: 2>, '/home/niko/Proyectos/C_sol/Vyntra/backend/nohup.out')}
[2026-06-08 11:28:19,859] DEBUG watchfiles.main | 1 change detected: {(<Change.modified: 2>, '/home/niko/Proyectos/C_sol/Vyntra/backend/nohup.out')}
[2026-06-08 11:28:20,214] DEBUG watchfiles.main | 1 change detected: {(<Change.modified: 2>, '/home/niko/Proyectos/C_sol/Vyntra/backend/nohup.out')}
[2026-06-08 11:28:20,567] DEBUG watchfiles.main | 1 change detected: {(<Change.modified: 2>, '/home/niko/Proyectos/C_sol/Vyntra/backend/nohup.out')}
[2026-06-08 11:28:20,921] DEBUG watchfiles.main | 1 change detected: {(<Change.modified: 2>, '/home/niko/Proyectos/C_sol/Vyntra/backend/nohup.out')}
[2026-06-08 11:28:21,273] DEBUG watchfiles.main | 1 change detected: {(<Change.modified: 2>, '/home/niko/Proyectos/C_sol/Vyntra/backend/nohup.out')}
[2026-06-08 11:28:21,625] DEBUG watchfiles.main | 1 change detected: {(<Change.modified: 2>, '/home/niko/Proyectos/C_sol/Vyntra/backend/nohup.out')}
[2026-06-08 11:28:21,979] DEBUG watchfiles.main | 1 change detected: {(<Change.modified: 2>, '/home/niko/Proyectos/C_sol/Vyntra/backend/nohup.out')}
[2026-06-08 11:28:22,332] DEBUG watchfiles.main | 1 change detected: {(<Change.modified: 2>, '/home/niko/Proyectos/C_sol/Vyntra/backend/nohup.out')}
[2026-06-08 11:28:22,688] DEBUG watchfiles.main | 1 change detected: {(<Change.modified: 2>, '/home/niko/Proyectos/C_sol/Vyntra/backend/nohup.out')}
[2026-06-08 11:28:23,040] DEBUG watchfiles.main | 1 change detected: {(<Change.modified: 2>, '/home/niko/Proyectos/C_sol/Vyntra/backend/nohup.out')}
[2026-06-08 11:28:23,392] DEBUG watchfiles.main | 1 change detected: {(<Change.modified: 2>, '/home/niko/Proyectos/C_sol/Vyntra/backend/nohup.out')}
[2026-06-08 11:28:23,746] DEBUG watchfiles.main | 1 change detected: {(<Change.modified: 2>, '/home/niko/Proyectos/C_sol/Vyntra/backend/nohup.out')}
[2026-06-08 11:28:24,098] DEBUG watchfiles.main | 1 change detected: {(<Change.modified: 2>, '/home/niko/Proyectos/C_sol/Vyntra/backend/nohup.out')}
[2026-06-08 11:28:24,451] DEBUG watchfiles.main | 1 change detected: {(<Change.modified: 2>, '/home/niko/Proyectos/C_sol/Vyntra/backend/nohup.out')}
[2026-06-08 11:28:24,804] DEBUG watchfiles.main | 1 change detected: {(<Change.modified: 2>, '/home/niko/Proyectos/C_sol/Vyntra/backend/nohup.out')}
[2026-06-08 11:28:25,157] DEBUG watchfiles.main | 1 change detected: {(<Change.modified: 2>, '/home/niko/Proyectos/C_sol/Vyntra/backend/nohup.out')}
[2026-06-08 11:28:25,509] DEBUG watchfiles.main | 1 change detected: {(<Change.modified: 2>, '/home/niko/Proyectos/C_sol/Vyntra/backend/nohup.out')}
[2026-06-08 11:28:25,862] DEBUG watchfiles.main | 1 change detected: {(<Change.modified: 2>, '/home/niko/Proyectos/C_sol/Vyntra/backend/nohup.out')}
[2026-06-08 11:28:26,217] DEBUG watchfiles.main | 1 change detected: {(<Change.modified: 2>, '/home/niko/Proyectos/C_sol/Vyntra/backend/nohup.out')}
[2026-06-08 11:28:26,570] DEBUG watchfiles.main | 1 change detected: {(<Change.modified: 2>, '/home/niko/Proyectos/C_sol/Vyntra/backend/nohup.out')}
[2026-06-08 11:28:26,924] DEBUG watchfiles.main | 1 change detected: {(<Change.modified: 2>, '/home/niko/Proyectos/C_sol/Vyntra/backend/nohup.out')}
[2026-06-08 11:28:27,276] DEBUG watchfiles.main | 1 change detected: {(<Change.modified: 2>, '/home/niko/Proyectos/C_sol/Vyntra/backend/nohup.out')}
[2026-06-08 11:28:27,628] DEBUG watchfiles.main | 1 change detected: {(<Change.modified: 2>, '/home/niko/Proyectos/C_sol/Vyntra/backend/nohup.out')}
[2026-06-08 11:28:27,982] DEBUG watchfiles.main | 1 change detected: {(<Change.modified: 2>, '/home/niko/Proyectos/C_sol/Vyntra/backend/nohup.out')}
[2026-06-08 11:28:28,338] DEBUG watchfiles.main | 1 change detected: {(<Change.modified: 2>, '/home/niko/Proyectos/C_sol/Vyntra/backend/nohup.out')}
[2026-06-08 11:28:28,691] DEBUG watchfiles.main | 1 change detected: {(<Change.modified: 2>, '/home/niko/Proyectos/C_sol/Vyntra/backend/nohup.out')}
[2026-06-08 11:28:29,045] DEBUG watchfiles.main | 1 change detected: {(<Change.modified: 2>, '/home/niko/Proyectos/C_sol/Vyntra/backend/nohup.out')}
[2026-06-08 11:28:29,398] DEBUG watchfiles.main | 1 change detected: {(<Change.modified: 2>, '/home/niko/Proyectos/C_sol/Vyntra/backend/nohup.out')}
[2026-06-08 11:28:29,751] DEBUG watchfiles.main | 1 change detected: {(<Change.modified: 2>, '/home/niko/Proyectos/C_sol/Vyntra/backend/nohup.out')}
[2026-06-08 11:28:30,103] DEBUG watchfiles.main | 1 change detected: {(<Change.modified: 2>, '/home/niko/Proyectos/C_sol/Vyntra/backend/nohup.out')}
[2026-06-08 11:28:30,457] DEBUG watchfiles.main | 1 change detected: {(<Change.modified: 2>, '/home/niko/Proyectos/C_sol/Vyntra/backend/nohup.out')}
[2026-06-08 11:28:30,810] DEBUG watchfiles.main | 1 change detected: {(<Change.modified: 2>, '/home/niko/Proyectos/C_sol/Vyntra/backend/nohup.out')}
[2026-06-08 11:28:31,162] DEBUG watchfiles.main | 1 change detected: {(<Change.modified: 2>, '/home/niko/Proyectos/C_sol/Vyntra/backend/nohup.out')}
[2026-06-08 11:28:31,517] DEBUG watchfiles.main | 1 change detected: {(<Change.modified: 2>, '/home/niko/Proyectos/C_sol/Vyntra/backend/nohup.out')}
[2026-06-08 11:28:31,869] DEBUG watchfiles.main | 1 change detected: {(<Change.modified: 2>, '/home/niko/Proyectos/C_sol/Vyntra/backend/nohup.out')}
[2026-06-08 11:28:32,221] DEBUG watchfiles.main | 1 change detected: {(<Change.modified: 2>, '/home/niko/Proyectos/C_sol/Vyntra/backend/nohup.out')}
[2026-06-08 11:28:32,574] DEBUG watchfiles.main | 1 change detected: {(<Change.modified: 2>, '/home/niko/Proyectos/C_sol/Vyntra/backend/nohup.out')}
[2026-06-08 11:28:32,928] DEBUG watchfiles.main | 1 change detected: {(<Change.modified: 2>, '/home/niko/Proyectos/C_sol/Vyntra/backend/nohup.out')}
[2026-06-08 11:28:33,282] DEBUG watchfiles.main | 1 change detected: {(<Change.modified: 2>, '/home/niko/Proyectos/C_sol/Vyntra/backend/nohup.out')}
[2026-06-08 11:28:33,634] DEBUG watchfiles.main | 1 change detected: {(<Change.modified: 2>, '/home/niko/Proyectos/C_sol/Vyntra/backend/nohup.out')}
[2026-06-08 11:28:33,986] DEBUG watchfiles.main | 1 change detected: {(<Change.modified: 2>, '/home/niko/Proyectos/C_sol/Vyntra/backend/nohup.out')}
[2026-06-08 11:28:34,339] DEBUG watchfiles.main | 1 change detected: {(<Change.modified: 2>, '/home/niko/Proyectos/C_sol/Vyntra/backend/nohup.out')}
[2026-06-08 11:28:34,691] DEBUG watchfiles.main | 1 change detected: {(<Change.modified: 2>, '/home/niko/Proyectos/C_sol/Vyntra/backend/nohup.out')}
[2026-06-08 11:28:35,043] DEBUG watchfiles.main | 1 change detected: {(<Change.modified: 2>, '/home/niko/Proyectos/C_sol/Vyntra/backend/nohup.out')}
[2026-06-08 11:28:35,395] DEBUG watchfiles.main | 1 change detected: {(<Change.modified: 2>, '/home/niko/Proyectos/C_sol/Vyntra/backend/nohup.out')}
[2026-06-08 11:28:35,747] DEBUG watchfiles.main | 1 change detected: {(<Change.modified: 2>, '/home/niko/Proyectos/C_sol/Vyntra/backend/nohup.out')}
[2026-06-08 11:28:36,099] DEBUG watchfiles.main | 1 change detected: {(<Change.modified: 2>, '/home/niko/Proyectos/C_sol/Vyntra/backend/nohup.out')}
[2026-06-08 11:28:36,451] DEBUG watchfiles.main | 1 change detected: {(<Change.modified: 2>, '/home/niko/Proyectos/C_sol/Vyntra/backend/nohup.out')}
[2026-06-08 11:28:36,806] DEBUG watchfiles.main | 1 change detected: {(<Change.modified: 2>, '/home/niko/Proyectos/C_sol/Vyntra/backend/nohup.out')}
[2026-06-08 11:28:37,166] DEBUG watchfiles.main | 1 change detected: {(<Change.modified: 2>, '/home/niko/Proyectos/C_sol/Vyntra/backend/nohup.out')}
[2026-06-08 11:28:37,518] DEBUG watchfiles.main | 1 change detected: {(<Change.modified: 2>, '/home/niko/Proyectos/C_sol/Vyntra/backend/nohup.out')}
[2026-06-08 11:28:37,872] DEBUG watchfiles.main | 1 change detected: {(<Change.modified: 2>, '/home/niko/Proyectos/C_sol/Vyntra/backend/nohup.out')}
[2026-06-08 11:28:38,235] DEBUG watchfiles.main | 1 change detected: {(<Change.modified: 2>, '/home/niko/Proyectos/C_sol/Vyntra/backend/nohup.out')}
[2026-06-08 11:28:38,587] DEBUG watchfiles.main | 1 change detected: {(<Change.modified: 2>, '/home/niko/Proyectos/C_sol/Vyntra/backend/nohup.out')}
[2026-06-08 11:28:38,939] DEBUG watchfiles.main | 1 change detected: {(<Change.modified: 2>, '/home/niko/Proyectos/C_sol/Vyntra/backend/nohup.out')}
[2026-06-08 11:28:39,291] DEBUG watchfiles.main | 1 change detected: {(<Change.modified: 2>, '/home/niko/Proyectos/C_sol/Vyntra/backend/nohup.out')}
[2026-06-08 11:28:39,647] DEBUG watchfiles.main | 1 change detected: {(<Change.modified: 2>, '/home/niko/Proyectos/C_sol/Vyntra/backend/nohup.out')}
[2026-06-08 11:28:39,999] DEBUG watchfiles.main | 1 change detected: {(<Change.modified: 2>, '/home/niko/Proyectos/C_sol/Vyntra/backend/nohup.out')}
[2026-06-08 11:28:40,351] DEBUG watchfiles.main | 1 change detected: {(<Change.modified: 2>, '/home/niko/Proyectos/C_sol/Vyntra/backend/nohup.out')}
[2026-06-08 11:28:40,704] DEBUG watchfiles.main | 1 change detected: {(<Change.modified: 2>, '/home/niko/Proyectos/C_sol/Vyntra/backend/nohup.out')}
[2026-06-08 11:28:41,056] DEBUG watchfiles.main | 1 change detected: {(<Change.modified: 2>, '/home/niko/Proyectos/C_sol/Vyntra/backend/nohup.out')}
[2026-06-08 11:28:41,408] DEBUG watchfiles.main | 1 change detected: {(<Change.modified: 2>, '/home/niko/Proyectos/C_sol/Vyntra/backend/nohup.out')}
[2026-06-08 11:28:41,760] DEBUG watchfiles.main | 1 change detected: {(<Change.modified: 2>, '/home/niko/Proyectos/C_sol/Vyntra/backend/nohup.out')}
[2026-06-08 11:28:42,112] DEBUG watchfiles.main | 1 change detected: {(<Change.modified: 2>, '/home/niko/Proyectos/C_sol/Vyntra/backend/nohup.out')}
[2026-06-08 11:28:42,463] DEBUG watchfiles.main | 1 change detected: {(<Change.modified: 2>, '/home/niko/Proyectos/C_sol/Vyntra/backend/nohup.out')}
[2026-06-08 11:28:42,816] DEBUG watchfiles.main | 1 change detected: {(<Change.modified: 2>, '/home/niko/Proyectos/C_sol/Vyntra/backend/nohup.out')}
[2026-06-08 11:28:43,169] DEBUG watchfiles.main | 1 change detected: {(<Change.modified: 2>, '/home/niko/Proyectos/C_sol/Vyntra/backend/nohup.out')}
[2026-06-08 11:28:43,521] DEBUG watchfiles.main | 1 change detected: {(<Change.modified: 2>, '/home/niko/Proyectos/C_sol/Vyntra/backend/nohup.out')}
[2026-06-08 11:28:43,873] DEBUG watchfiles.main | 1 change detected: {(<Change.modified: 2>, '/home/niko/Proyectos/C_sol/Vyntra/backend/nohup.out')}
[2026-06-08 11:28:44,225] DEBUG watchfiles.main | 1 change detected: {(<Change.modified: 2>, '/home/niko/Proyectos/C_sol/Vyntra/backend/nohup.out')}
[2026-06-08 11:28:44,577] DEBUG watchfiles.main | 1 change detected: {(<Change.modified: 2>, '/home/niko/Proyectos/C_sol/Vyntra/backend/nohup.out')}
[2026-06-08 11:28:44,929] DEBUG watchfiles.main | 1 change detected: {(<Change.modified: 2>, '/home/niko/Proyectos/C_sol/Vyntra/backend/nohup.out')}
[2026-06-08 11:28:45,284] DEBUG watchfiles.main | 1 change detected: {(<Change.modified: 2>, '/home/niko/Proyectos/C_sol/Vyntra/backend/nohup.out')}
[2026-06-08 11:28:45,650] DEBUG watchfiles.main | 1 change detected: {(<Change.modified: 2>, '/home/niko/Proyectos/C_sol/Vyntra/backend/nohup.out')}
[2026-06-08 11:28:46,002] DEBUG watchfiles.main | 1 change detected: {(<Change.modified: 2>, '/home/niko/Proyectos/C_sol/Vyntra/backend/nohup.out')}
[2026-06-08 11:28:46,356] DEBUG watchfiles.main | 1 change detected: {(<Change.modified: 2>, '/home/niko/Proyectos/C_sol/Vyntra/backend/nohup.out')}
[2026-06-08 11:28:46,708] DEBUG watchfiles.main | 1 change detected: {(<Change.modified: 2>, '/home/niko/Proyectos/C_sol/Vyntra/backend/nohup.out')}
[2026-06-08 11:28:47,062] DEBUG watchfiles.main | 1 change detected: {(<Change.modified: 2>, '/home/niko/Proyectos/C_sol/Vyntra/backend/nohup.out')}
[2026-06-08 11:28:47,415] DEBUG watchfiles.main | 1 change detected: {(<Change.modified: 2>, '/home/niko/Proyectos/C_sol/Vyntra/backend/nohup.out')}
[2026-06-08 11:28:47,767] DEBUG watchfiles.main | 1 change detected: {(<Change.modified: 2>, '/home/niko/Proyectos/C_sol/Vyntra/backend/nohup.out')}
[2026-06-08 11:28:48,119] DEBUG watchfiles.main | 1 change detected: {(<Change.modified: 2>, '/home/niko/Proyectos/C_sol/Vyntra/backend/nohup.out')}
[2026-06-08 11:28:48,472] DEBUG watchfiles.main | 1 change detected: {(<Change.modified: 2>, '/home/niko/Proyectos/C_sol/Vyntra/backend/nohup.out')}
[2026-06-08 11:28:48,824] DEBUG watchfiles.main | 1 change detected: {(<Change.modified: 2>, '/home/niko/Proyectos/C_sol/Vyntra/backend/nohup.out')}
[2026-06-08 11:28:49,176] DEBUG watchfiles.main | 1 change detected: {(<Change.modified: 2>, '/home/niko/Proyectos/C_sol/Vyntra/backend/nohup.out')}
[2026-06-08 11:28:49,528] DEBUG watchfiles.main | 1 change detected: {(<Change.modified: 2>, '/home/niko/Proyectos/C_sol/Vyntra/backend/nohup.out')}
[2026-06-08 11:28:49,880] DEBUG watchfiles.main | 1 change detected: {(<Change.modified: 2>, '/home/niko/Proyectos/C_sol/Vyntra/backend/nohup.out')}
[2026-06-08 11:28:50,232] DEBUG watchfiles.main | 1 change detected: {(<Change.modified: 2>, '/home/niko/Proyectos/C_sol/Vyntra/backend/nohup.out')}
[2026-06-08 11:28:50,584] DEBUG watchfiles.main | 1 change detected: {(<Change.modified: 2>, '/home/niko/Proyectos/C_sol/Vyntra/backend/nohup.out')}
[2026-06-08 11:28:50,936] DEBUG watchfiles.main | 1 change detected: {(<Change.modified: 2>, '/home/niko/Proyectos/C_sol/Vyntra/backend/nohup.out')}
[2026-06-08 11:28:51,288] DEBUG watchfiles.main | 1 change detected: {(<Change.modified: 2>, '/home/niko/Proyectos/C_sol/Vyntra/backend/nohup.out')}
[2026-06-08 11:28:51,639] DEBUG watchfiles.main | 1 change detected: {(<Change.modified: 2>, '/home/niko/Proyectos/C_sol/Vyntra/backend/nohup.out')}
[2026-06-08 11:28:51,994] DEBUG watchfiles.main | 1 change detected: {(<Change.modified: 2>, '/home/niko/Proyectos/C_sol/Vyntra/backend/nohup.out')}
[2026-06-08 11:28:52,346] DEBUG watchfiles.main | 1 change detected: {(<Change.modified: 2>, '/home/niko/Proyectos/C_sol/Vyntra/backend/nohup.out')}
[2026-06-08 11:28:52,699] DEBUG watchfiles.main | 1 change detected: {(<Change.modified: 2>, '/home/niko/Proyectos/C_sol/Vyntra/backend/nohup.out')}
[2026-06-08 11:28:53,051] DEBUG watchfiles.main | 1 change detected: {(<Change.modified: 2>, '/home/niko/Proyectos/C_sol/Vyntra/backend/nohup.out')}
[2026-06-08 11:28:53,113] INFO siee.ai_agent | chat req=4fa1e784c17a role=student user=c6d7145a-2fc1-4445-b641-dc5fbe849d53 msg_len=18
[2026-06-08 11:28:53,211] DEBUG httpcore.connection | connect_tcp.started host='openrouter.ai' port=443 local_address=None timeout=45 socket_options=None
[2026-06-08 11:28:53,272] DEBUG httpcore.connection | connect_tcp.complete return_value=<httpcore._backends.anyio.AnyIOStream object at 0x7f900601bdf0>
[2026-06-08 11:28:53,273] DEBUG httpcore.connection | start_tls.started ssl_context=<ssl.SSLContext object at 0x7f9005fcbbb0> server_hostname='openrouter.ai' timeout=45
[2026-06-08 11:28:53,377] DEBUG httpcore.connection | start_tls.complete return_value=<httpcore._backends.anyio.AnyIOStream object at 0x7f900601a140>
[2026-06-08 11:28:53,379] DEBUG httpcore.http11 | send_request_headers.started request=<Request [b'POST']>
[2026-06-08 11:28:53,382] DEBUG httpcore.http11 | send_request_headers.complete
[2026-06-08 11:28:53,383] DEBUG httpcore.http11 | send_request_body.started request=<Request [b'POST']>
[2026-06-08 11:28:53,384] DEBUG httpcore.http11 | send_request_body.complete
[2026-06-08 11:28:53,385] DEBUG httpcore.http11 | receive_response_headers.started request=<Request [b'POST']>
[2026-06-08 11:28:53,404] DEBUG watchfiles.main | 1 change detected: {(<Change.modified: 2>, '/home/niko/Proyectos/C_sol/Vyntra/backend/nohup.out')}
[2026-06-08 11:28:53,756] DEBUG watchfiles.main | 1 change detected: {(<Change.modified: 2>, '/home/niko/Proyectos/C_sol/Vyntra/backend/nohup.out')}
[2026-06-08 11:28:54,108] DEBUG watchfiles.main | 1 change detected: {(<Change.modified: 2>, '/home/niko/Proyectos/C_sol/Vyntra/backend/nohup.out')}
[2026-06-08 11:28:54,460] DEBUG watchfiles.main | 1 change detected: {(<Change.modified: 2>, '/home/niko/Proyectos/C_sol/Vyntra/backend/nohup.out')}
[2026-06-08 11:28:54,812] DEBUG watchfiles.main | 1 change detected: {(<Change.modified: 2>, '/home/niko/Proyectos/C_sol/Vyntra/backend/nohup.out')}
[2026-06-08 11:28:55,164] DEBUG watchfiles.main | 1 change detected: {(<Change.modified: 2>, '/home/niko/Proyectos/C_sol/Vyntra/backend/nohup.out')}
[2026-06-08 11:28:55,195] DEBUG httpcore.http11 | receive_response_headers.complete return_value=(b'HTTP/1.1', 200, b'OK', [(b'Date', b'Mon, 08 Jun 2026 16:28:55 GMT'), (b'Content-Type', b'text/event-stream'), (b'Transfer-Encoding', b'chunked'), (b'Connection', b'keep-alive'), (b'Access-Control-Allow-Origin', b'*'), (b'Cache-Control', b'no-cache'), (b'X-Generation-Id', b'gen-1780936133-Z3prgYavAqhE33oKIecX'), (b'access-control-expose-headers', b'X-Generation-Id,cf-ray'), (b'Permissions-Policy', b'payment=(self "https://checkout.stripe.com" "https://connect-js.stripe.com" "https://js.stripe.com" "https://*.js.stripe.com" "https://hooks.stripe.com")'), (b'Referrer-Policy', b'no-referrer, strict-origin-when-cross-origin'), (b'X-Content-Type-Options', b'nosniff'), (b'Server', b'cloudflare'), (b'CF-RAY', b'a08945b1ac717b05-BOG')])
[2026-06-08 11:28:55,198] INFO httpx | HTTP Request: POST https://openrouter.ai/api/v1/chat/completions "HTTP/1.1 200 OK"
[2026-06-08 11:28:55,200] DEBUG httpcore.http11 | receive_response_body.started request=<Request [b'POST']>
[2026-06-08 11:28:55,516] DEBUG watchfiles.main | 1 change detected: {(<Change.modified: 2>, '/home/niko/Proyectos/C_sol/Vyntra/backend/nohup.out')}
[2026-06-08 11:28:55,869] DEBUG watchfiles.main | 1 change detected: {(<Change.modified: 2>, '/home/niko/Proyectos/C_sol/Vyntra/backend/nohup.out')}
INFO:     127.0.0.1:45972 - "POST /api/ai/student-tutor HTTP/1.1" 200 OK
[2026-06-08 11:28:56,221] DEBUG watchfiles.main | 1 change detected: {(<Change.modified: 2>, '/home/niko/Proyectos/C_sol/Vyntra/backend/nohup.out')}
[2026-06-08 11:28:56,574] DEBUG watchfiles.main | 1 change detected: {(<Change.modified: 2>, '/home/niko/Proyectos/C_sol/Vyntra/backend/nohup.out')}
[2026-06-08 11:28:56,927] DEBUG watchfiles.main | 1 change detected: {(<Change.modified: 2>, '/home/niko/Proyectos/C_sol/Vyntra/backend/nohup.out')}
[2026-06-08 11:28:57,279] DEBUG watchfiles.main | 1 change detected: {(<Change.modified: 2>, '/home/niko/Proyectos/C_sol/Vyntra/backend/nohup.out')}
[2026-06-08 11:28:57,370] DEBUG httpcore.connection | close.started
[2026-06-08 11:28:57,371] DEBUG httpcore.connection | close.complete
[2026-06-08 11:28:57,372] DEBUG httpcore.connection | connect_tcp.started host='fpombaziyombczyfdryt.supabase.co' port=443 local_address=None timeout=120 socket_options=None
[2026-06-08 11:28:57,572] DEBUG httpcore.connection | connect_tcp.complete return_value=<httpcore._backends.sync.SyncStream object at 0x7f900601a470>
[2026-06-08 11:28:57,573] DEBUG httpcore.connection | start_tls.started ssl_context=<ssl.SSLContext object at 0x7f90067e39b0> server_hostname='fpombaziyombczyfdryt.supabase.co' timeout=120
[2026-06-08 11:28:57,631] DEBUG watchfiles.main | 1 change detected: {(<Change.modified: 2>, '/home/niko/Proyectos/C_sol/Vyntra/backend/nohup.out')}
[2026-06-08 11:28:57,728] DEBUG httpcore.connection | start_tls.complete return_value=<httpcore._backends.sync.SyncStream object at 0x7f9005e51480>
[2026-06-08 11:28:57,730] DEBUG httpcore.http2 | send_connection_init.started request=<Request [b'GET']>
[2026-06-08 11:28:57,731] DEBUG httpcore.http2 | send_connection_init.complete
[2026-06-08 11:28:57,732] DEBUG httpcore.http2 | send_request_headers.started request=<Request [b'GET']> stream_id=1
[2026-06-08 11:28:57,733] DEBUG hpack.hpack | Adding (b':method', b'GET') to the header table, sensitive:False, huffman:True
[2026-06-08 11:28:57,734] DEBUG hpack.hpack | Encoding 2 with 7 bits
[2026-06-08 11:28:57,734] DEBUG hpack.hpack | Adding (b':authority', b'fpombaziyombczyfdryt.supabase.co') to the header table, sensitive:False, huffman:True
[2026-06-08 11:28:57,735] DEBUG hpack.hpack | Encoding 1 with 6 bits
[2026-06-08 11:28:57,735] DEBUG hpack.hpack | Encoding 23 with 7 bits
[2026-06-08 11:28:57,736] DEBUG hpack.hpack | Adding (b':scheme', b'https') to the header table, sensitive:False, huffman:True
[2026-06-08 11:28:57,736] DEBUG hpack.hpack | Encoding 7 with 7 bits
[2026-06-08 11:28:57,737] DEBUG hpack.hpack | Adding (b':path', b'/rest/v1/conversations?select=id&user_id=eq.c6d7145a-2fc1-4445-b641-dc5fbe849d53&role=eq.student&order=created_at.desc&limit=1') to the header table, sensitive:False, huffman:True
[2026-06-08 11:28:57,737] DEBUG hpack.hpack | Encoding 4 with 6 bits
[2026-06-08 11:28:57,738] DEBUG hpack.hpack | Encoding 90 with 7 bits
[2026-06-08 11:28:57,738] DEBUG hpack.hpack | Adding (b'accept', b'*/*') to the header table, sensitive:False, huffman:True
[2026-06-08 11:28:57,739] DEBUG hpack.hpack | Encoding 19 with 6 bits
[2026-06-08 11:28:57,739] DEBUG hpack.hpack | Encoding 3 with 7 bits
[2026-06-08 11:28:57,739] DEBUG hpack.hpack | Adding (b'accept-encoding', b'gzip, deflate, zstd') to the header table, sensitive:False, huffman:True
[2026-06-08 11:28:57,740] DEBUG hpack.hpack | Encoding 16 with 6 bits
[2026-06-08 11:28:57,740] DEBUG hpack.hpack | Encoding 15 with 7 bits
[2026-06-08 11:28:57,741] DEBUG hpack.hpack | Adding (b'user-agent', b'python-httpx/0.28.1') to the header table, sensitive:False, huffman:True
[2026-06-08 11:28:57,741] DEBUG hpack.hpack | Encoding 58 with 6 bits
[2026-06-08 11:28:57,741] DEBUG hpack.hpack | Encoding 14 with 7 bits
[2026-06-08 11:28:57,742] DEBUG hpack.hpack | Adding (b'x-client-info', b'supabase-py/2.30.1') to the header table, sensitive:False, huffman:True
[2026-06-08 11:28:57,743] DEBUG hpack.hpack | Encoding 10 with 7 bits
[2026-06-08 11:28:57,743] DEBUG hpack.hpack | Encoding 13 with 7 bits
[2026-06-08 11:28:57,743] DEBUG hpack.hpack | Adding (b'x-supabase-client-platform', b'Linux') to the header table, sensitive:False, huffman:True
[2026-06-08 11:28:57,744] DEBUG hpack.hpack | Encoding 19 with 7 bits
[2026-06-08 11:28:57,744] DEBUG hpack.hpack | Encoding 4 with 7 bits
[2026-06-08 11:28:57,745] DEBUG hpack.hpack | Adding (b'x-supabase-client-platform-version', b'7.0.11-1-cachyos-bore') to the header table, sensitive:False, huffman:True
[2026-06-08 11:28:57,746] DEBUG hpack.hpack | Encoding 24 with 7 bits
[2026-06-08 11:28:57,746] DEBUG hpack.hpack | Encoding 15 with 7 bits
[2026-06-08 11:28:57,746] DEBUG hpack.hpack | Adding (b'x-supabase-client-runtime', b'python') to the header table, sensitive:False, huffman:True
[2026-06-08 11:28:57,747] DEBUG hpack.hpack | Encoding 18 with 7 bits
[2026-06-08 11:28:57,747] DEBUG hpack.hpack | Encoding 5 with 7 bits
[2026-06-08 11:28:57,748] DEBUG hpack.hpack | Adding (b'x-supabase-client-runtime-version', b'3.14.5') to the header table, sensitive:False, huffman:True
[2026-06-08 11:28:57,748] DEBUG hpack.hpack | Encoding 23 with 7 bits
[2026-06-08 11:28:57,749] DEBUG hpack.hpack | Encoding 5 with 7 bits
[2026-06-08 11:28:57,749] DEBUG hpack.hpack | Adding (b'apikey', b'eyJhbGciOiJIUzI1NiIsInR5cCI6IkpXVCJ9.eyJpc3MiOiJzdXBhYmFzZSIsInJlZiI6ImZwb21iYXppeW9tYmN6eWZkcnl0Iiwicm9sZSI6InNlcnZpY2Vfcm9sZSIsImlhdCI6MTc4MDA4MjM2MCwiZXhwIjoyMDk1NjU4MzYwfQ.hOA2efvOMFjcoFwfFNEoNNjIRSj-SUnsnyEGOm5wNfs') to the header table, sensitive:False, huffman:True
[2026-06-08 11:28:57,751] DEBUG hpack.hpack | Encoding 5 with 7 bits
[2026-06-08 11:28:57,751] DEBUG hpack.hpack | Encoding 176 with 7 bits
[2026-06-08 11:28:57,752] DEBUG hpack.hpack | Adding (b'authorization', b'Bearer eyJhbGciOiJIUzI1NiIsInR5cCI6IkpXVCJ9.eyJpc3MiOiJzdXBhYmFzZSIsInJlZiI6ImZwb21iYXppeW9tYmN6eWZkcnl0Iiwicm9sZSI6InNlcnZpY2Vfcm9sZSIsImlhdCI6MTc4MDA4MjM2MCwiZXhwIjoyMDk1NjU4MzYwfQ.hOA2efvOMFjcoFwfFNEoNNjIRSj-SUnsnyEGOm5wNfs') to the header table, sensitive:True, huffman:True
[2026-06-08 11:28:57,752] DEBUG hpack.hpack | Encoding 23 with 4 bits
[2026-06-08 11:28:57,754] DEBUG hpack.hpack | Encoding 181 with 7 bits
[2026-06-08 11:28:57,754] DEBUG hpack.hpack | Adding (b'accept-profile', b'public') to the header table, sensitive:False, huffman:True
[2026-06-08 11:28:57,755] DEBUG hpack.hpack | Encoding 10 with 7 bits
[2026-06-08 11:28:57,755] DEBUG hpack.hpack | Encoding 5 with 7 bits
[2026-06-08 11:28:57,756] DEBUG hpack.hpack | Adding (b'content-profile', b'public') to the header table, sensitive:False, huffman:True
[2026-06-08 11:28:57,756] DEBUG hpack.hpack | Encoding 11 with 7 bits
[2026-06-08 11:28:57,757] DEBUG hpack.hpack | Encoding 5 with 7 bits
[2026-06-08 11:28:57,757] DEBUG hpack.hpack | Adding (b'cookie', b'__cf_bm=9iQ4f.i9u0y84_fThN5o8wVgOAcAuIiwuE02tFLBm.4-1780936030.7875392-1.0.1.1-c.SKKgjU0b4RFrwvzFL1HtA1iE7WbExwhNI_7ALU3omjFTwvDzF9ItGj6QCtcSistQ4I3dITncA.QxK53HqSBIBCUpeuIyyB_cen_fu8uNb8J3QzMknuxiNemJ5DdYmu') to the header table, sensitive:False, huffman:True
[2026-06-08 11:28:57,758] DEBUG hpack.hpack | Encoding 32 with 6 bits
[2026-06-08 11:28:57,759] DEBUG hpack.hpack | Encoding 161 with 7 bits
[2026-06-08 11:28:57,760] DEBUG hpack.hpack | Encoded header block to b'\x82A\x97\x96\xb3\xd3\x18\xfd\x9b\xd1\xe9\x8c\x9e\xfdK%\x9e\x92\xba-\xacq\x8d\x05\\\x87\x87D\xdab\xc2\xa1,w\x0b\x04=]\xcbb\x06\x93\x1e\xa4\x7f\x88-\x05"`4\x9f\x16\xa0\xb6Di /e\xc8\xe4\x8e\x85\xa6\xc6\xb0\xa5 Vi\xa6\x9bZ7\x1a\n\xd2\x11\xb9c+\xcd?#l\xfcXz\x0b\x01{.\x84\xdb!jO\xc1\xec\x90\xb6@K\n4\x96H\x86\x95\xe4*\t\xf1A\xa92`\x0fS\x83\xf9c\xe7P\x8f\x9b\xd9\xab\xfaRB\xcb@\xd2_\xa5=\xa12\x7fz\x8e\xaf\xd2g=KN\x94\xd7\xe5\x80.\'\x97\x0f@\x8a\xf2\xb1(1jJ\xc6\xaaS\xff\x8dE\xb5\x8e1\xa0\xabW\xe9\x81.\xc8\x17\x0f@\x93\xf2\xb2-\xacq\x8d\x05X\x94\x18\xb5%j\xe8\x1ae=\x94\xff\x84\xcej\xad\xf3@\x98\xf2\xb2-\xacq\x8d\x05X\x94\x18\xb5%j\xe8\x1ae=\x94\xad\xdc\xb6 \xc7\xab\x8fup.\x10\xac\x15\x882O\xe8\xe8Z3\xd8_@\x92\xf2\xb2-\xacq\x8d\x05X\x94\x18\xb5%k-\xa9&\xa4\xbf\x85\xaf\xd2g=_@\x97\xf2\xb2-\xacq\x8d\x05X\x94\x18\xb5%k-\xa9&\xa4\xabw-\x881\xea\x85ep\xb4\xbb\x7f@\x85\x1df\xea__\xff1/\xac\xb3\xc7\x88\x86\xd4l\xb98{\xc8\x1d&\xc8\x8c\x95ml\x97\xb29\x93\xad\x7f\x9coe}r\xfa\xcbY\x19\xd0mF\xcb\xeeO\xcb\xb3\xf3\xa7\x0f\xbf\xdd\xd9\x11\x92\xac\xb4~\x9b#\x99)\xfd\xf1\x18\x82n\x7f\x95\xd6^O\xa7\x9d:\\//\xde\xa4\xaa\x80d7\x83\x12\x97\xd1\xfb\xbb#\x99*\xd3A*\xfd\xaf\x98\xb8\xcaJ_G\xee\xec\x88\xc9M\x13\xc9{#\x9a7\x91\xad\x17\xe1kGM\x02\xd1{\xc1\xbf\x7f\'\xf1\x93\xa1\xfdh\xbf\xd4:zpkG\xbe~%\xd8\xbc\xfa\xa1\x11e\xef\xabF\x1e\x84>\x1f\x12\xe1\xd3\x80\xfat\xf4\xc9\xb7wE\xb7p\xa9\x15z\xc1\x8bU-\xf8\xd3*?\x1f\x08\xff6\xbaQ\xd8[\x14/\xac\xb3\xc7\x88\x86\xd4l\xb98{\xc8\x1d&\xc8\x8c\x95ml\x97\xb29\x93\xad\x7f\x9coe}r\xfa\xcbY\x19\xd0mF\xcb\xeeO\xcb\xb3\xf3\xa7\x0f\xbf\xdd\xd9\x11\x92\xac\xb4~\x9b#\x99)\xfd\xf1\x18\x82n\x7f\x95\xd6^O\xa7\x9d:\\//\xde\xa4\xaa\x80d7\x83\x12\x97\xd1\xfb\xbb#\x99*\xd3A*\xfd\xaf\x98\xb8\xcaJ_G\xee\xec\x88\xc9M\x13\xc9{#\x9a7\x91\xad\x17\xe1kGM\x02\xd1{\xc1\xbf\x7f\'\xf1\x93\xa1\xfdh\xbf\xd4:zpkG\xbe~%\xd8\xbc\xfa\xa1\x11e\xef\xabF\x1e\x84>\x1f\x12\xe1\xd3\x80\xfat\xf4\xc9\xb7wE\xb7p\xa9\x15z\xc1\x8bU-\xf8\xd3*?@\x8a\x19\x08Z\xd2\xb5v\x1eSP_\x85\xae\xd8\xe81?@\x8b!\xeaIjJ\xd5\xd8yMA\x7f\x85\xae\xd8\xe81?`\xff"\x8a"K\x14t\xc0\xf9\xb65*\xe6~\xd0zy\xa8\xa5\xdf>\x96\xce\xf7\x8e3j\x84\x90\xdb\x90\xde-\xc0\x01\'\x0e{\xb4\xae\xd2\xc1u\xe0>\xcb\x80d\x0b\xba\xf3\xad\xb2\xf8\x96\n\xe0\\+\x85b/\xbb6i\xbap\x04mm\xc3g\x8e\xfe\xf0\xe7\x0e4\xc2\x13`w\x94x<\xf8\x9fNH\x9d\x87?\x06OOL;\xfcw\xbf\xef\x0b\xf9\x13\x8b\xa3\x9b/$\x9b\x8c\x84\xeck#2d\xdfQ!_g\x9c\xcd\xb3\x8f\xb6\xeb\xb9.\xde\xe1Ym\xc9\xeb\xd5\xd8\x88Z\xa2\x96\xd7\xad\xd3\x1b\xd9Y\xd9\xefGZ\xad\xf2m%\xa7+w\xe4\xe7M\xbf'
[2026-06-08 11:28:57,761] DEBUG httpcore.http2 | send_request_headers.complete
[2026-06-08 11:28:57,762] DEBUG httpcore.http2 | send_request_body.started request=<Request [b'GET']> stream_id=1
[2026-06-08 11:28:57,763] DEBUG httpcore.http2 | send_request_body.complete
[2026-06-08 11:28:57,763] DEBUG httpcore.http2 | receive_response_headers.started request=<Request [b'GET']> stream_id=1
[2026-06-08 11:28:57,922] DEBUG httpcore.http2 | receive_remote_settings.started
[2026-06-08 11:28:57,923] DEBUG httpcore.http2 | receive_remote_settings.complete return_value=<RemoteSettingsChanged changed_settings:{ChangedSetting(setting=3, original_value=None, new_value=100), ChangedSetting(setting=4, original_value=65535, new_value=65536), ChangedSetting(setting=5, original_value=16384, new_value=16777215)}>
[2026-06-08 11:28:57,983] DEBUG watchfiles.main | 1 change detected: {(<Change.modified: 2>, '/home/niko/Proyectos/C_sol/Vyntra/backend/nohup.out')}
[2026-06-08 11:28:58,071] DEBUG hpack.hpack | Decoding b"?\xe1\x1f\x88a\x96\xd0z\xbe\x94\x03\xcae\xb6\xa5\x04\x018\xa0\\\xb8'\xae6\xea\x98\xb4o_\x96\x1du\xd0b\r&=LtA\xea\xfbP\x93\x8e\xc4\x150Z\x99V{\\\x0247^\x84\x02\xc0c\xe7@\x85$\xabX?_\x8f\x18\x1e}\xa6\xc9 d\x95\xe1\xbcG\x96\xbb\xab\x17@\x8a$\xab\x10d\x9c\xab!#M\xa8\x86\xbf\xcfL:2^]\xd4`\x87\xab\xb9l@\xd2c\xd4\x8f\xf2\x83Rd\xc0\x1f\x83\xd9!l\x80\x96\x14i,\x91\r+\xc8T\x13\xe2\xc3\xd0X\x0b\xd9t&\xd9\x0bR~\x10Z\nD\xc0i>-Al\x88\xd2@^\xcb\x91\xc9\x1d\x0bM\x8daJ@\xac\xd3M6\xb4n4\x15\xa4#r\xc6W\x9a~F\xd9v\x87%\x07\xb6Ih\x1d\x85x\xa0\xa4~V\x1c\xc5\x81\x90\xb6\xcb\x80\x00>\xd45D\xa2\xd9\x0b\xba\xd8\xef\x9e\x91\x9a\xa4}\xa9]\x85\xa0\xe3\x93@\x90\xf2\xb1\x0fRKRVO\xaa\xca\xb1\xebI\x8fR?\x85\xa8\xe8\xa8\xd2\xcb@\x8b!\xeaIjJ\xd5\xd8yMA\x7f\x85\xae\xd8\xe81?@\x8dDkL4\x97\xc0\xfd-\xdc\xb6 \xc7\xab\x011@\x8aDkWa\xfa\x14\x89Z\xc2\xcb\x8f\x96\xb3\xd3\x18\xfd\x9b\xd1\xe9\x8c\x9e\xfdK%\x9e\x93@\x8aDkX^\xd6\x95\tX\xd2\x7f\x9a\x00_(\xde\x08\x16\x90\x8c\x81g[}\xd5\x9f}\xf9V\x91\xf1\x00\x01\x8c,\x91\xa2\x7f@\x8f\xf2\xb1j\xee\x7fK\r)-5\xa5b\x1e\xda\x93\x011@\x95\xf2\xb1j\xee\x7fK[Z\x13aGJ\xc8-\x9d\xccB\xac\x93R_\x0220@\x85\x1d\tY\x1d\xc9\x90\x9d\x98?\x9b\x8d4\xcf\xf3\xf6\xa5#\x81\xe7\x1a\x00?"
[2026-06-08 11:28:58,072] DEBUG hpack.hpack | Decoded 4096, consumed 3 bytes
[2026-06-08 11:28:58,073] DEBUG hpack.table | Resizing header table to 4096 from 4096
[2026-06-08 11:28:58,073] DEBUG hpack.hpack | Decoded 8, consumed 1 bytes
[2026-06-08 11:28:58,073] DEBUG hpack.hpack | Decoded (b':status', b'200'), consumed 1
[2026-06-08 11:28:58,074] DEBUG hpack.hpack | Decoded 33, consumed 1 bytes
[2026-06-08 11:28:58,074] DEBUG hpack.hpack | Decoded 22, consumed 1 bytes
[2026-06-08 11:28:58,075] DEBUG hpack.hpack | Decoded (b'date', b'Mon, 08 Jun 2026 16:28:57 GMT'), total consumed 24 bytes, indexed True
[2026-06-08 11:28:58,076] DEBUG hpack.hpack | Decoded 31, consumed 1 bytes
[2026-06-08 11:28:58,076] DEBUG hpack.hpack | Decoded 22, consumed 1 bytes
[2026-06-08 11:28:58,077] DEBUG hpack.hpack | Decoded (b'content-type', b'application/json; charset=utf-8'), total consumed 24 bytes, indexed True
[2026-06-08 11:28:58,077] DEBUG hpack.hpack | Decoded 28, consumed 1 bytes
[2026-06-08 11:28:58,077] DEBUG hpack.hpack | Decoded 2, consumed 1 bytes
[2026-06-08 11:28:58,078] DEBUG hpack.hpack | Decoded (b'content-length', <memory at 0x7f9005e55a80>), total consumed 4 bytes, indexed True
[2026-06-08 11:28:58,078] DEBUG hpack.hpack | Decoded 30, consumed 1 bytes
[2026-06-08 11:28:58,079] DEBUG hpack.hpack | Decoded 4, consumed 1 bytes
[2026-06-08 11:28:58,079] DEBUG hpack.hpack | Decoded (b'content-range', b'0-0/*'), total consumed 6 bytes, indexed True
[2026-06-08 11:28:58,080] DEBUG hpack.hpack | Decoded 5, consumed 1 bytes
[2026-06-08 11:28:58,080] DEBUG hpack.hpack | Decoded 15, consumed 1 bytes
[2026-06-08 11:28:58,081] DEBUG hpack.hpack | Decoded (b'cf-ray', b'a08945cd1df8a8c8-BOG'), total consumed 23 bytes, indexed True
[2026-06-08 11:28:58,081] DEBUG hpack.hpack | Decoded 10, consumed 1 bytes
[2026-06-08 11:28:58,082] DEBUG hpack.hpack | Decoded 6, consumed 1 bytes
[2026-06-08 11:28:58,082] DEBUG hpack.hpack | Decoded (b'cf-cache-status', b'DYNAMIC'), total consumed 19 bytes, indexed True
[2026-06-08 11:28:58,082] DEBUG hpack.hpack | Decoded 29, consumed 1 bytes
[2026-06-08 11:28:58,083] DEBUG hpack.hpack | Decoded 84, consumed 1 bytes
[2026-06-08 11:28:58,084] DEBUG hpack.hpack | Decoded (b'content-location', b'/conversations?limit=1&order=created_at.desc&role=eq.student&select=id&user_id=eq.c6d7145a-2fc1-4445-b641-dc5fbe849d53'), total consumed 86 bytes, indexed True
[2026-06-08 11:28:58,084] DEBUG hpack.hpack | Decoded 54, consumed 1 bytes
[2026-06-08 11:28:58,085] DEBUG hpack.hpack | Decoded 7, consumed 1 bytes
[2026-06-08 11:28:58,085] DEBUG hpack.hpack | Decoded (b'server', b'cloudflare'), total consumed 9 bytes, indexed True
[2026-06-08 11:28:58,086] DEBUG hpack.hpack | Decoded 56, consumed 1 bytes
[2026-06-08 11:28:58,086] DEBUG hpack.hpack | Decoded 32, consumed 1 bytes
[2026-06-08 11:28:58,087] DEBUG hpack.hpack | Decoded (b'strict-transport-security', b'max-age=31536000; includeSubDomains; preload'), total consumed 34 bytes, indexed True
[2026-06-08 11:28:58,087] DEBUG hpack.hpack | Decoded 16, consumed 1 bytes
[2026-06-08 11:28:58,087] DEBUG hpack.hpack | Decoded 5, consumed 1 bytes
[2026-06-08 11:28:58,088] DEBUG hpack.hpack | Decoded (b'x-content-type-options', b'nosniff'), total consumed 24 bytes, indexed True
[2026-06-08 11:28:58,088] DEBUG hpack.hpack | Decoded 11, consumed 1 bytes
[2026-06-08 11:28:58,089] DEBUG hpack.hpack | Decoded 5, consumed 1 bytes
[2026-06-08 11:28:58,089] DEBUG hpack.hpack | Decoded (b'content-profile', b'public'), total consumed 19 bytes, indexed True
[2026-06-08 11:28:58,090] DEBUG hpack.hpack | Decoded 13, consumed 1 bytes
[2026-06-08 11:28:58,090] DEBUG hpack.hpack | Decoded 1, consumed 1 bytes
[2026-06-08 11:28:58,091] DEBUG hpack.hpack | Decoded (b'sb-gateway-version', <memory at 0x7f9005e556c0>), total consumed 17 bytes, indexed True
[2026-06-08 11:28:58,091] DEBUG hpack.hpack | Decoded 10, consumed 1 bytes
[2026-06-08 11:28:58,092] DEBUG hpack.hpack | Decoded 15, consumed 1 bytes
[2026-06-08 11:28:58,092] DEBUG hpack.hpack | Decoded (b'sb-project-ref', b'fpombaziyombczyfdryt'), total consumed 28 bytes, indexed True
[2026-06-08 11:28:58,092] DEBUG hpack.hpack | Decoded 10, consumed 1 bytes
[2026-06-08 11:28:58,093] DEBUG hpack.hpack | Decoded 26, consumed 1 bytes
[2026-06-08 11:28:58,094] DEBUG hpack.hpack | Decoded (b'sb-request-id', b'019ea810-dc30-7597-999f-d92001b13c4c'), total consumed 39 bytes, indexed True
[2026-06-08 11:28:58,094] DEBUG hpack.hpack | Decoded 15, consumed 1 bytes
[2026-06-08 11:28:58,095] DEBUG hpack.hpack | Decoded 1, consumed 1 bytes
[2026-06-08 11:28:58,095] DEBUG hpack.hpack | Decoded (b'x-envoy-attempt-count', <memory at 0x7f9005e55540>), total consumed 19 bytes, indexed True
[2026-06-08 11:28:58,095] DEBUG hpack.hpack | Decoded 21, consumed 1 bytes
[2026-06-08 11:28:58,096] DEBUG hpack.hpack | Decoded 2, consumed 1 bytes
[2026-06-08 11:28:58,096] DEBUG hpack.hpack | Decoded (b'x-envoy-upstream-service-time', <memory at 0x7f9005e55480>), total consumed 26 bytes, indexed True
[2026-06-08 11:28:58,097] DEBUG hpack.hpack | Decoded 5, consumed 1 bytes
[2026-06-08 11:28:58,097] DEBUG hpack.hpack | Decoded 16, consumed 1 bytes
[2026-06-08 11:28:58,098] DEBUG hpack.hpack | Decoded (b'alt-svc', b'h3=":443"; ma=86400'), total consumed 24 bytes, indexed True
[2026-06-08 11:28:58,099] DEBUG httpcore.http2 | receive_response_headers.complete return_value=(200, [(b'date', b'Mon, 08 Jun 2026 16:28:57 GMT'), (b'content-type', b'application/json; charset=utf-8'), (b'content-length', b'47'), (b'content-range', b'0-0/*'), (b'cf-ray', b'a08945cd1df8a8c8-BOG'), (b'cf-cache-status', b'DYNAMIC'), (b'content-location', b'/conversations?limit=1&order=created_at.desc&role=eq.student&select=id&user_id=eq.c6d7145a-2fc1-4445-b641-dc5fbe849d53'), (b'server', b'cloudflare'), (b'strict-transport-security', b'max-age=31536000; includeSubDomains; preload'), (b'x-content-type-options', b'nosniff'), (b'content-profile', b'public'), (b'sb-gateway-version', b'1'), (b'sb-project-ref', b'fpombaziyombczyfdryt'), (b'sb-request-id', b'019ea810-dc30-7597-999f-d92001b13c4c'), (b'x-envoy-attempt-count', b'1'), (b'x-envoy-upstream-service-time', b'20'), (b'alt-svc', b'h3=":443"; ma=86400')])
[2026-06-08 11:28:58,102] INFO httpx | HTTP Request: GET https://fpombaziyombczyfdryt.supabase.co/rest/v1/conversations?select=id&user_id=eq.c6d7145a-2fc1-4445-b641-dc5fbe849d53&role=eq.student&order=created_at.desc&limit=1 "HTTP/2 200 OK"
[2026-06-08 11:28:58,103] DEBUG httpcore.http2 | receive_response_body.started request=<Request [b'GET']> stream_id=1
[2026-06-08 11:28:58,106] DEBUG httpcore.http2 | receive_response_body.complete
[2026-06-08 11:28:58,107] DEBUG httpcore.http2 | response_closed.started stream_id=1
[2026-06-08 11:28:58,107] DEBUG httpcore.http2 | response_closed.complete
[2026-06-08 11:28:58,114] DEBUG httpcore.http2 | send_request_headers.started request=<Request [b'PATCH']> stream_id=3
[2026-06-08 11:28:58,115] DEBUG hpack.hpack | Adding (b':method', b'PATCH') to the header table, sensitive:False, huffman:True
[2026-06-08 11:28:58,116] DEBUG hpack.hpack | Encoding 2 with 6 bits
[2026-06-08 11:28:58,116] DEBUG hpack.hpack | Encoding 5 with 7 bits
[2026-06-08 11:28:58,117] DEBUG hpack.hpack | Adding (b':authority', b'fpombaziyombczyfdryt.supabase.co') to the header table, sensitive:False, huffman:True
[2026-06-08 11:28:58,117] DEBUG hpack.hpack | Encoding 76 with 7 bits
[2026-06-08 11:28:58,118] DEBUG hpack.hpack | Adding (b':scheme', b'https') to the header table, sensitive:False, huffman:True
[2026-06-08 11:28:58,118] DEBUG hpack.hpack | Encoding 7 with 7 bits
[2026-06-08 11:28:58,118] DEBUG hpack.hpack | Adding (b':path', b'/rest/v1/conversations?id=eq.c2ff18c0-f274-4f44-9782-fb83741ce13a') to the header table, sensitive:False, huffman:True
[2026-06-08 11:28:58,119] DEBUG hpack.hpack | Encoding 4 with 6 bits
[2026-06-08 11:28:58,120] DEBUG hpack.hpack | Encoding 47 with 7 bits
[2026-06-08 11:28:58,120] DEBUG hpack.hpack | Adding (b'accept', b'*/*') to the header table, sensitive:False, huffman:True
[2026-06-08 11:28:58,120] DEBUG hpack.hpack | Encoding 75 with 7 bits
[2026-06-08 11:28:58,121] DEBUG hpack.hpack | Adding (b'accept-encoding', b'gzip, deflate, zstd') to the header table, sensitive:False, huffman:True
[2026-06-08 11:28:58,121] DEBUG hpack.hpack | Encoding 74 with 7 bits
[2026-06-08 11:28:58,121] DEBUG hpack.hpack | Adding (b'user-agent', b'python-httpx/0.28.1') to the header table, sensitive:False, huffman:True
[2026-06-08 11:28:58,122] DEBUG hpack.hpack | Encoding 73 with 7 bits
[2026-06-08 11:28:58,122] DEBUG hpack.hpack | Adding (b'prefer', b'return=representation') to the header table, sensitive:False, huffman:True
[2026-06-08 11:28:58,123] DEBUG hpack.hpack | Encoding 5 with 7 bits
[2026-06-08 11:28:58,123] DEBUG hpack.hpack | Encoding 15 with 7 bits
[2026-06-08 11:28:58,123] DEBUG hpack.hpack | Adding (b'x-client-info', b'supabase-py/2.30.1') to the header table, sensitive:False, huffman:True
[2026-06-08 11:28:58,124] DEBUG hpack.hpack | Encoding 73 with 7 bits
[2026-06-08 11:28:58,124] DEBUG hpack.hpack | Adding (b'x-supabase-client-platform', b'Linux') to the header table, sensitive:False, huffman:True
[2026-06-08 11:28:58,124] DEBUG hpack.hpack | Encoding 72 with 7 bits
[2026-06-08 11:28:58,125] DEBUG hpack.hpack | Adding (b'x-supabase-client-platform-version', b'7.0.11-1-cachyos-bore') to the header table, sensitive:False, huffman:True
[2026-06-08 11:28:58,125] DEBUG hpack.hpack | Encoding 71 with 7 bits
[2026-06-08 11:28:58,125] DEBUG hpack.hpack | Adding (b'x-supabase-client-runtime', b'python') to the header table, sensitive:False, huffman:True
[2026-06-08 11:28:58,126] DEBUG hpack.hpack | Encoding 70 with 7 bits
[2026-06-08 11:28:58,126] DEBUG hpack.hpack | Adding (b'x-supabase-client-runtime-version', b'3.14.5') to the header table, sensitive:False, huffman:True
[2026-06-08 11:28:58,126] DEBUG hpack.hpack | Encoding 69 with 7 bits
[2026-06-08 11:28:58,127] DEBUG hpack.hpack | Adding (b'apikey', b'eyJhbGciOiJIUzI1NiIsInR5cCI6IkpXVCJ9.eyJpc3MiOiJzdXBhYmFzZSIsInJlZiI6ImZwb21iYXppeW9tYmN6eWZkcnl0Iiwicm9sZSI6InNlcnZpY2Vfcm9sZSIsImlhdCI6MTc4MDA4MjM2MCwiZXhwIjoyMDk1NjU4MzYwfQ.hOA2efvOMFjcoFwfFNEoNNjIRSj-SUnsnyEGOm5wNfs') to the header table, sensitive:False, huffman:True
[2026-06-08 11:28:58,127] DEBUG hpack.hpack | Encoding 68 with 7 bits
[2026-06-08 11:28:58,127] DEBUG hpack.hpack | Adding (b'authorization', b'Bearer eyJhbGciOiJIUzI1NiIsInR5cCI6IkpXVCJ9.eyJpc3MiOiJzdXBhYmFzZSIsInJlZiI6ImZwb21iYXppeW9tYmN6eWZkcnl0Iiwicm9sZSI6InNlcnZpY2Vfcm9sZSIsImlhdCI6MTc4MDA4MjM2MCwiZXhwIjoyMDk1NjU4MzYwfQ.hOA2efvOMFjcoFwfFNEoNNjIRSj-SUnsnyEGOm5wNfs') to the header table, sensitive:True, huffman:True
[2026-06-08 11:28:58,128] DEBUG hpack.hpack | Encoding 23 with 4 bits
[2026-06-08 11:28:58,129] DEBUG hpack.hpack | Encoding 181 with 7 bits
[2026-06-08 11:28:58,129] DEBUG hpack.hpack | Adding (b'accept-profile', b'public') to the header table, sensitive:False, huffman:True
[2026-06-08 11:28:58,129] DEBUG hpack.hpack | Encoding 67 with 7 bits
[2026-06-08 11:28:58,130] DEBUG hpack.hpack | Adding (b'content-profile', b'public') to the header table, sensitive:False, huffman:True
[2026-06-08 11:28:58,130] DEBUG hpack.hpack | Encoding 66 with 7 bits
[2026-06-08 11:28:58,130] DEBUG hpack.hpack | Adding (b'cookie', b'__cf_bm=9iQ4f.i9u0y84_fThN5o8wVgOAcAuIiwuE02tFLBm.4-1780936030.7875392-1.0.1.1-c.SKKgjU0b4RFrwvzFL1HtA1iE7WbExwhNI_7ALU3omjFTwvDzF9ItGj6QCtcSistQ4I3dITncA.QxK53HqSBIBCUpeuIyyB_cen_fu8uNb8J3QzMknuxiNemJ5DdYmu') to the header table, sensitive:False, huffman:True
[2026-06-08 11:28:58,131] DEBUG hpack.hpack | Encoding 65 with 7 bits
[2026-06-08 11:28:58,131] DEBUG hpack.hpack | Adding (b'content-length', b'836') to the header table, sensitive:False, huffman:True
[2026-06-08 11:28:58,131] DEBUG hpack.hpack | Encoding 28 with 6 bits
[2026-06-08 11:28:58,132] DEBUG hpack.hpack | Encoding 3 with 7 bits
[2026-06-08 11:28:58,132] DEBUG hpack.hpack | Adding (b'content-type', b'application/json') to the header table, sensitive:False, huffman:True
[2026-06-08 11:28:58,133] DEBUG hpack.hpack | Encoding 31 with 6 bits
[2026-06-08 11:28:58,133] DEBUG hpack.hpack | Encoding 11 with 7 bits
[2026-06-08 11:28:58,133] DEBUG hpack.hpack | Encoded header block to b"B\x85\xd7\x0e\xfb\xd8\xff\xcc\x87D\xafb\xc2\xa1,w\x0b\x04=]\xcbb\x06\x93\x1e\xa4\x7f\x86\x92\x02\xf6\\\x82\x96P\xbc@-(\x9dif\xa5i\xa5\x9fu\xe1-,o2\xebA!B\xc8\xff\xcb\xca\xc9@\x85\xae\xc2\xca[?\x8f\xb0\xa9\xb6\xca\xa0\xb0\xb5\xd8T\x16\xa4\x8d&=_\xc9\xc8\xc7\xc6\xc5\xc4\x1f\x08\xff6\xbaQ\xd8[\x14/\xac\xb3\xc7\x88\x86\xd4l\xb98{\xc8\x1d&\xc8\x8c\x95ml\x97\xb29\x93\xad\x7f\x9coe}r\xfa\xcbY\x19\xd0mF\xcb\xeeO\xcb\xb3\xf3\xa7\x0f\xbf\xdd\xd9\x11\x92\xac\xb4~\x9b#\x99)\xfd\xf1\x18\x82n\x7f\x95\xd6^O\xa7\x9d:\\//\xde\xa4\xaa\x80d7\x83\x12\x97\xd1\xfb\xbb#\x99*\xd3A*\xfd\xaf\x98\xb8\xcaJ_G\xee\xec\x88\xc9M\x13\xc9{#\x9a7\x91\xad\x17\xe1kGM\x02\xd1{\xc1\xbf\x7f'\xf1\x93\xa1\xfdh\xbf\xd4:zpkG\xbe~%\xd8\xbc\xfa\xa1\x11e\xef\xabF\x1e\x84>\x1f\x12\xe1\xd3\x80\xfat\xf4\xc9\xb7wE\xb7p\xa9\x15z\xc1\x8bU-\xf8\xd3*?\xc3\xc2\xc1\\\x83y\x97?_\x8b\x1du\xd0b\r&=LtA\xea"
[2026-06-08 11:28:58,135] DEBUG httpcore.http2 | send_request_headers.complete
[2026-06-08 11:28:58,136] DEBUG httpcore.http2 | send_request_body.started request=<Request [b'PATCH']> stream_id=3
[2026-06-08 11:28:58,137] DEBUG httpcore.http2 | send_request_body.complete
[2026-06-08 11:28:58,138] DEBUG httpcore.http2 | receive_response_headers.started request=<Request [b'PATCH']> stream_id=3
[2026-06-08 11:28:58,335] DEBUG watchfiles.main | 1 change detected: {(<Change.modified: 2>, '/home/niko/Proyectos/C_sol/Vyntra/backend/nohup.out')}
[2026-06-08 11:28:58,464] DEBUG hpack.hpack | Decoding b"\x88a\x96\xd0z\xbe\x94\x03\xcae\xb6\xa5\x04\x018\xa0\\\xb8'\xae6\xf2\x98\xb4o\xce\xcc\x7f\x0c\x8f\x18\x1e}\xa6\xc9(\xdf\x91\xd1\xbcG\x96\xbb\xab\x17\xcbZ\x83\x9b\xd9\xab\xca\xc9{\x8b\x84\x84-i[\x05D<\x86\xaao\xc9\xc8@\x8d\xae\xc2\xca[\x0bQ\n\xb0\xeb\xae\x83\x16O\x8f\xb0\xa9\xb6\xca\xa0\xb0\xb5\xd8T\x16\xa4\x8d&=_\xc8\xc7\x7f\x07\x9a\x00_(\xde\x08\x16\x92BF\xb3\xb24\xda\xc3i\xb2,\xd3\xad\x91\xe6G\x1b\xa3\x04\x7f\xc6\x7f\x06\x0214\xc5"
[2026-06-08 11:28:58,465] DEBUG hpack.hpack | Decoded 8, consumed 1 bytes
[2026-06-08 11:28:58,465] DEBUG hpack.hpack | Decoded (b':status', b'200'), consumed 1
[2026-06-08 11:28:58,466] DEBUG hpack.hpack | Decoded 33, consumed 1 bytes
[2026-06-08 11:28:58,466] DEBUG hpack.hpack | Decoded 22, consumed 1 bytes
[2026-06-08 11:28:58,467] DEBUG hpack.hpack | Decoded (b'date', b'Mon, 08 Jun 2026 16:28:58 GMT'), total consumed 24 bytes, indexed True
[2026-06-08 11:28:58,467] DEBUG hpack.hpack | Decoded 78, consumed 1 bytes
[2026-06-08 11:28:58,467] DEBUG hpack.hpack | Decoded (b'content-type', b'application/json; charset=utf-8'), consumed 1
[2026-06-08 11:28:58,468] DEBUG hpack.hpack | Decoded 76, consumed 1 bytes
[2026-06-08 11:28:58,468] DEBUG hpack.hpack | Decoded (b'content-range', b'0-0/*'), consumed 1
[2026-06-08 11:28:58,469] DEBUG hpack.hpack | Decoded 75, consumed 2 bytes
[2026-06-08 11:28:58,469] DEBUG hpack.hpack | Decoded 15, consumed 1 bytes
[2026-06-08 11:28:58,470] DEBUG hpack.hpack | Decoded (b'cf-ray', b'a08945cfa9d7a8c8-BOG'), total consumed 18 bytes, indexed True
[2026-06-08 11:28:58,470] DEBUG hpack.hpack | Decoded 75, consumed 1 bytes
[2026-06-08 11:28:58,470] DEBUG hpack.hpack | Decoded (b'cf-cache-status', b'DYNAMIC'), consumed 1
[2026-06-08 11:28:58,471] DEBUG hpack.hpack | Decoded 26, consumed 1 bytes
[2026-06-08 11:28:58,471] DEBUG hpack.hpack | Decoded 3, consumed 1 bytes
[2026-06-08 11:28:58,472] DEBUG hpack.hpack | Decoded (b'content-encoding', b'gzip'), total consumed 5 bytes, indexed True
[2026-06-08 11:28:58,472] DEBUG hpack.hpack | Decoded 74, consumed 1 bytes
[2026-06-08 11:28:58,472] DEBUG hpack.hpack | Decoded (b'server', b'cloudflare'), consumed 1
[2026-06-08 11:28:58,473] DEBUG hpack.hpack | Decoded 73, consumed 1 bytes
[2026-06-08 11:28:58,473] DEBUG hpack.hpack | Decoded (b'strict-transport-security', b'max-age=31536000; includeSubDomains; preload'), consumed 1
[2026-06-08 11:28:58,473] DEBUG hpack.hpack | Decoded 59, consumed 1 bytes
[2026-06-08 11:28:58,474] DEBUG hpack.hpack | Decoded 11, consumed 1 bytes
[2026-06-08 11:28:58,474] DEBUG hpack.hpack | Decoded (b'vary', b'Accept-Encoding'), total consumed 13 bytes, indexed True
[2026-06-08 11:28:58,474] DEBUG hpack.hpack | Decoded 73, consumed 1 bytes
[2026-06-08 11:28:58,475] DEBUG hpack.hpack | Decoded (b'x-content-type-options', b'nosniff'), consumed 1
[2026-06-08 11:28:58,475] DEBUG hpack.hpack | Decoded 72, consumed 1 bytes
[2026-06-08 11:28:58,476] DEBUG hpack.hpack | Decoded (b'content-profile', b'public'), consumed 1
[2026-06-08 11:28:58,476] DEBUG hpack.hpack | Decoded 13, consumed 1 bytes
[2026-06-08 11:28:58,477] DEBUG hpack.hpack | Decoded 15, consumed 1 bytes
[2026-06-08 11:28:58,477] DEBUG hpack.hpack | Decoded (b'preference-applied', b'return=representation'), total consumed 31 bytes, indexed True
[2026-06-08 11:28:58,477] DEBUG hpack.hpack | Decoded 72, consumed 1 bytes
[2026-06-08 11:28:58,478] DEBUG hpack.hpack | Decoded (b'sb-gateway-version', <memory at 0x7f9005e556c0>), consumed 1
[2026-06-08 11:28:58,478] DEBUG hpack.hpack | Decoded 71, consumed 1 bytes
[2026-06-08 11:28:58,478] DEBUG hpack.hpack | Decoded (b'sb-project-ref', b'fpombaziyombczyfdryt'), consumed 1
[2026-06-08 11:28:58,479] DEBUG hpack.hpack | Decoded 70, consumed 2 bytes
[2026-06-08 11:28:58,479] DEBUG hpack.hpack | Decoded 26, consumed 1 bytes
[2026-06-08 11:28:58,479] DEBUG hpack.hpack | Decoded (b'sb-request-id', b'019ea810-ddcb-7d45-a45c-475c83ab7a0b'), total consumed 29 bytes, indexed True
[2026-06-08 11:28:58,480] DEBUG hpack.hpack | Decoded 70, consumed 1 bytes
[2026-06-08 11:28:58,480] DEBUG hpack.hpack | Decoded (b'x-envoy-attempt-count', <memory at 0x7f9005e55540>), consumed 1
[2026-06-08 11:28:58,481] DEBUG hpack.hpack | Decoded 69, consumed 2 bytes
[2026-06-08 11:28:58,481] DEBUG hpack.hpack | Decoded 2, consumed 1 bytes
[2026-06-08 11:28:58,481] DEBUG hpack.hpack | Decoded (b'x-envoy-upstream-service-time', <memory at 0x7f9005e55180>), total consumed 5 bytes, indexed True
[2026-06-08 11:28:58,482] DEBUG hpack.hpack | Decoded 69, consumed 1 bytes
[2026-06-08 11:28:58,482] DEBUG hpack.hpack | Decoded (b'alt-svc', b'h3=":443"; ma=86400'), consumed 1
[2026-06-08 11:28:58,484] DEBUG httpcore.http2 | receive_response_headers.complete return_value=(200, [(b'date', b'Mon, 08 Jun 2026 16:28:58 GMT'), (b'content-type', b'application/json; charset=utf-8'), (b'content-range', b'0-0/*'), (b'cf-ray', b'a08945cfa9d7a8c8-BOG'), (b'cf-cache-status', b'DYNAMIC'), (b'content-encoding', b'gzip'), (b'server', b'cloudflare'), (b'strict-transport-security', b'max-age=31536000; includeSubDomains; preload'), (b'vary', b'Accept-Encoding'), (b'x-content-type-options', b'nosniff'), (b'content-profile', b'public'), (b'preference-applied', b'return=representation'), (b'sb-gateway-version', b'1'), (b'sb-project-ref', b'fpombaziyombczyfdryt'), (b'sb-request-id', b'019ea810-ddcb-7d45-a45c-475c83ab7a0b'), (b'x-envoy-attempt-count', b'1'), (b'x-envoy-upstream-service-time', b'14'), (b'alt-svc', b'h3=":443"; ma=86400')])
[2026-06-08 11:28:58,486] INFO httpx | HTTP Request: PATCH https://fpombaziyombczyfdryt.supabase.co/rest/v1/conversations?id=eq.c2ff18c0-f274-4f44-9782-fb83741ce13a "HTTP/2 200 OK"
[2026-06-08 11:28:58,488] DEBUG httpcore.http2 | receive_response_body.started request=<Request [b'PATCH']> stream_id=3
[2026-06-08 11:28:58,490] DEBUG httpcore.http2 | receive_response_body.complete
[2026-06-08 11:28:58,490] DEBUG httpcore.http2 | response_closed.started stream_id=3
[2026-06-08 11:28:58,491] DEBUG httpcore.http2 | response_closed.complete
[2026-06-08 11:28:58,492] INFO siee.ai_agent | stream done [student] user=c6d7145a-2fc1-4445-b641-dc5fbe849d53 req=4fa1e784c17a tokens=264
[2026-06-08 11:28:58,493] DEBUG httpcore.http11 | response_closed.started
[2026-06-08 11:28:58,495] DEBUG httpcore.http11 | response_closed.complete
[2026-06-08 11:28:58,506] DEBUG httpcore.http11 | receive_response_body.failed exception=GeneratorExit()
[2026-06-08 11:28:58,581] INFO siee.ai_agent | chat req=02d9b509ee2a role=student user=c6d7145a-2fc1-4445-b641-dc5fbe849d53 msg_len=19
[2026-06-08 11:28:58,663] DEBUG httpcore.connection | connect_tcp.started host='openrouter.ai' port=443 local_address=None timeout=45 socket_options=None
[2026-06-08 11:28:58,687] DEBUG watchfiles.main | 1 change detected: {(<Change.modified: 2>, '/home/niko/Proyectos/C_sol/Vyntra/backend/nohup.out')}
[2026-06-08 11:28:58,721] DEBUG httpcore.connection | connect_tcp.complete return_value=<httpcore._backends.anyio.AnyIOStream object at 0x7f9005daf850>
[2026-06-08 11:28:58,721] DEBUG httpcore.connection | start_tls.started ssl_context=<ssl.SSLContext object at 0x7f9006128950> server_hostname='openrouter.ai' timeout=45
[2026-06-08 11:28:58,793] DEBUG httpcore.connection | start_tls.complete return_value=<httpcore._backends.anyio.AnyIOStream object at 0x7f9005dafb50>
[2026-06-08 11:28:58,795] DEBUG httpcore.http11 | send_request_headers.started request=<Request [b'POST']>
[2026-06-08 11:28:58,797] DEBUG httpcore.http11 | send_request_headers.complete
[2026-06-08 11:28:58,798] DEBUG httpcore.http11 | send_request_body.started request=<Request [b'POST']>
[2026-06-08 11:28:58,799] DEBUG httpcore.http11 | send_request_body.complete
[2026-06-08 11:28:58,800] DEBUG httpcore.http11 | receive_response_headers.started request=<Request [b'POST']>
[2026-06-08 11:28:59,039] DEBUG watchfiles.main | 1 change detected: {(<Change.modified: 2>, '/home/niko/Proyectos/C_sol/Vyntra/backend/nohup.out')}
[2026-06-08 11:28:59,391] DEBUG watchfiles.main | 1 change detected: {(<Change.modified: 2>, '/home/niko/Proyectos/C_sol/Vyntra/backend/nohup.out')}
[2026-06-08 11:28:59,743] DEBUG watchfiles.main | 1 change detected: {(<Change.modified: 2>, '/home/niko/Proyectos/C_sol/Vyntra/backend/nohup.out')}
[2026-06-08 11:28:59,953] DEBUG httpcore.http11 | receive_response_headers.complete return_value=(b'HTTP/1.1', 200, b'OK', [(b'Date', b'Mon, 08 Jun 2026 16:28:59 GMT'), (b'Content-Type', b'text/event-stream'), (b'Transfer-Encoding', b'chunked'), (b'Connection', b'keep-alive'), (b'Access-Control-Allow-Origin', b'*'), (b'Cache-Control', b'no-cache'), (b'X-Generation-Id', b'gen-1780936138-QuVexqFmwXq8n8vRiQlQ'), (b'access-control-expose-headers', b'X-Generation-Id,cf-ray'), (b'Permissions-Policy', b'payment=(self "https://checkout.stripe.com" "https://connect-js.stripe.com" "https://js.stripe.com" "https://*.js.stripe.com" "https://hooks.stripe.com")'), (b'Referrer-Policy', b'no-referrer, strict-origin-when-cross-origin'), (b'X-Content-Type-Options', b'nosniff'), (b'Server', b'cloudflare'), (b'CF-RAY', b'a08945d39b5832d4-BOG')])
[2026-06-08 11:28:59,955] INFO httpx | HTTP Request: POST https://openrouter.ai/api/v1/chat/completions "HTTP/1.1 200 OK"
[2026-06-08 11:28:59,956] DEBUG httpcore.http11 | receive_response_body.started request=<Request [b'POST']>
[2026-06-08 11:29:00,095] DEBUG watchfiles.main | 1 change detected: {(<Change.modified: 2>, '/home/niko/Proyectos/C_sol/Vyntra/backend/nohup.out')}
[2026-06-08 11:29:00,449] DEBUG watchfiles.main | 1 change detected: {(<Change.modified: 2>, '/home/niko/Proyectos/C_sol/Vyntra/backend/nohup.out')}
[2026-06-08 11:29:00,801] DEBUG watchfiles.main | 1 change detected: {(<Change.modified: 2>, '/home/niko/Proyectos/C_sol/Vyntra/backend/nohup.out')}
[2026-06-08 11:29:01,157] DEBUG watchfiles.main | 1 change detected: {(<Change.modified: 2>, '/home/niko/Proyectos/C_sol/Vyntra/backend/nohup.out')}
[2026-06-08 11:29:01,509] DEBUG watchfiles.main | 1 change detected: {(<Change.modified: 2>, '/home/niko/Proyectos/C_sol/Vyntra/backend/nohup.out')}
[2026-06-08 11:29:01,861] DEBUG watchfiles.main | 1 change detected: {(<Change.modified: 2>, '/home/niko/Proyectos/C_sol/Vyntra/backend/nohup.out')}
[2026-06-08 11:29:02,213] DEBUG watchfiles.main | 1 change detected: {(<Change.modified: 2>, '/home/niko/Proyectos/C_sol/Vyntra/backend/nohup.out')}
[2026-06-08 11:29:02,565] DEBUG watchfiles.main | 1 change detected: {(<Change.modified: 2>, '/home/niko/Proyectos/C_sol/Vyntra/backend/nohup.out')}
[2026-06-08 11:29:02,916] DEBUG watchfiles.main | 1 change detected: {(<Change.modified: 2>, '/home/niko/Proyectos/C_sol/Vyntra/backend/nohup.out')}
[2026-06-08 11:29:03,268] DEBUG watchfiles.main | 1 change detected: {(<Change.modified: 2>, '/home/niko/Proyectos/C_sol/Vyntra/backend/nohup.out')}
[2026-06-08 11:29:03,620] DEBUG watchfiles.main | 1 change detected: {(<Change.modified: 2>, '/home/niko/Proyectos/C_sol/Vyntra/backend/nohup.out')}
INFO:     127.0.0.1:34896 - "POST /api/ai/student-tutor HTTP/1.1" 200 OK
[2026-06-08 11:29:03,972] DEBUG watchfiles.main | 1 change detected: {(<Change.modified: 2>, '/home/niko/Proyectos/C_sol/Vyntra/backend/nohup.out')}
[2026-06-08 11:29:04,323] DEBUG watchfiles.main | 1 change detected: {(<Change.modified: 2>, '/home/niko/Proyectos/C_sol/Vyntra/backend/nohup.out')}
[2026-06-08 11:29:04,675] DEBUG watchfiles.main | 1 change detected: {(<Change.modified: 2>, '/home/niko/Proyectos/C_sol/Vyntra/backend/nohup.out')}
[2026-06-08 11:29:05,027] DEBUG watchfiles.main | 1 change detected: {(<Change.modified: 2>, '/home/niko/Proyectos/C_sol/Vyntra/backend/nohup.out')}
[2026-06-08 11:29:05,103] DEBUG httpcore.connection | close.started
[2026-06-08 11:29:05,104] DEBUG httpcore.connection | close.complete
[2026-06-08 11:29:05,105] DEBUG httpcore.connection | connect_tcp.started host='fpombaziyombczyfdryt.supabase.co' port=443 local_address=None timeout=120 socket_options=None
[2026-06-08 11:29:05,231] DEBUG httpcore.connection | connect_tcp.complete return_value=<httpcore._backends.sync.SyncStream object at 0x7f9005dac350>
[2026-06-08 11:29:05,232] DEBUG httpcore.connection | start_tls.started ssl_context=<ssl.SSLContext object at 0x7f90067e39b0> server_hostname='fpombaziyombczyfdryt.supabase.co' timeout=120
[2026-06-08 11:29:05,379] DEBUG watchfiles.main | 1 change detected: {(<Change.modified: 2>, '/home/niko/Proyectos/C_sol/Vyntra/backend/nohup.out')}
[2026-06-08 11:29:05,432] DEBUG httpcore.connection | start_tls.complete return_value=<httpcore._backends.sync.SyncStream object at 0x7f9005daf350>
[2026-06-08 11:29:05,433] DEBUG httpcore.http2 | send_connection_init.started request=<Request [b'GET']>
[2026-06-08 11:29:05,435] DEBUG httpcore.http2 | send_connection_init.complete
[2026-06-08 11:29:05,436] DEBUG httpcore.http2 | send_request_headers.started request=<Request [b'GET']> stream_id=1
[2026-06-08 11:29:05,437] DEBUG hpack.hpack | Adding (b':method', b'GET') to the header table, sensitive:False, huffman:True
[2026-06-08 11:29:05,437] DEBUG hpack.hpack | Encoding 2 with 7 bits
[2026-06-08 11:29:05,437] DEBUG hpack.hpack | Adding (b':authority', b'fpombaziyombczyfdryt.supabase.co') to the header table, sensitive:False, huffman:True
[2026-06-08 11:29:05,438] DEBUG hpack.hpack | Encoding 1 with 6 bits
[2026-06-08 11:29:05,438] DEBUG hpack.hpack | Encoding 23 with 7 bits
[2026-06-08 11:29:05,439] DEBUG hpack.hpack | Adding (b':scheme', b'https') to the header table, sensitive:False, huffman:True
[2026-06-08 11:29:05,439] DEBUG hpack.hpack | Encoding 7 with 7 bits
[2026-06-08 11:29:05,439] DEBUG hpack.hpack | Adding (b':path', b'/rest/v1/conversations?select=id&user_id=eq.c6d7145a-2fc1-4445-b641-dc5fbe849d53&role=eq.student&order=created_at.desc&limit=1') to the header table, sensitive:False, huffman:True
[2026-06-08 11:29:05,439] DEBUG hpack.hpack | Encoding 4 with 6 bits
[2026-06-08 11:29:05,440] DEBUG hpack.hpack | Encoding 90 with 7 bits
[2026-06-08 11:29:05,440] DEBUG hpack.hpack | Adding (b'accept', b'*/*') to the header table, sensitive:False, huffman:True
[2026-06-08 11:29:05,441] DEBUG hpack.hpack | Encoding 19 with 6 bits
[2026-06-08 11:29:05,441] DEBUG hpack.hpack | Encoding 3 with 7 bits
[2026-06-08 11:29:05,441] DEBUG hpack.hpack | Adding (b'accept-encoding', b'gzip, deflate, zstd') to the header table, sensitive:False, huffman:True
[2026-06-08 11:29:05,442] DEBUG hpack.hpack | Encoding 16 with 6 bits
[2026-06-08 11:29:05,442] DEBUG hpack.hpack | Encoding 15 with 7 bits
[2026-06-08 11:29:05,442] DEBUG hpack.hpack | Adding (b'user-agent', b'python-httpx/0.28.1') to the header table, sensitive:False, huffman:True
[2026-06-08 11:29:05,443] DEBUG hpack.hpack | Encoding 58 with 6 bits
[2026-06-08 11:29:05,443] DEBUG hpack.hpack | Encoding 14 with 7 bits
[2026-06-08 11:29:05,444] DEBUG hpack.hpack | Adding (b'x-client-info', b'supabase-py/2.30.1') to the header table, sensitive:False, huffman:True
[2026-06-08 11:29:05,444] DEBUG hpack.hpack | Encoding 10 with 7 bits
[2026-06-08 11:29:05,445] DEBUG hpack.hpack | Encoding 13 with 7 bits
[2026-06-08 11:29:05,445] DEBUG hpack.hpack | Adding (b'x-supabase-client-platform', b'Linux') to the header table, sensitive:False, huffman:True
[2026-06-08 11:29:05,446] DEBUG hpack.hpack | Encoding 19 with 7 bits
[2026-06-08 11:29:05,446] DEBUG hpack.hpack | Encoding 4 with 7 bits
[2026-06-08 11:29:05,446] DEBUG hpack.hpack | Adding (b'x-supabase-client-platform-version', b'7.0.11-1-cachyos-bore') to the header table, sensitive:False, huffman:True
[2026-06-08 11:29:05,447] DEBUG hpack.hpack | Encoding 24 with 7 bits
[2026-06-08 11:29:05,447] DEBUG hpack.hpack | Encoding 15 with 7 bits
[2026-06-08 11:29:05,447] DEBUG hpack.hpack | Adding (b'x-supabase-client-runtime', b'python') to the header table, sensitive:False, huffman:True
[2026-06-08 11:29:05,448] DEBUG hpack.hpack | Encoding 18 with 7 bits
[2026-06-08 11:29:05,448] DEBUG hpack.hpack | Encoding 5 with 7 bits
[2026-06-08 11:29:05,448] DEBUG hpack.hpack | Adding (b'x-supabase-client-runtime-version', b'3.14.5') to the header table, sensitive:False, huffman:True
[2026-06-08 11:29:05,449] DEBUG hpack.hpack | Encoding 23 with 7 bits
[2026-06-08 11:29:05,449] DEBUG hpack.hpack | Encoding 5 with 7 bits
[2026-06-08 11:29:05,449] DEBUG hpack.hpack | Adding (b'apikey', b'eyJhbGciOiJIUzI1NiIsInR5cCI6IkpXVCJ9.eyJpc3MiOiJzdXBhYmFzZSIsInJlZiI6ImZwb21iYXppeW9tYmN6eWZkcnl0Iiwicm9sZSI6InNlcnZpY2Vfcm9sZSIsImlhdCI6MTc4MDA4MjM2MCwiZXhwIjoyMDk1NjU4MzYwfQ.hOA2efvOMFjcoFwfFNEoNNjIRSj-SUnsnyEGOm5wNfs') to the header table, sensitive:False, huffman:True
[2026-06-08 11:29:05,450] DEBUG hpack.hpack | Encoding 5 with 7 bits
[2026-06-08 11:29:05,450] DEBUG hpack.hpack | Encoding 176 with 7 bits
[2026-06-08 11:29:05,451] DEBUG hpack.hpack | Adding (b'authorization', b'Bearer eyJhbGciOiJIUzI1NiIsInR5cCI6IkpXVCJ9.eyJpc3MiOiJzdXBhYmFzZSIsInJlZiI6ImZwb21iYXppeW9tYmN6eWZkcnl0Iiwicm9sZSI6InNlcnZpY2Vfcm9sZSIsImlhdCI6MTc4MDA4MjM2MCwiZXhwIjoyMDk1NjU4MzYwfQ.hOA2efvOMFjcoFwfFNEoNNjIRSj-SUnsnyEGOm5wNfs') to the header table, sensitive:True, huffman:True
[2026-06-08 11:29:05,451] DEBUG hpack.hpack | Encoding 23 with 4 bits
[2026-06-08 11:29:05,453] DEBUG hpack.hpack | Encoding 181 with 7 bits
[2026-06-08 11:29:05,453] DEBUG hpack.hpack | Adding (b'accept-profile', b'public') to the header table, sensitive:False, huffman:True
[2026-06-08 11:29:05,454] DEBUG hpack.hpack | Encoding 10 with 7 bits
[2026-06-08 11:29:05,454] DEBUG hpack.hpack | Encoding 5 with 7 bits
[2026-06-08 11:29:05,455] DEBUG hpack.hpack | Adding (b'content-profile', b'public') to the header table, sensitive:False, huffman:True
[2026-06-08 11:29:05,455] DEBUG hpack.hpack | Encoding 11 with 7 bits
[2026-06-08 11:29:05,456] DEBUG hpack.hpack | Encoding 5 with 7 bits
[2026-06-08 11:29:05,456] DEBUG hpack.hpack | Adding (b'cookie', b'__cf_bm=9iQ4f.i9u0y84_fThN5o8wVgOAcAuIiwuE02tFLBm.4-1780936030.7875392-1.0.1.1-c.SKKgjU0b4RFrwvzFL1HtA1iE7WbExwhNI_7ALU3omjFTwvDzF9ItGj6QCtcSistQ4I3dITncA.QxK53HqSBIBCUpeuIyyB_cen_fu8uNb8J3QzMknuxiNemJ5DdYmu') to the header table, sensitive:False, huffman:True
[2026-06-08 11:29:05,456] DEBUG hpack.hpack | Encoding 32 with 6 bits
[2026-06-08 11:29:05,458] DEBUG hpack.hpack | Encoding 161 with 7 bits
[2026-06-08 11:29:05,458] DEBUG hpack.hpack | Encoded header block to b'\x82A\x97\x96\xb3\xd3\x18\xfd\x9b\xd1\xe9\x8c\x9e\xfdK%\x9e\x92\xba-\xacq\x8d\x05\\\x87\x87D\xdab\xc2\xa1,w\x0b\x04=]\xcbb\x06\x93\x1e\xa4\x7f\x88-\x05"`4\x9f\x16\xa0\xb6Di /e\xc8\xe4\x8e\x85\xa6\xc6\xb0\xa5 Vi\xa6\x9bZ7\x1a\n\xd2\x11\xb9c+\xcd?#l\xfcXz\x0b\x01{.\x84\xdb!jO\xc1\xec\x90\xb6@K\n4\x96H\x86\x95\xe4*\t\xf1A\xa92`\x0fS\x83\xf9c\xe7P\x8f\x9b\xd9\xab\xfaRB\xcb@\xd2_\xa5=\xa12\x7fz\x8e\xaf\xd2g=KN\x94\xd7\xe5\x80.\'\x97\x0f@\x8a\xf2\xb1(1jJ\xc6\xaaS\xff\x8dE\xb5\x8e1\xa0\xabW\xe9\x81.\xc8\x17\x0f@\x93\xf2\xb2-\xacq\x8d\x05X\x94\x18\xb5%j\xe8\x1ae=\x94\xff\x84\xcej\xad\xf3@\x98\xf2\xb2-\xacq\x8d\x05X\x94\x18\xb5%j\xe8\x1ae=\x94\xad\xdc\xb6 \xc7\xab\x8fup.\x10\xac\x15\x882O\xe8\xe8Z3\xd8_@\x92\xf2\xb2-\xacq\x8d\x05X\x94\x18\xb5%k-\xa9&\xa4\xbf\x85\xaf\xd2g=_@\x97\xf2\xb2-\xacq\x8d\x05X\x94\x18\xb5%k-\xa9&\xa4\xabw-\x881\xea\x85ep\xb4\xbb\x7f@\x85\x1df\xea__\xff1/\xac\xb3\xc7\x88\x86\xd4l\xb98{\xc8\x1d&\xc8\x8c\x95ml\x97\xb29\x93\xad\x7f\x9coe}r\xfa\xcbY\x19\xd0mF\xcb\xeeO\xcb\xb3\xf3\xa7\x0f\xbf\xdd\xd9\x11\x92\xac\xb4~\x9b#\x99)\xfd\xf1\x18\x82n\x7f\x95\xd6^O\xa7\x9d:\\//\xde\xa4\xaa\x80d7\x83\x12\x97\xd1\xfb\xbb#\x99*\xd3A*\xfd\xaf\x98\xb8\xcaJ_G\xee\xec\x88\xc9M\x13\xc9{#\x9a7\x91\xad\x17\xe1kGM\x02\xd1{\xc1\xbf\x7f\'\xf1\x93\xa1\xfdh\xbf\xd4:zpkG\xbe~%\xd8\xbc\xfa\xa1\x11e\xef\xabF\x1e\x84>\x1f\x12\xe1\xd3\x80\xfat\xf4\xc9\xb7wE\xb7p\xa9\x15z\xc1\x8bU-\xf8\xd3*?\x1f\x08\xff6\xbaQ\xd8[\x14/\xac\xb3\xc7\x88\x86\xd4l\xb98{\xc8\x1d&\xc8\x8c\x95ml\x97\xb29\x93\xad\x7f\x9coe}r\xfa\xcbY\x19\xd0mF\xcb\xeeO\xcb\xb3\xf3\xa7\x0f\xbf\xdd\xd9\x11\x92\xac\xb4~\x9b#\x99)\xfd\xf1\x18\x82n\x7f\x95\xd6^O\xa7\x9d:\\//\xde\xa4\xaa\x80d7\x83\x12\x97\xd1\xfb\xbb#\x99*\xd3A*\xfd\xaf\x98\xb8\xcaJ_G\xee\xec\x88\xc9M\x13\xc9{#\x9a7\x91\xad\x17\xe1kGM\x02\xd1{\xc1\xbf\x7f\'\xf1\x93\xa1\xfdh\xbf\xd4:zpkG\xbe~%\xd8\xbc\xfa\xa1\x11e\xef\xabF\x1e\x84>\x1f\x12\xe1\xd3\x80\xfat\xf4\xc9\xb7wE\xb7p\xa9\x15z\xc1\x8bU-\xf8\xd3*?@\x8a\x19\x08Z\xd2\xb5v\x1eSP_\x85\xae\xd8\xe81?@\x8b!\xeaIjJ\xd5\xd8yMA\x7f\x85\xae\xd8\xe81?`\xff"\x8a"K\x14t\xc0\xf9\xb65*\xe6~\xd0zy\xa8\xa5\xdf>\x96\xce\xf7\x8e3j\x84\x90\xdb\x90\xde-\xc0\x01\'\x0e{\xb4\xae\xd2\xc1u\xe0>\xcb\x80d\x0b\xba\xf3\xad\xb2\xf8\x96\n\xe0\\+\x85b/\xbb6i\xbap\x04mm\xc3g\x8e\xfe\xf0\xe7\x0e4\xc2\x13`w\x94x<\xf8\x9fNH\x9d\x87?\x06OOL;\xfcw\xbf\xef\x0b\xf9\x13\x8b\xa3\x9b/$\x9b\x8c\x84\xeck#2d\xdfQ!_g\x9c\xcd\xb3\x8f\xb6\xeb\xb9.\xde\xe1Ym\xc9\xeb\xd5\xd8\x88Z\xa2\x96\xd7\xad\xd3\x1b\xd9Y\xd9\xefGZ\xad\xf2m%\xa7+w\xe4\xe7M\xbf'
[2026-06-08 11:29:05,460] DEBUG httpcore.http2 | send_request_headers.complete
[2026-06-08 11:29:05,460] DEBUG httpcore.http2 | send_request_body.started request=<Request [b'GET']> stream_id=1
[2026-06-08 11:29:05,461] DEBUG httpcore.http2 | send_request_body.complete
[2026-06-08 11:29:05,461] DEBUG httpcore.http2 | receive_response_headers.started request=<Request [b'GET']> stream_id=1
[2026-06-08 11:29:05,565] DEBUG httpcore.http2 | receive_remote_settings.started
[2026-06-08 11:29:05,567] DEBUG httpcore.http2 | receive_remote_settings.complete return_value=<RemoteSettingsChanged changed_settings:{ChangedSetting(setting=3, original_value=None, new_value=100), ChangedSetting(setting=4, original_value=65535, new_value=65536), ChangedSetting(setting=5, original_value=16384, new_value=16777215)}>
[2026-06-08 11:29:05,731] DEBUG watchfiles.main | 1 change detected: {(<Change.modified: 2>, '/home/niko/Proyectos/C_sol/Vyntra/backend/nohup.out')}
[2026-06-08 11:29:05,752] DEBUG hpack.hpack | Decoding b"?\xe1\x1f\x88a\x96\xd0z\xbe\x94\x03\xcae\xb6\xa5\x04\x018\xa0\\\xb8'\xee\x01\xb51h\xdf_\x96\x1du\xd0b\r&=LtA\xea\xfbP\x93\x8e\xc4\x150Z\x99V{\\\x0247^\x84\x02\xc0c\xe7@\x85$\xabX?_\x8f\x18\x1e}\xa6\xe5\x91\x97\x80V\xc0\xf8\x16\xbb\xab\x17@\x8a$\xab\x10d\x9c\xab!#M\xa8\x86\xbf\xcfL:2^]\xd4`\x87\xab\xb9l@\xd2c\xd4\x8f\xf2\x83Rd\xc0\x1f\x83\xd9!l\x80\x96\x14i,\x91\r+\xc8T\x13\xe2\xc3\xd0X\x0b\xd9t&\xd9\x0bR~\x10Z\nD\xc0i>-Al\x88\xd2@^\xcb\x91\xc9\x1d\x0bM\x8daJ@\xac\xd3M6\xb4n4\x15\xa4#r\xc6W\x9a~F\xd9v\x87%\x07\xb6Ih\x1d\x85x\xa0\xa4~V\x1c\xc5\x81\x90\xb6\xcb\x80\x00>\xd45D\xa2\xd9\x0b\xba\xd8\xef\x9e\x91\x9a\xa4}\xa9]\x85\xa0\xe3\x93@\x90\xf2\xb1\x0fRKRVO\xaa\xca\xb1\xebI\x8fR?\x85\xa8\xe8\xa8\xd2\xcb@\x8b!\xeaIjJ\xd5\xd8yMA\x7f\x85\xae\xd8\xe81?@\x8dDkL4\x97\xc0\xfd-\xdc\xb6 \xc7\xab\x011@\x8aDkWa\xfa\x14\x89Z\xc2\xcb\x8f\x96\xb3\xd3\x18\xfd\x9b\xd1\xe9\x8c\x9e\xfdK%\x9e\x93@\x8aDkX^\xd6\x95\tX\xd2\x7f\x9a\x00_(\xde\x08\x16\x94m\x15gB\xd4\x8b<7\xd9ZW[\x95\xc1\x01\xa6@\t\x7f@\x8f\xf2\xb1j\xee\x7fK\r)-5\xa5b\x1e\xda\x93\x011@\x95\xf2\xb1j\xee\x7fK[Z\x13aGJ\xc8-\x9d\xccB\xac\x93R_\x015@\x85\x1d\tY\x1d\xc9\x90\x9d\x98?\x9b\x8d4\xcf\xf3\xf6\xa5#\x81\xe7\x1a\x00?"
[2026-06-08 11:29:05,753] DEBUG hpack.hpack | Decoded 4096, consumed 3 bytes
[2026-06-08 11:29:05,754] DEBUG hpack.table | Resizing header table to 4096 from 4096
[2026-06-08 11:29:05,754] DEBUG hpack.hpack | Decoded 8, consumed 1 bytes
[2026-06-08 11:29:05,754] DEBUG hpack.hpack | Decoded (b':status', b'200'), consumed 1
[2026-06-08 11:29:05,754] DEBUG hpack.hpack | Decoded 33, consumed 1 bytes
[2026-06-08 11:29:05,755] DEBUG hpack.hpack | Decoded 22, consumed 1 bytes
[2026-06-08 11:29:05,755] DEBUG hpack.hpack | Decoded (b'date', b'Mon, 08 Jun 2026 16:29:05 GMT'), total consumed 24 bytes, indexed True
[2026-06-08 11:29:05,755] DEBUG hpack.hpack | Decoded 31, consumed 1 bytes
[2026-06-08 11:29:05,756] DEBUG hpack.hpack | Decoded 22, consumed 1 bytes
[2026-06-08 11:29:05,756] DEBUG hpack.hpack | Decoded (b'content-type', b'application/json; charset=utf-8'), total consumed 24 bytes, indexed True
[2026-06-08 11:29:05,756] DEBUG hpack.hpack | Decoded 28, consumed 1 bytes
[2026-06-08 11:29:05,757] DEBUG hpack.hpack | Decoded 2, consumed 1 bytes
[2026-06-08 11:29:05,757] DEBUG hpack.hpack | Decoded (b'content-length', <memory at 0x7f900606a980>), total consumed 4 bytes, indexed True
[2026-06-08 11:29:05,758] DEBUG hpack.hpack | Decoded 30, consumed 1 bytes
[2026-06-08 11:29:05,758] DEBUG hpack.hpack | Decoded 4, consumed 1 bytes
[2026-06-08 11:29:05,758] DEBUG hpack.hpack | Decoded (b'content-range', b'0-0/*'), total consumed 6 bytes, indexed True
[2026-06-08 11:29:05,759] DEBUG hpack.hpack | Decoded 5, consumed 1 bytes
[2026-06-08 11:29:05,759] DEBUG hpack.hpack | Decoded 15, consumed 1 bytes
[2026-06-08 11:29:05,760] DEBUG hpack.hpack | Decoded (b'cf-ray', b'a08945fd380e5090-BOG'), total consumed 23 bytes, indexed True
[2026-06-08 11:29:05,760] DEBUG hpack.hpack | Decoded 10, consumed 1 bytes
[2026-06-08 11:29:05,761] DEBUG hpack.hpack | Decoded 6, consumed 1 bytes
[2026-06-08 11:29:05,761] DEBUG hpack.hpack | Decoded (b'cf-cache-status', b'DYNAMIC'), total consumed 19 bytes, indexed True
[2026-06-08 11:29:05,762] DEBUG hpack.hpack | Decoded 29, consumed 1 bytes
[2026-06-08 11:29:05,762] DEBUG hpack.hpack | Decoded 84, consumed 1 bytes
[2026-06-08 11:29:05,763] DEBUG hpack.hpack | Decoded (b'content-location', b'/conversations?limit=1&order=created_at.desc&role=eq.student&select=id&user_id=eq.c6d7145a-2fc1-4445-b641-dc5fbe849d53'), total consumed 86 bytes, indexed True
[2026-06-08 11:29:05,763] DEBUG hpack.hpack | Decoded 54, consumed 1 bytes
[2026-06-08 11:29:05,764] DEBUG hpack.hpack | Decoded 7, consumed 1 bytes
[2026-06-08 11:29:05,764] DEBUG hpack.hpack | Decoded (b'server', b'cloudflare'), total consumed 9 bytes, indexed True
[2026-06-08 11:29:05,765] DEBUG hpack.hpack | Decoded 56, consumed 1 bytes
[2026-06-08 11:29:05,765] DEBUG hpack.hpack | Decoded 32, consumed 1 bytes
[2026-06-08 11:29:05,766] DEBUG hpack.hpack | Decoded (b'strict-transport-security', b'max-age=31536000; includeSubDomains; preload'), total consumed 34 bytes, indexed True
[2026-06-08 11:29:05,766] DEBUG hpack.hpack | Decoded 16, consumed 1 bytes
[2026-06-08 11:29:05,767] DEBUG hpack.hpack | Decoded 5, consumed 1 bytes
[2026-06-08 11:29:05,767] DEBUG hpack.hpack | Decoded (b'x-content-type-options', b'nosniff'), total consumed 24 bytes, indexed True
[2026-06-08 11:29:05,767] DEBUG hpack.hpack | Decoded 11, consumed 1 bytes
[2026-06-08 11:29:05,768] DEBUG hpack.hpack | Decoded 5, consumed 1 bytes
[2026-06-08 11:29:05,768] DEBUG hpack.hpack | Decoded (b'content-profile', b'public'), total consumed 19 bytes, indexed True
[2026-06-08 11:29:05,769] DEBUG hpack.hpack | Decoded 13, consumed 1 bytes
[2026-06-08 11:29:05,769] DEBUG hpack.hpack | Decoded 1, consumed 1 bytes
[2026-06-08 11:29:05,770] DEBUG hpack.hpack | Decoded (b'sb-gateway-version', <memory at 0x7f900606ac80>), total consumed 17 bytes, indexed True
[2026-06-08 11:29:05,770] DEBUG hpack.hpack | Decoded 10, consumed 1 bytes
[2026-06-08 11:29:05,771] DEBUG hpack.hpack | Decoded 15, consumed 1 bytes
[2026-06-08 11:29:05,771] DEBUG hpack.hpack | Decoded (b'sb-project-ref', b'fpombaziyombczyfdryt'), total consumed 28 bytes, indexed True
[2026-06-08 11:29:05,772] DEBUG hpack.hpack | Decoded 10, consumed 1 bytes
[2026-06-08 11:29:05,772] DEBUG hpack.hpack | Decoded 26, consumed 1 bytes
[2026-06-08 11:29:05,773] DEBUG hpack.hpack | Decoded (b'sb-request-id', b'019ea810-fa4e-714d-8a93-f75f6204300f'), total consumed 39 bytes, indexed True
[2026-06-08 11:29:05,773] DEBUG hpack.hpack | Decoded 15, consumed 1 bytes
[2026-06-08 11:29:05,774] DEBUG hpack.hpack | Decoded 1, consumed 1 bytes
[2026-06-08 11:29:05,775] DEBUG hpack.hpack | Decoded (b'x-envoy-attempt-count', <memory at 0x7f900606be80>), total consumed 19 bytes, indexed True
[2026-06-08 11:29:05,775] DEBUG hpack.hpack | Decoded 21, consumed 1 bytes
[2026-06-08 11:29:05,776] DEBUG hpack.hpack | Decoded 1, consumed 1 bytes
[2026-06-08 11:29:05,776] DEBUG hpack.hpack | Decoded (b'x-envoy-upstream-service-time', <memory at 0x7f900606b640>), total consumed 25 bytes, indexed True
[2026-06-08 11:29:05,776] DEBUG hpack.hpack | Decoded 5, consumed 1 bytes
[2026-06-08 11:29:05,777] DEBUG hpack.hpack | Decoded 16, consumed 1 bytes
[2026-06-08 11:29:05,778] DEBUG hpack.hpack | Decoded (b'alt-svc', b'h3=":443"; ma=86400'), total consumed 24 bytes, indexed True
[2026-06-08 11:29:05,779] DEBUG httpcore.http2 | receive_response_headers.complete return_value=(200, [(b'date', b'Mon, 08 Jun 2026 16:29:05 GMT'), (b'content-type', b'application/json; charset=utf-8'), (b'content-length', b'47'), (b'content-range', b'0-0/*'), (b'cf-ray', b'a08945fd380e5090-BOG'), (b'cf-cache-status', b'DYNAMIC'), (b'content-location', b'/conversations?limit=1&order=created_at.desc&role=eq.student&select=id&user_id=eq.c6d7145a-2fc1-4445-b641-dc5fbe849d53'), (b'server', b'cloudflare'), (b'strict-transport-security', b'max-age=31536000; includeSubDomains; preload'), (b'x-content-type-options', b'nosniff'), (b'content-profile', b'public'), (b'sb-gateway-version', b'1'), (b'sb-project-ref', b'fpombaziyombczyfdryt'), (b'sb-request-id', b'019ea810-fa4e-714d-8a93-f75f6204300f'), (b'x-envoy-attempt-count', b'1'), (b'x-envoy-upstream-service-time', b'5'), (b'alt-svc', b'h3=":443"; ma=86400')])
[2026-06-08 11:29:05,782] INFO httpx | HTTP Request: GET https://fpombaziyombczyfdryt.supabase.co/rest/v1/conversations?select=id&user_id=eq.c6d7145a-2fc1-4445-b641-dc5fbe849d53&role=eq.student&order=created_at.desc&limit=1 "HTTP/2 200 OK"
[2026-06-08 11:29:05,783] DEBUG httpcore.http2 | receive_response_body.started request=<Request [b'GET']> stream_id=1
[2026-06-08 11:29:05,785] DEBUG httpcore.http2 | receive_response_body.complete
[2026-06-08 11:29:05,786] DEBUG httpcore.http2 | response_closed.started stream_id=1
[2026-06-08 11:29:05,787] DEBUG httpcore.http2 | response_closed.complete
[2026-06-08 11:29:05,793] DEBUG httpcore.http2 | send_request_headers.started request=<Request [b'PATCH']> stream_id=3
[2026-06-08 11:29:05,794] DEBUG hpack.hpack | Adding (b':method', b'PATCH') to the header table, sensitive:False, huffman:True
[2026-06-08 11:29:05,795] DEBUG hpack.hpack | Encoding 2 with 6 bits
[2026-06-08 11:29:05,796] DEBUG hpack.hpack | Encoding 5 with 7 bits
[2026-06-08 11:29:05,796] DEBUG hpack.hpack | Adding (b':authority', b'fpombaziyombczyfdryt.supabase.co') to the header table, sensitive:False, huffman:True
[2026-06-08 11:29:05,797] DEBUG hpack.hpack | Encoding 76 with 7 bits
[2026-06-08 11:29:05,797] DEBUG hpack.hpack | Adding (b':scheme', b'https') to the header table, sensitive:False, huffman:True
[2026-06-08 11:29:05,798] DEBUG hpack.hpack | Encoding 7 with 7 bits
[2026-06-08 11:29:05,798] DEBUG hpack.hpack | Adding (b':path', b'/rest/v1/conversations?id=eq.c2ff18c0-f274-4f44-9782-fb83741ce13a') to the header table, sensitive:False, huffman:True
[2026-06-08 11:29:05,798] DEBUG hpack.hpack | Encoding 4 with 6 bits
[2026-06-08 11:29:05,799] DEBUG hpack.hpack | Encoding 47 with 7 bits
[2026-06-08 11:29:05,799] DEBUG hpack.hpack | Adding (b'accept', b'*/*') to the header table, sensitive:False, huffman:True
[2026-06-08 11:29:05,800] DEBUG hpack.hpack | Encoding 75 with 7 bits
[2026-06-08 11:29:05,800] DEBUG hpack.hpack | Adding (b'accept-encoding', b'gzip, deflate, zstd') to the header table, sensitive:False, huffman:True
[2026-06-08 11:29:05,800] DEBUG hpack.hpack | Encoding 74 with 7 bits
[2026-06-08 11:29:05,801] DEBUG hpack.hpack | Adding (b'user-agent', b'python-httpx/0.28.1') to the header table, sensitive:False, huffman:True
[2026-06-08 11:29:05,801] DEBUG hpack.hpack | Encoding 73 with 7 bits
[2026-06-08 11:29:05,802] DEBUG hpack.hpack | Adding (b'prefer', b'return=representation') to the header table, sensitive:False, huffman:True
[2026-06-08 11:29:05,802] DEBUG hpack.hpack | Encoding 5 with 7 bits
[2026-06-08 11:29:05,802] DEBUG hpack.hpack | Encoding 15 with 7 bits
[2026-06-08 11:29:05,803] DEBUG hpack.hpack | Adding (b'x-client-info', b'supabase-py/2.30.1') to the header table, sensitive:False, huffman:True
[2026-06-08 11:29:05,803] DEBUG hpack.hpack | Encoding 73 with 7 bits
[2026-06-08 11:29:05,803] DEBUG hpack.hpack | Adding (b'x-supabase-client-platform', b'Linux') to the header table, sensitive:False, huffman:True
[2026-06-08 11:29:05,804] DEBUG hpack.hpack | Encoding 72 with 7 bits
[2026-06-08 11:29:05,804] DEBUG hpack.hpack | Adding (b'x-supabase-client-platform-version', b'7.0.11-1-cachyos-bore') to the header table, sensitive:False, huffman:True
[2026-06-08 11:29:05,804] DEBUG hpack.hpack | Encoding 71 with 7 bits
[2026-06-08 11:29:05,805] DEBUG hpack.hpack | Adding (b'x-supabase-client-runtime', b'python') to the header table, sensitive:False, huffman:True
[2026-06-08 11:29:05,805] DEBUG hpack.hpack | Encoding 70 with 7 bits
[2026-06-08 11:29:05,806] DEBUG hpack.hpack | Adding (b'x-supabase-client-runtime-version', b'3.14.5') to the header table, sensitive:False, huffman:True
[2026-06-08 11:29:05,806] DEBUG hpack.hpack | Encoding 69 with 7 bits
[2026-06-08 11:29:05,806] DEBUG hpack.hpack | Adding (b'apikey', b'eyJhbGciOiJIUzI1NiIsInR5cCI6IkpXVCJ9.eyJpc3MiOiJzdXBhYmFzZSIsInJlZiI6ImZwb21iYXppeW9tYmN6eWZkcnl0Iiwicm9sZSI6InNlcnZpY2Vfcm9sZSIsImlhdCI6MTc4MDA4MjM2MCwiZXhwIjoyMDk1NjU4MzYwfQ.hOA2efvOMFjcoFwfFNEoNNjIRSj-SUnsnyEGOm5wNfs') to the header table, sensitive:False, huffman:True
[2026-06-08 11:29:05,807] DEBUG hpack.hpack | Encoding 68 with 7 bits
[2026-06-08 11:29:05,808] DEBUG hpack.hpack | Adding (b'authorization', b'Bearer eyJhbGciOiJIUzI1NiIsInR5cCI6IkpXVCJ9.eyJpc3MiOiJzdXBhYmFzZSIsInJlZiI6ImZwb21iYXppeW9tYmN6eWZkcnl0Iiwicm9sZSI6InNlcnZpY2Vfcm9sZSIsImlhdCI6MTc4MDA4MjM2MCwiZXhwIjoyMDk1NjU4MzYwfQ.hOA2efvOMFjcoFwfFNEoNNjIRSj-SUnsnyEGOm5wNfs') to the header table, sensitive:True, huffman:True
[2026-06-08 11:29:05,808] DEBUG hpack.hpack | Encoding 23 with 4 bits
[2026-06-08 11:29:05,810] DEBUG hpack.hpack | Encoding 181 with 7 bits
[2026-06-08 11:29:05,810] DEBUG hpack.hpack | Adding (b'accept-profile', b'public') to the header table, sensitive:False, huffman:True
[2026-06-08 11:29:05,811] DEBUG hpack.hpack | Encoding 67 with 7 bits
[2026-06-08 11:29:05,811] DEBUG hpack.hpack | Adding (b'content-profile', b'public') to the header table, sensitive:False, huffman:True
[2026-06-08 11:29:05,811] DEBUG hpack.hpack | Encoding 66 with 7 bits
[2026-06-08 11:29:05,812] DEBUG hpack.hpack | Adding (b'cookie', b'__cf_bm=9iQ4f.i9u0y84_fThN5o8wVgOAcAuIiwuE02tFLBm.4-1780936030.7875392-1.0.1.1-c.SKKgjU0b4RFrwvzFL1HtA1iE7WbExwhNI_7ALU3omjFTwvDzF9ItGj6QCtcSistQ4I3dITncA.QxK53HqSBIBCUpeuIyyB_cen_fu8uNb8J3QzMknuxiNemJ5DdYmu') to the header table, sensitive:False, huffman:True
[2026-06-08 11:29:05,812] DEBUG hpack.hpack | Encoding 65 with 7 bits
[2026-06-08 11:29:05,812] DEBUG hpack.hpack | Adding (b'content-length', b'1199') to the header table, sensitive:False, huffman:True
[2026-06-08 11:29:05,813] DEBUG hpack.hpack | Encoding 28 with 6 bits
[2026-06-08 11:29:05,813] DEBUG hpack.hpack | Encoding 3 with 7 bits
[2026-06-08 11:29:05,813] DEBUG hpack.hpack | Adding (b'content-type', b'application/json') to the header table, sensitive:False, huffman:True
[2026-06-08 11:29:05,814] DEBUG hpack.hpack | Encoding 31 with 6 bits
[2026-06-08 11:29:05,814] DEBUG hpack.hpack | Encoding 11 with 7 bits
[2026-06-08 11:29:05,816] DEBUG hpack.hpack | Encoded header block to b"B\x85\xd7\x0e\xfb\xd8\xff\xcc\x87D\xafb\xc2\xa1,w\x0b\x04=]\xcbb\x06\x93\x1e\xa4\x7f\x86\x92\x02\xf6\\\x82\x96P\xbc@-(\x9dif\xa5i\xa5\x9fu\xe1-,o2\xebA!B\xc8\xff\xcb\xca\xc9@\x85\xae\xc2\xca[?\x8f\xb0\xa9\xb6\xca\xa0\xb0\xb5\xd8T\x16\xa4\x8d&=_\xc9\xc8\xc7\xc6\xc5\xc4\x1f\x08\xff6\xbaQ\xd8[\x14/\xac\xb3\xc7\x88\x86\xd4l\xb98{\xc8\x1d&\xc8\x8c\x95ml\x97\xb29\x93\xad\x7f\x9coe}r\xfa\xcbY\x19\xd0mF\xcb\xeeO\xcb\xb3\xf3\xa7\x0f\xbf\xdd\xd9\x11\x92\xac\xb4~\x9b#\x99)\xfd\xf1\x18\x82n\x7f\x95\xd6^O\xa7\x9d:\\//\xde\xa4\xaa\x80d7\x83\x12\x97\xd1\xfb\xbb#\x99*\xd3A*\xfd\xaf\x98\xb8\xcaJ_G\xee\xec\x88\xc9M\x13\xc9{#\x9a7\x91\xad\x17\xe1kGM\x02\xd1{\xc1\xbf\x7f'\xf1\x93\xa1\xfdh\xbf\xd4:zpkG\xbe~%\xd8\xbc\xfa\xa1\x11e\xef\xabF\x1e\x84>\x1f\x12\xe1\xd3\x80\xfat\xf4\xc9\xb7wE\xb7p\xa9\x15z\xc1\x8bU-\xf8\xd3*?\xc3\xc2\xc1\\\x83\x08_\x7f_\x8b\x1du\xd0b\r&=LtA\xea"
[2026-06-08 11:29:05,817] DEBUG httpcore.http2 | send_request_headers.complete
[2026-06-08 11:29:05,818] DEBUG httpcore.http2 | send_request_body.started request=<Request [b'PATCH']> stream_id=3
[2026-06-08 11:29:05,820] DEBUG httpcore.http2 | send_request_body.complete
[2026-06-08 11:29:05,821] DEBUG httpcore.http2 | receive_response_headers.started request=<Request [b'PATCH']> stream_id=3
[2026-06-08 11:29:06,083] DEBUG watchfiles.main | 1 change detected: {(<Change.modified: 2>, '/home/niko/Proyectos/C_sol/Vyntra/backend/nohup.out')}
[2026-06-08 11:29:06,111] DEBUG hpack.hpack | Decoding b"\x88a\x96\xd0z\xbe\x94\x03\xcae\xb6\xa5\x04\x018\xa0\\\xb8'\xee\x01\xc51h\xdf\xce\xcc\x7f\x0c\x8f\x18\x1e}\xa6\xe5\x95\xb7\x9au\xb0>\x05\xae\xea\xc5\xcbZ\x83\x9b\xd9\xab\xca\xc9{\x8b\x84\x84-i[\x05D<\x86\xaao\xc9\xc8@\x8d\xae\xc2\xca[\x0bQ\n\xb0\xeb\xae\x83\x16O\x8f\xb0\xa9\xb6\xca\xa0\xb0\xb5\xd8T\x16\xa4\x8d&=_\xc8\xc7\x7f\x07\x9a\x00_(\xde\x08\x16\x962:\xb3\xa1t\x0b>\xf9\x02\xb4\x8d\xb8\x06H\xdb\x92\x8cM\xff\xc6\x7f\x06\x012\xc5"
[2026-06-08 11:29:06,111] DEBUG hpack.hpack | Decoded 8, consumed 1 bytes
[2026-06-08 11:29:06,112] DEBUG hpack.hpack | Decoded (b':status', b'200'), consumed 1
[2026-06-08 11:29:06,112] DEBUG hpack.hpack | Decoded 33, consumed 1 bytes
[2026-06-08 11:29:06,112] DEBUG hpack.hpack | Decoded 22, consumed 1 bytes
[2026-06-08 11:29:06,113] DEBUG hpack.hpack | Decoded (b'date', b'Mon, 08 Jun 2026 16:29:06 GMT'), total consumed 24 bytes, indexed True
[2026-06-08 11:29:06,113] DEBUG hpack.hpack | Decoded 78, consumed 1 bytes
[2026-06-08 11:29:06,113] DEBUG hpack.hpack | Decoded (b'content-type', b'application/json; charset=utf-8'), consumed 1
[2026-06-08 11:29:06,113] DEBUG hpack.hpack | Decoded 76, consumed 1 bytes
[2026-06-08 11:29:06,114] DEBUG hpack.hpack | Decoded (b'content-range', b'0-0/*'), consumed 1
[2026-06-08 11:29:06,114] DEBUG hpack.hpack | Decoded 75, consumed 2 bytes
[2026-06-08 11:29:06,114] DEBUG hpack.hpack | Decoded 15, consumed 1 bytes
[2026-06-08 11:29:06,114] DEBUG hpack.hpack | Decoded (b'cf-ray', b'a08945ff58475090-BOG'), total consumed 18 bytes, indexed True
[2026-06-08 11:29:06,115] DEBUG hpack.hpack | Decoded 75, consumed 1 bytes
[2026-06-08 11:29:06,115] DEBUG hpack.hpack | Decoded (b'cf-cache-status', b'DYNAMIC'), consumed 1
[2026-06-08 11:29:06,116] DEBUG hpack.hpack | Decoded 26, consumed 1 bytes
[2026-06-08 11:29:06,116] DEBUG hpack.hpack | Decoded 3, consumed 1 bytes
[2026-06-08 11:29:06,117] DEBUG hpack.hpack | Decoded (b'content-encoding', b'gzip'), total consumed 5 bytes, indexed True
[2026-06-08 11:29:06,117] DEBUG hpack.hpack | Decoded 74, consumed 1 bytes
[2026-06-08 11:29:06,118] DEBUG hpack.hpack | Decoded (b'server', b'cloudflare'), consumed 1
[2026-06-08 11:29:06,118] DEBUG hpack.hpack | Decoded 73, consumed 1 bytes
[2026-06-08 11:29:06,118] DEBUG hpack.hpack | Decoded (b'strict-transport-security', b'max-age=31536000; includeSubDomains; preload'), consumed 1
[2026-06-08 11:29:06,119] DEBUG hpack.hpack | Decoded 59, consumed 1 bytes
[2026-06-08 11:29:06,119] DEBUG hpack.hpack | Decoded 11, consumed 1 bytes
[2026-06-08 11:29:06,120] DEBUG hpack.hpack | Decoded (b'vary', b'Accept-Encoding'), total consumed 13 bytes, indexed True
[2026-06-08 11:29:06,120] DEBUG hpack.hpack | Decoded 73, consumed 1 bytes
[2026-06-08 11:29:06,121] DEBUG hpack.hpack | Decoded (b'x-content-type-options', b'nosniff'), consumed 1
[2026-06-08 11:29:06,121] DEBUG hpack.hpack | Decoded 72, consumed 1 bytes
[2026-06-08 11:29:06,121] DEBUG hpack.hpack | Decoded (b'content-profile', b'public'), consumed 1
[2026-06-08 11:29:06,122] DEBUG hpack.hpack | Decoded 13, consumed 1 bytes
[2026-06-08 11:29:06,123] DEBUG hpack.hpack | Decoded 15, consumed 1 bytes
[2026-06-08 11:29:06,123] DEBUG hpack.hpack | Decoded (b'preference-applied', b'return=representation'), total consumed 31 bytes, indexed True
[2026-06-08 11:29:06,124] DEBUG hpack.hpack | Decoded 72, consumed 1 bytes
[2026-06-08 11:29:06,124] DEBUG hpack.hpack | Decoded (b'sb-gateway-version', <memory at 0x7f900606ac80>), consumed 1
[2026-06-08 11:29:06,125] DEBUG hpack.hpack | Decoded 71, consumed 1 bytes
[2026-06-08 11:29:06,125] DEBUG hpack.hpack | Decoded (b'sb-project-ref', b'fpombaziyombczyfdryt'), consumed 1
[2026-06-08 11:29:06,125] DEBUG hpack.hpack | Decoded 70, consumed 2 bytes
[2026-06-08 11:29:06,126] DEBUG hpack.hpack | Decoded 26, consumed 1 bytes
[2026-06-08 11:29:06,126] DEBUG hpack.hpack | Decoded (b'sb-request-id', b'019ea810-fbc7-7170-99c1-d5603c56fa25'), total consumed 29 bytes, indexed True
[2026-06-08 11:29:06,126] DEBUG hpack.hpack | Decoded 70, consumed 1 bytes
[2026-06-08 11:29:06,127] DEBUG hpack.hpack | Decoded (b'x-envoy-attempt-count', <memory at 0x7f900606be80>), consumed 1
[2026-06-08 11:29:06,127] DEBUG hpack.hpack | Decoded 69, consumed 2 bytes
[2026-06-08 11:29:06,127] DEBUG hpack.hpack | Decoded 1, consumed 1 bytes
[2026-06-08 11:29:06,127] DEBUG hpack.hpack | Decoded (b'x-envoy-upstream-service-time', <memory at 0x7f900606b7c0>), total consumed 4 bytes, indexed True
[2026-06-08 11:29:06,128] DEBUG hpack.hpack | Decoded 69, consumed 1 bytes
[2026-06-08 11:29:06,128] DEBUG hpack.hpack | Decoded (b'alt-svc', b'h3=":443"; ma=86400'), consumed 1
[2026-06-08 11:29:06,129] DEBUG httpcore.http2 | receive_response_headers.complete return_value=(200, [(b'date', b'Mon, 08 Jun 2026 16:29:06 GMT'), (b'content-type', b'application/json; charset=utf-8'), (b'content-range', b'0-0/*'), (b'cf-ray', b'a08945ff58475090-BOG'), (b'cf-cache-status', b'DYNAMIC'), (b'content-encoding', b'gzip'), (b'server', b'cloudflare'), (b'strict-transport-security', b'max-age=31536000; includeSubDomains; preload'), (b'vary', b'Accept-Encoding'), (b'x-content-type-options', b'nosniff'), (b'content-profile', b'public'), (b'preference-applied', b'return=representation'), (b'sb-gateway-version', b'1'), (b'sb-project-ref', b'fpombaziyombczyfdryt'), (b'sb-request-id', b'019ea810-fbc7-7170-99c1-d5603c56fa25'), (b'x-envoy-attempt-count', b'1'), (b'x-envoy-upstream-service-time', b'2'), (b'alt-svc', b'h3=":443"; ma=86400')])
[2026-06-08 11:29:06,131] INFO httpx | HTTP Request: PATCH https://fpombaziyombczyfdryt.supabase.co/rest/v1/conversations?id=eq.c2ff18c0-f274-4f44-9782-fb83741ce13a "HTTP/2 200 OK"
[2026-06-08 11:29:06,132] DEBUG httpcore.http2 | receive_response_body.started request=<Request [b'PATCH']> stream_id=3
[2026-06-08 11:29:06,134] DEBUG httpcore.http2 | receive_response_body.complete
[2026-06-08 11:29:06,135] DEBUG httpcore.http2 | response_closed.started stream_id=3
[2026-06-08 11:29:06,135] DEBUG httpcore.http2 | response_closed.complete
[2026-06-08 11:29:06,136] INFO siee.ai_agent | stream done [student] user=c6d7145a-2fc1-4445-b641-dc5fbe849d53 req=02d9b509ee2a tokens=272
[2026-06-08 11:29:06,138] DEBUG httpcore.http11 | response_closed.started
[2026-06-08 11:29:06,140] DEBUG httpcore.http11 | response_closed.complete
[2026-06-08 11:29:06,150] DEBUG httpcore.http11 | receive_response_body.failed exception=GeneratorExit()
[2026-06-08 11:29:06,435] DEBUG watchfiles.main | 1 change detected: {(<Change.modified: 2>, '/home/niko/Proyectos/C_sol/Vyntra/backend/nohup.out')}
[2026-06-08 11:29:06,788] DEBUG watchfiles.main | 1 change detected: {(<Change.modified: 2>, '/home/niko/Proyectos/C_sol/Vyntra/backend/nohup.out')}
[2026-06-08 11:29:07,140] DEBUG watchfiles.main | 1 change detected: {(<Change.modified: 2>, '/home/niko/Proyectos/C_sol/Vyntra/backend/nohup.out')}
[2026-06-08 11:29:07,491] DEBUG watchfiles.main | 1 change detected: {(<Change.modified: 2>, '/home/niko/Proyectos/C_sol/Vyntra/backend/nohup.out')}
[2026-06-08 11:29:07,844] DEBUG watchfiles.main | 1 change detected: {(<Change.modified: 2>, '/home/niko/Proyectos/C_sol/Vyntra/backend/nohup.out')}
[2026-06-08 11:29:08,195] DEBUG watchfiles.main | 1 change detected: {(<Change.modified: 2>, '/home/niko/Proyectos/C_sol/Vyntra/backend/nohup.out')}
[2026-06-08 11:29:08,548] DEBUG watchfiles.main | 1 change detected: {(<Change.modified: 2>, '/home/niko/Proyectos/C_sol/Vyntra/backend/nohup.out')}
[2026-06-08 11:29:08,900] DEBUG watchfiles.main | 1 change detected: {(<Change.modified: 2>, '/home/niko/Proyectos/C_sol/Vyntra/backend/nohup.out')}
[2026-06-08 11:29:09,252] DEBUG watchfiles.main | 1 change detected: {(<Change.modified: 2>, '/home/niko/Proyectos/C_sol/Vyntra/backend/nohup.out')}
[2026-06-08 11:29:09,604] DEBUG watchfiles.main | 1 change detected: {(<Change.modified: 2>, '/home/niko/Proyectos/C_sol/Vyntra/backend/nohup.out')}
[2026-06-08 11:29:09,956] DEBUG watchfiles.main | 1 change detected: {(<Change.modified: 2>, '/home/niko/Proyectos/C_sol/Vyntra/backend/nohup.out')}
[2026-06-08 11:29:10,308] DEBUG watchfiles.main | 1 change detected: {(<Change.modified: 2>, '/home/niko/Proyectos/C_sol/Vyntra/backend/nohup.out')}
[2026-06-08 11:29:10,660] DEBUG watchfiles.main | 1 change detected: {(<Change.modified: 2>, '/home/niko/Proyectos/C_sol/Vyntra/backend/nohup.out')}
[2026-06-08 11:29:11,012] DEBUG watchfiles.main | 1 change detected: {(<Change.modified: 2>, '/home/niko/Proyectos/C_sol/Vyntra/backend/nohup.out')}
[2026-06-08 11:29:11,364] DEBUG watchfiles.main | 1 change detected: {(<Change.modified: 2>, '/home/niko/Proyectos/C_sol/Vyntra/backend/nohup.out')}
[2026-06-08 11:29:11,716] DEBUG watchfiles.main | 1 change detected: {(<Change.modified: 2>, '/home/niko/Proyectos/C_sol/Vyntra/backend/nohup.out')}
[2026-06-08 11:29:12,068] DEBUG watchfiles.main | 1 change detected: {(<Change.modified: 2>, '/home/niko/Proyectos/C_sol/Vyntra/backend/nohup.out')}
[2026-06-08 11:29:12,421] DEBUG watchfiles.main | 1 change detected: {(<Change.modified: 2>, '/home/niko/Proyectos/C_sol/Vyntra/backend/nohup.out')}
[2026-06-08 11:29:12,773] DEBUG watchfiles.main | 1 change detected: {(<Change.modified: 2>, '/home/niko/Proyectos/C_sol/Vyntra/backend/nohup.out')}
[2026-06-08 11:29:13,126] DEBUG watchfiles.main | 1 change detected: {(<Change.modified: 2>, '/home/niko/Proyectos/C_sol/Vyntra/backend/nohup.out')}
[2026-06-08 11:29:13,478] DEBUG watchfiles.main | 1 change detected: {(<Change.modified: 2>, '/home/niko/Proyectos/C_sol/Vyntra/backend/nohup.out')}
[2026-06-08 11:29:13,830] DEBUG watchfiles.main | 1 change detected: {(<Change.modified: 2>, '/home/niko/Proyectos/C_sol/Vyntra/backend/nohup.out')}
[2026-06-08 11:29:14,182] DEBUG watchfiles.main | 1 change detected: {(<Change.modified: 2>, '/home/niko/Proyectos/C_sol/Vyntra/backend/nohup.out')}
[2026-06-08 11:29:14,534] DEBUG watchfiles.main | 1 change detected: {(<Change.modified: 2>, '/home/niko/Proyectos/C_sol/Vyntra/backend/nohup.out')}
[2026-06-08 11:29:14,887] DEBUG watchfiles.main | 1 change detected: {(<Change.modified: 2>, '/home/niko/Proyectos/C_sol/Vyntra/backend/nohup.out')}
[2026-06-08 11:29:15,239] DEBUG watchfiles.main | 1 change detected: {(<Change.modified: 2>, '/home/niko/Proyectos/C_sol/Vyntra/backend/nohup.out')}
[2026-06-08 11:29:15,590] DEBUG watchfiles.main | 1 change detected: {(<Change.modified: 2>, '/home/niko/Proyectos/C_sol/Vyntra/backend/nohup.out')}
[2026-06-08 11:29:15,945] DEBUG watchfiles.main | 1 change detected: {(<Change.modified: 2>, '/home/niko/Proyectos/C_sol/Vyntra/backend/nohup.out')}
[2026-06-08 11:29:16,297] DEBUG watchfiles.main | 1 change detected: {(<Change.modified: 2>, '/home/niko/Proyectos/C_sol/Vyntra/backend/nohup.out')}
[2026-06-08 11:29:16,650] DEBUG watchfiles.main | 1 change detected: {(<Change.modified: 2>, '/home/niko/Proyectos/C_sol/Vyntra/backend/nohup.out')}
[2026-06-08 11:29:17,013] DEBUG watchfiles.main | 1 change detected: {(<Change.modified: 2>, '/home/niko/Proyectos/C_sol/Vyntra/backend/nohup.out')}
[2026-06-08 11:29:17,385] DEBUG watchfiles.main | 1 change detected: {(<Change.modified: 2>, '/home/niko/Proyectos/C_sol/Vyntra/backend/nohup.out')}
[2026-06-08 11:29:17,757] DEBUG watchfiles.main | 1 change detected: {(<Change.modified: 2>, '/home/niko/Proyectos/C_sol/Vyntra/backend/nohup.out')}
[2026-06-08 11:29:18,114] DEBUG watchfiles.main | 1 change detected: {(<Change.modified: 2>, '/home/niko/Proyectos/C_sol/Vyntra/backend/nohup.out')}
[2026-06-08 11:29:18,476] DEBUG watchfiles.main | 1 change detected: {(<Change.modified: 2>, '/home/niko/Proyectos/C_sol/Vyntra/backend/nohup.out')}
[2026-06-08 11:29:18,835] DEBUG watchfiles.main | 1 change detected: {(<Change.modified: 2>, '/home/niko/Proyectos/C_sol/Vyntra/backend/nohup.out')}
[2026-06-08 11:29:19,188] DEBUG watchfiles.main | 1 change detected: {(<Change.modified: 2>, '/home/niko/Proyectos/C_sol/Vyntra/backend/nohup.out')}
[2026-06-08 11:29:19,540] DEBUG watchfiles.main | 1 change detected: {(<Change.modified: 2>, '/home/niko/Proyectos/C_sol/Vyntra/backend/nohup.out')}
[2026-06-08 11:29:19,894] DEBUG watchfiles.main | 1 change detected: {(<Change.modified: 2>, '/home/niko/Proyectos/C_sol/Vyntra/backend/nohup.out')}
[2026-06-08 11:29:20,252] DEBUG watchfiles.main | 1 change detected: {(<Change.modified: 2>, '/home/niko/Proyectos/C_sol/Vyntra/backend/nohup.out')}
[2026-06-08 11:29:20,610] DEBUG watchfiles.main | 1 change detected: {(<Change.modified: 2>, '/home/niko/Proyectos/C_sol/Vyntra/backend/nohup.out')}
[2026-06-08 11:29:20,964] DEBUG watchfiles.main | 1 change detected: {(<Change.modified: 2>, '/home/niko/Proyectos/C_sol/Vyntra/backend/nohup.out')}
[2026-06-08 11:29:21,329] DEBUG watchfiles.main | 1 change detected: {(<Change.modified: 2>, '/home/niko/Proyectos/C_sol/Vyntra/backend/nohup.out')}
[2026-06-08 11:29:21,681] DEBUG watchfiles.main | 1 change detected: {(<Change.modified: 2>, '/home/niko/Proyectos/C_sol/Vyntra/backend/nohup.out')}
[2026-06-08 11:29:22,033] DEBUG watchfiles.main | 1 change detected: {(<Change.modified: 2>, '/home/niko/Proyectos/C_sol/Vyntra/backend/nohup.out')}
[2026-06-08 11:29:22,387] DEBUG watchfiles.main | 1 change detected: {(<Change.modified: 2>, '/home/niko/Proyectos/C_sol/Vyntra/backend/nohup.out')}
[2026-06-08 11:29:22,741] DEBUG watchfiles.main | 1 change detected: {(<Change.modified: 2>, '/home/niko/Proyectos/C_sol/Vyntra/backend/nohup.out')}
[2026-06-08 11:29:23,097] DEBUG watchfiles.main | 1 change detected: {(<Change.modified: 2>, '/home/niko/Proyectos/C_sol/Vyntra/backend/nohup.out')}
[2026-06-08 11:29:23,449] DEBUG watchfiles.main | 1 change detected: {(<Change.modified: 2>, '/home/niko/Proyectos/C_sol/Vyntra/backend/nohup.out')}
[2026-06-08 11:29:23,801] DEBUG watchfiles.main | 1 change detected: {(<Change.modified: 2>, '/home/niko/Proyectos/C_sol/Vyntra/backend/nohup.out')}
[2026-06-08 11:29:24,153] DEBUG watchfiles.main | 1 change detected: {(<Change.modified: 2>, '/home/niko/Proyectos/C_sol/Vyntra/backend/nohup.out')}
[2026-06-08 11:29:24,505] DEBUG watchfiles.main | 1 change detected: {(<Change.modified: 2>, '/home/niko/Proyectos/C_sol/Vyntra/backend/nohup.out')}
[2026-06-08 11:29:24,857] DEBUG watchfiles.main | 1 change detected: {(<Change.modified: 2>, '/home/niko/Proyectos/C_sol/Vyntra/backend/nohup.out')}
[2026-06-08 11:29:25,209] DEBUG watchfiles.main | 1 change detected: {(<Change.modified: 2>, '/home/niko/Proyectos/C_sol/Vyntra/backend/nohup.out')}
[2026-06-08 11:29:25,560] DEBUG watchfiles.main | 1 change detected: {(<Change.modified: 2>, '/home/niko/Proyectos/C_sol/Vyntra/backend/nohup.out')}
[2026-06-08 11:29:25,912] DEBUG watchfiles.main | 1 change detected: {(<Change.modified: 2>, '/home/niko/Proyectos/C_sol/Vyntra/backend/nohup.out')}
[2026-06-08 11:29:26,264] DEBUG watchfiles.main | 1 change detected: {(<Change.modified: 2>, '/home/niko/Proyectos/C_sol/Vyntra/backend/nohup.out')}
[2026-06-08 11:29:26,616] DEBUG watchfiles.main | 1 change detected: {(<Change.modified: 2>, '/home/niko/Proyectos/C_sol/Vyntra/backend/nohup.out')}
[2026-06-08 11:29:26,968] DEBUG watchfiles.main | 1 change detected: {(<Change.modified: 2>, '/home/niko/Proyectos/C_sol/Vyntra/backend/nohup.out')}
[2026-06-08 11:29:27,320] DEBUG watchfiles.main | 1 change detected: {(<Change.modified: 2>, '/home/niko/Proyectos/C_sol/Vyntra/backend/nohup.out')}
[2026-06-08 11:29:27,673] DEBUG watchfiles.main | 1 change detected: {(<Change.modified: 2>, '/home/niko/Proyectos/C_sol/Vyntra/backend/nohup.out')}
[2026-06-08 11:29:28,025] DEBUG watchfiles.main | 1 change detected: {(<Change.modified: 2>, '/home/niko/Proyectos/C_sol/Vyntra/backend/nohup.out')}
[2026-06-08 11:29:28,377] DEBUG watchfiles.main | 1 change detected: {(<Change.modified: 2>, '/home/niko/Proyectos/C_sol/Vyntra/backend/nohup.out')}
[2026-06-08 11:29:28,729] DEBUG watchfiles.main | 1 change detected: {(<Change.modified: 2>, '/home/niko/Proyectos/C_sol/Vyntra/backend/nohup.out')}
[2026-06-08 11:29:29,081] DEBUG watchfiles.main | 1 change detected: {(<Change.modified: 2>, '/home/niko/Proyectos/C_sol/Vyntra/backend/nohup.out')}
[2026-06-08 11:29:29,433] DEBUG watchfiles.main | 1 change detected: {(<Change.modified: 2>, '/home/niko/Proyectos/C_sol/Vyntra/backend/nohup.out')}
[2026-06-08 11:29:29,785] DEBUG watchfiles.main | 1 change detected: {(<Change.modified: 2>, '/home/niko/Proyectos/C_sol/Vyntra/backend/nohup.out')}
[2026-06-08 11:29:30,139] DEBUG watchfiles.main | 1 change detected: {(<Change.modified: 2>, '/home/niko/Proyectos/C_sol/Vyntra/backend/nohup.out')}
[2026-06-08 11:29:30,491] DEBUG watchfiles.main | 1 change detected: {(<Change.modified: 2>, '/home/niko/Proyectos/C_sol/Vyntra/backend/nohup.out')}
[2026-06-08 11:29:30,842] DEBUG watchfiles.main | 1 change detected: {(<Change.modified: 2>, '/home/niko/Proyectos/C_sol/Vyntra/backend/nohup.out')}
[2026-06-08 11:29:31,194] DEBUG watchfiles.main | 1 change detected: {(<Change.modified: 2>, '/home/niko/Proyectos/C_sol/Vyntra/backend/nohup.out')}
[2026-06-08 11:29:31,546] DEBUG watchfiles.main | 1 change detected: {(<Change.modified: 2>, '/home/niko/Proyectos/C_sol/Vyntra/backend/nohup.out')}
[2026-06-08 11:29:31,898] DEBUG watchfiles.main | 1 change detected: {(<Change.modified: 2>, '/home/niko/Proyectos/C_sol/Vyntra/backend/nohup.out')}
[2026-06-08 11:29:32,250] DEBUG watchfiles.main | 1 change detected: {(<Change.modified: 2>, '/home/niko/Proyectos/C_sol/Vyntra/backend/nohup.out')}
[2026-06-08 11:29:32,602] DEBUG watchfiles.main | 1 change detected: {(<Change.modified: 2>, '/home/niko/Proyectos/C_sol/Vyntra/backend/nohup.out')}
[2026-06-08 11:29:32,954] DEBUG watchfiles.main | 1 change detected: {(<Change.modified: 2>, '/home/niko/Proyectos/C_sol/Vyntra/backend/nohup.out')}
[2026-06-08 11:29:33,307] DEBUG watchfiles.main | 1 change detected: {(<Change.modified: 2>, '/home/niko/Proyectos/C_sol/Vyntra/backend/nohup.out')}
[2026-06-08 11:29:33,660] DEBUG watchfiles.main | 1 change detected: {(<Change.modified: 2>, '/home/niko/Proyectos/C_sol/Vyntra/backend/nohup.out')}
[2026-06-08 11:29:34,012] DEBUG watchfiles.main | 1 change detected: {(<Change.modified: 2>, '/home/niko/Proyectos/C_sol/Vyntra/backend/nohup.out')}
[2026-06-08 11:29:34,365] DEBUG watchfiles.main | 1 change detected: {(<Change.modified: 2>, '/home/niko/Proyectos/C_sol/Vyntra/backend/nohup.out')}
[2026-06-08 11:29:34,717] DEBUG watchfiles.main | 1 change detected: {(<Change.modified: 2>, '/home/niko/Proyectos/C_sol/Vyntra/backend/nohup.out')}
[2026-06-08 11:29:35,068] DEBUG watchfiles.main | 1 change detected: {(<Change.modified: 2>, '/home/niko/Proyectos/C_sol/Vyntra/backend/nohup.out')}
[2026-06-08 11:29:35,420] DEBUG watchfiles.main | 1 change detected: {(<Change.modified: 2>, '/home/niko/Proyectos/C_sol/Vyntra/backend/nohup.out')}
[2026-06-08 11:29:35,773] DEBUG watchfiles.main | 1 change detected: {(<Change.modified: 2>, '/home/niko/Proyectos/C_sol/Vyntra/backend/nohup.out')}
[2026-06-08 11:29:36,125] DEBUG watchfiles.main | 1 change detected: {(<Change.modified: 2>, '/home/niko/Proyectos/C_sol/Vyntra/backend/nohup.out')}
[2026-06-08 11:29:36,477] DEBUG watchfiles.main | 1 change detected: {(<Change.modified: 2>, '/home/niko/Proyectos/C_sol/Vyntra/backend/nohup.out')}
[2026-06-08 11:29:36,829] DEBUG watchfiles.main | 1 change detected: {(<Change.modified: 2>, '/home/niko/Proyectos/C_sol/Vyntra/backend/nohup.out')}
[2026-06-08 11:29:37,181] DEBUG watchfiles.main | 1 change detected: {(<Change.modified: 2>, '/home/niko/Proyectos/C_sol/Vyntra/backend/nohup.out')}
[2026-06-08 11:29:37,533] DEBUG watchfiles.main | 1 change detected: {(<Change.modified: 2>, '/home/niko/Proyectos/C_sol/Vyntra/backend/nohup.out')}
[2026-06-08 11:29:37,886] DEBUG watchfiles.main | 1 change detected: {(<Change.modified: 2>, '/home/niko/Proyectos/C_sol/Vyntra/backend/nohup.out')}
[2026-06-08 11:29:38,238] DEBUG watchfiles.main | 1 change detected: {(<Change.modified: 2>, '/home/niko/Proyectos/C_sol/Vyntra/backend/nohup.out')}
[2026-06-08 11:29:38,589] DEBUG watchfiles.main | 1 change detected: {(<Change.modified: 2>, '/home/niko/Proyectos/C_sol/Vyntra/backend/nohup.out')}
[2026-06-08 11:29:38,945] DEBUG watchfiles.main | 1 change detected: {(<Change.modified: 2>, '/home/niko/Proyectos/C_sol/Vyntra/backend/nohup.out')}
[2026-06-08 11:29:39,297] DEBUG watchfiles.main | 1 change detected: {(<Change.modified: 2>, '/home/niko/Proyectos/C_sol/Vyntra/backend/nohup.out')}
[2026-06-08 11:29:39,649] DEBUG watchfiles.main | 1 change detected: {(<Change.modified: 2>, '/home/niko/Proyectos/C_sol/Vyntra/backend/nohup.out')}
[2026-06-08 11:29:40,001] DEBUG watchfiles.main | 1 change detected: {(<Change.modified: 2>, '/home/niko/Proyectos/C_sol/Vyntra/backend/nohup.out')}
[2026-06-08 11:29:40,353] DEBUG watchfiles.main | 1 change detected: {(<Change.modified: 2>, '/home/niko/Proyectos/C_sol/Vyntra/backend/nohup.out')}
[2026-06-08 11:29:40,704] DEBUG watchfiles.main | 1 change detected: {(<Change.modified: 2>, '/home/niko/Proyectos/C_sol/Vyntra/backend/nohup.out')}
[2026-06-08 11:29:41,056] DEBUG watchfiles.main | 1 change detected: {(<Change.modified: 2>, '/home/niko/Proyectos/C_sol/Vyntra/backend/nohup.out')}
[2026-06-08 11:29:41,408] DEBUG watchfiles.main | 1 change detected: {(<Change.modified: 2>, '/home/niko/Proyectos/C_sol/Vyntra/backend/nohup.out')}
[2026-06-08 11:29:41,760] DEBUG watchfiles.main | 1 change detected: {(<Change.modified: 2>, '/home/niko/Proyectos/C_sol/Vyntra/backend/nohup.out')}
[2026-06-08 11:29:42,111] DEBUG watchfiles.main | 1 change detected: {(<Change.modified: 2>, '/home/niko/Proyectos/C_sol/Vyntra/backend/nohup.out')}
[2026-06-08 11:29:42,464] DEBUG watchfiles.main | 1 change detected: {(<Change.modified: 2>, '/home/niko/Proyectos/C_sol/Vyntra/backend/nohup.out')}
[2026-06-08 11:29:42,815] DEBUG watchfiles.main | 1 change detected: {(<Change.modified: 2>, '/home/niko/Proyectos/C_sol/Vyntra/backend/nohup.out')}
[2026-06-08 11:29:43,168] DEBUG watchfiles.main | 1 change detected: {(<Change.modified: 2>, '/home/niko/Proyectos/C_sol/Vyntra/backend/nohup.out')}
[2026-06-08 11:29:43,425] DEBUG httpcore.connection | close.started
[2026-06-08 11:29:43,427] DEBUG httpcore.connection | close.complete
[2026-06-08 11:29:43,428] DEBUG httpcore.connection | connect_tcp.started host='fpombaziyombczyfdryt.supabase.co' port=443 local_address=None timeout=120 socket_options=None
[2026-06-08 11:29:43,520] DEBUG watchfiles.main | 1 change detected: {(<Change.modified: 2>, '/home/niko/Proyectos/C_sol/Vyntra/backend/nohup.out')}
[2026-06-08 11:29:43,592] DEBUG httpcore.connection | connect_tcp.complete return_value=<httpcore._backends.sync.SyncStream object at 0x7f9005e5fd40>
[2026-06-08 11:29:43,592] DEBUG httpcore.connection | start_tls.started ssl_context=<ssl.SSLContext object at 0x7f90067e39b0> server_hostname='fpombaziyombczyfdryt.supabase.co' timeout=120
[2026-06-08 11:29:43,731] DEBUG httpcore.connection | start_tls.complete return_value=<httpcore._backends.sync.SyncStream object at 0x7f9005e5fe30>
[2026-06-08 11:29:43,733] DEBUG httpcore.http2 | send_connection_init.started request=<Request [b'GET']>
[2026-06-08 11:29:43,734] DEBUG httpcore.http2 | send_connection_init.complete
[2026-06-08 11:29:43,735] DEBUG httpcore.http2 | send_request_headers.started request=<Request [b'GET']> stream_id=1
[2026-06-08 11:29:43,736] DEBUG hpack.hpack | Adding (b':method', b'GET') to the header table, sensitive:False, huffman:True
[2026-06-08 11:29:43,737] DEBUG hpack.hpack | Encoding 2 with 7 bits
[2026-06-08 11:29:43,738] DEBUG hpack.hpack | Adding (b':authority', b'fpombaziyombczyfdryt.supabase.co') to the header table, sensitive:False, huffman:True
[2026-06-08 11:29:43,738] DEBUG hpack.hpack | Encoding 1 with 6 bits
[2026-06-08 11:29:43,739] DEBUG hpack.hpack | Encoding 23 with 7 bits
[2026-06-08 11:29:43,739] DEBUG hpack.hpack | Adding (b':scheme', b'https') to the header table, sensitive:False, huffman:True
[2026-06-08 11:29:43,739] DEBUG hpack.hpack | Encoding 7 with 7 bits
[2026-06-08 11:29:43,739] DEBUG hpack.hpack | Adding (b':path', b'/rest/v1/conversations?select=id%2Cmessages%2Cupdated_at&user_id=eq.c6d7145a-2fc1-4445-b641-dc5fbe849d53&role=eq.admin&order=updated_at.desc&limit=50') to the header table, sensitive:False, huffman:True
[2026-06-08 11:29:43,740] DEBUG hpack.hpack | Encoding 4 with 6 bits
[2026-06-08 11:29:43,740] DEBUG hpack.hpack | Encoding 106 with 7 bits
[2026-06-08 11:29:43,741] DEBUG hpack.hpack | Adding (b'accept', b'*/*') to the header table, sensitive:False, huffman:True
[2026-06-08 11:29:43,741] DEBUG hpack.hpack | Encoding 19 with 6 bits
[2026-06-08 11:29:43,741] DEBUG hpack.hpack | Encoding 3 with 7 bits
[2026-06-08 11:29:43,742] DEBUG hpack.hpack | Adding (b'accept-encoding', b'gzip, deflate, zstd') to the header table, sensitive:False, huffman:True
[2026-06-08 11:29:43,742] DEBUG hpack.hpack | Encoding 16 with 6 bits
[2026-06-08 11:29:43,742] DEBUG hpack.hpack | Encoding 15 with 7 bits
[2026-06-08 11:29:43,742] DEBUG hpack.hpack | Adding (b'user-agent', b'python-httpx/0.28.1') to the header table, sensitive:False, huffman:True
[2026-06-08 11:29:43,743] DEBUG hpack.hpack | Encoding 58 with 6 bits
[2026-06-08 11:29:43,743] DEBUG hpack.hpack | Encoding 14 with 7 bits
[2026-06-08 11:29:43,743] DEBUG hpack.hpack | Adding (b'x-client-info', b'supabase-py/2.30.1') to the header table, sensitive:False, huffman:True
[2026-06-08 11:29:43,744] DEBUG hpack.hpack | Encoding 10 with 7 bits
[2026-06-08 11:29:43,744] DEBUG hpack.hpack | Encoding 13 with 7 bits
[2026-06-08 11:29:43,744] DEBUG hpack.hpack | Adding (b'x-supabase-client-platform', b'Linux') to the header table, sensitive:False, huffman:True
[2026-06-08 11:29:43,745] DEBUG hpack.hpack | Encoding 19 with 7 bits
[2026-06-08 11:29:43,745] DEBUG hpack.hpack | Encoding 4 with 7 bits
[2026-06-08 11:29:43,745] DEBUG hpack.hpack | Adding (b'x-supabase-client-platform-version', b'7.0.11-1-cachyos-bore') to the header table, sensitive:False, huffman:True
[2026-06-08 11:29:43,746] DEBUG hpack.hpack | Encoding 24 with 7 bits
[2026-06-08 11:29:43,746] DEBUG hpack.hpack | Encoding 15 with 7 bits
[2026-06-08 11:29:43,746] DEBUG hpack.hpack | Adding (b'x-supabase-client-runtime', b'python') to the header table, sensitive:False, huffman:True
[2026-06-08 11:29:43,747] DEBUG hpack.hpack | Encoding 18 with 7 bits
[2026-06-08 11:29:43,748] DEBUG hpack.hpack | Encoding 5 with 7 bits
[2026-06-08 11:29:43,748] DEBUG hpack.hpack | Adding (b'x-supabase-client-runtime-version', b'3.14.5') to the header table, sensitive:False, huffman:True
[2026-06-08 11:29:43,749] DEBUG hpack.hpack | Encoding 23 with 7 bits
[2026-06-08 11:29:43,749] DEBUG hpack.hpack | Encoding 5 with 7 bits
[2026-06-08 11:29:43,749] DEBUG hpack.hpack | Adding (b'apikey', b'eyJhbGciOiJIUzI1NiIsInR5cCI6IkpXVCJ9.eyJpc3MiOiJzdXBhYmFzZSIsInJlZiI6ImZwb21iYXppeW9tYmN6eWZkcnl0Iiwicm9sZSI6InNlcnZpY2Vfcm9sZSIsImlhdCI6MTc4MDA4MjM2MCwiZXhwIjoyMDk1NjU4MzYwfQ.hOA2efvOMFjcoFwfFNEoNNjIRSj-SUnsnyEGOm5wNfs') to the header table, sensitive:False, huffman:True
[2026-06-08 11:29:43,751] DEBUG hpack.hpack | Encoding 5 with 7 bits
[2026-06-08 11:29:43,751] DEBUG hpack.hpack | Encoding 176 with 7 bits
[2026-06-08 11:29:43,751] DEBUG hpack.hpack | Adding (b'authorization', b'Bearer eyJhbGciOiJIUzI1NiIsInR5cCI6IkpXVCJ9.eyJpc3MiOiJzdXBhYmFzZSIsInJlZiI6ImZwb21iYXppeW9tYmN6eWZkcnl0Iiwicm9sZSI6InNlcnZpY2Vfcm9sZSIsImlhdCI6MTc4MDA4MjM2MCwiZXhwIjoyMDk1NjU4MzYwfQ.hOA2efvOMFjcoFwfFNEoNNjIRSj-SUnsnyEGOm5wNfs') to the header table, sensitive:True, huffman:True
[2026-06-08 11:29:43,752] DEBUG hpack.hpack | Encoding 23 with 4 bits
[2026-06-08 11:29:43,753] DEBUG hpack.hpack | Encoding 181 with 7 bits
[2026-06-08 11:29:43,753] DEBUG hpack.hpack | Adding (b'accept-profile', b'public') to the header table, sensitive:False, huffman:True
[2026-06-08 11:29:43,753] DEBUG hpack.hpack | Encoding 10 with 7 bits
[2026-06-08 11:29:43,753] DEBUG hpack.hpack | Encoding 5 with 7 bits
[2026-06-08 11:29:43,754] DEBUG hpack.hpack | Adding (b'content-profile', b'public') to the header table, sensitive:False, huffman:True
[2026-06-08 11:29:43,754] DEBUG hpack.hpack | Encoding 11 with 7 bits
[2026-06-08 11:29:43,754] DEBUG hpack.hpack | Encoding 5 with 7 bits
[2026-06-08 11:29:43,755] DEBUG hpack.hpack | Adding (b'cookie', b'__cf_bm=9iQ4f.i9u0y84_fThN5o8wVgOAcAuIiwuE02tFLBm.4-1780936030.7875392-1.0.1.1-c.SKKgjU0b4RFrwvzFL1HtA1iE7WbExwhNI_7ALU3omjFTwvDzF9ItGj6QCtcSistQ4I3dITncA.QxK53HqSBIBCUpeuIyyB_cen_fu8uNb8J3QzMknuxiNemJ5DdYmu') to the header table, sensitive:False, huffman:True
[2026-06-08 11:29:43,755] DEBUG hpack.hpack | Encoding 32 with 6 bits
[2026-06-08 11:29:43,756] DEBUG hpack.hpack | Encoding 161 with 7 bits
[2026-06-08 11:29:43,756] DEBUG hpack.hpack | Encoded header block to b'\x82A\x97\x96\xb3\xd3\x18\xfd\x9b\xd1\xe9\x8c\x9e\xfdK%\x9e\x92\xba-\xacq\x8d\x05\\\x87\x87D\xeab\xc2\xa1,w\x0b\x04=]\xcbb\x06\x93\x1e\xa4\x7f\x88-\x05"`4\x8a\x8a\xf5%B\x071P\xa8\xaf[\\\x83Id\x88i\xf8\xb5\x05\xb2#I\x01{.G$t-65\x85)\x02\xb3M4\xda\xd1\xb8\xd0V\x90\x8d\xcb\x19^i\xf9\x1bg\xe2\xc3\xd0X\x0b\xd9q\xc9I\xaa\xf8=\x92\x16\xc8-\xaeA\xa4\xb2D4\xaf!PO\x8a\rI\x93\x03`S\x83\xf9c\xe7P\x8f\x9b\xd9\xab\xfaRB\xcb@\xd2_\xa5=\xa12\x7fz\x8e\xaf\xd2g=KN\x94\xd7\xe5\x80.\'\x97\x0f@\x8a\xf2\xb1(1jJ\xc6\xaaS\xff\x8dE\xb5\x8e1\xa0\xabW\xe9\x81.\xc8\x17\x0f@\x93\xf2\xb2-\xacq\x8d\x05X\x94\x18\xb5%j\xe8\x1ae=\x94\xff\x84\xcej\xad\xf3@\x98\xf2\xb2-\xacq\x8d\x05X\x94\x18\xb5%j\xe8\x1ae=\x94\xad\xdc\xb6 \xc7\xab\x8fup.\x10\xac\x15\x882O\xe8\xe8Z3\xd8_@\x92\xf2\xb2-\xacq\x8d\x05X\x94\x18\xb5%k-\xa9&\xa4\xbf\x85\xaf\xd2g=_@\x97\xf2\xb2-\xacq\x8d\x05X\x94\x18\xb5%k-\xa9&\xa4\xabw-\x881\xea\x85ep\xb4\xbb\x7f@\x85\x1df\xea__\xff1/\xac\xb3\xc7\x88\x86\xd4l\xb98{\xc8\x1d&\xc8\x8c\x95ml\x97\xb29\x93\xad\x7f\x9coe}r\xfa\xcbY\x19\xd0mF\xcb\xeeO\xcb\xb3\xf3\xa7\x0f\xbf\xdd\xd9\x11\x92\xac\xb4~\x9b#\x99)\xfd\xf1\x18\x82n\x7f\x95\xd6^O\xa7\x9d:\\//\xde\xa4\xaa\x80d7\x83\x12\x97\xd1\xfb\xbb#\x99*\xd3A*\xfd\xaf\x98\xb8\xcaJ_G\xee\xec\x88\xc9M\x13\xc9{#\x9a7\x91\xad\x17\xe1kGM\x02\xd1{\xc1\xbf\x7f\'\xf1\x93\xa1\xfdh\xbf\xd4:zpkG\xbe~%\xd8\xbc\xfa\xa1\x11e\xef\xabF\x1e\x84>\x1f\x12\xe1\xd3\x80\xfat\xf4\xc9\xb7wE\xb7p\xa9\x15z\xc1\x8bU-\xf8\xd3*?\x1f\x08\xff6\xbaQ\xd8[\x14/\xac\xb3\xc7\x88\x86\xd4l\xb98{\xc8\x1d&\xc8\x8c\x95ml\x97\xb29\x93\xad\x7f\x9coe}r\xfa\xcbY\x19\xd0mF\xcb\xeeO\xcb\xb3\xf3\xa7\x0f\xbf\xdd\xd9\x11\x92\xac\xb4~\x9b#\x99)\xfd\xf1\x18\x82n\x7f\x95\xd6^O\xa7\x9d:\\//\xde\xa4\xaa\x80d7\x83\x12\x97\xd1\xfb\xbb#\x99*\xd3A*\xfd\xaf\x98\xb8\xcaJ_G\xee\xec\x88\xc9M\x13\xc9{#\x9a7\x91\xad\x17\xe1kGM\x02\xd1{\xc1\xbf\x7f\'\xf1\x93\xa1\xfdh\xbf\xd4:zpkG\xbe~%\xd8\xbc\xfa\xa1\x11e\xef\xabF\x1e\x84>\x1f\x12\xe1\xd3\x80\xfat\xf4\xc9\xb7wE\xb7p\xa9\x15z\xc1\x8bU-\xf8\xd3*?@\x8a\x19\x08Z\xd2\xb5v\x1eSP_\x85\xae\xd8\xe81?@\x8b!\xeaIjJ\xd5\xd8yMA\x7f\x85\xae\xd8\xe81?`\xff"\x8a"K\x14t\xc0\xf9\xb65*\xe6~\xd0zy\xa8\xa5\xdf>\x96\xce\xf7\x8e3j\x84\x90\xdb\x90\xde-\xc0\x01\'\x0e{\xb4\xae\xd2\xc1u\xe0>\xcb\x80d\x0b\xba\xf3\xad\xb2\xf8\x96\n\xe0\\+\x85b/\xbb6i\xbap\x04mm\xc3g\x8e\xfe\xf0\xe7\x0e4\xc2\x13`w\x94x<\xf8\x9fNH\x9d\x87?\x06OOL;\xfcw\xbf\xef\x0b\xf9\x13\x8b\xa3\x9b/$\x9b\x8c\x84\xeck#2d\xdfQ!_g\x9c\xcd\xb3\x8f\xb6\xeb\xb9.\xde\xe1Ym\xc9\xeb\xd5\xd8\x88Z\xa2\x96\xd7\xad\xd3\x1b\xd9Y\xd9\xefGZ\xad\xf2m%\xa7+w\xe4\xe7M\xbf'
[2026-06-08 11:29:43,757] DEBUG httpcore.http2 | send_request_headers.complete
[2026-06-08 11:29:43,758] DEBUG httpcore.http2 | send_request_body.started request=<Request [b'GET']> stream_id=1
[2026-06-08 11:29:43,758] DEBUG httpcore.http2 | send_request_body.complete
[2026-06-08 11:29:43,759] DEBUG httpcore.http2 | receive_response_headers.started request=<Request [b'GET']> stream_id=1
[2026-06-08 11:29:43,835] DEBUG httpcore.http2 | receive_remote_settings.started
[2026-06-08 11:29:43,836] DEBUG httpcore.http2 | receive_remote_settings.complete return_value=<RemoteSettingsChanged changed_settings:{ChangedSetting(setting=3, original_value=None, new_value=100), ChangedSetting(setting=4, original_value=65535, new_value=65536), ChangedSetting(setting=5, original_value=16384, new_value=16777215)}>
[2026-06-08 11:29:43,872] DEBUG watchfiles.main | 1 change detected: {(<Change.modified: 2>, '/home/niko/Proyectos/C_sol/Vyntra/backend/nohup.out')}
[2026-06-08 11:29:44,113] DEBUG hpack.hpack | Decoding b"?\xe1\x1f\x88a\x96\xd0z\xbe\x94\x03\xcae\xb6\xa5\x04\x018\xa0\\\xb8'\xee4\xd2\x98\xb4o_\x96\x1du\xd0b\r&=LtA\xea\xfbP\x93\x8e\xc4\x150Z\x99V{^\x84\x02\xc1c\xe7@\x85$\xabX?_\x8f\x18\x1e}\xa7\nA\xbe :\xd0\xe3Z\xee\xac_@\x8a$\xab\x10d\x9c\xab!#M\xa8\x86\xbf\xcfL:2^Z\x83\x9b\xd9\xab]\xe5`\x87\xab\xb9l@\xd2c\xd4\x8f\xf2\x83Rd\xc0\xd8>\x0fd\x85\xb2\x0bk\x90i,\x91\r+\xc8T\x13\xe2\xc3\xd0X\x0b\xd9q\xc9I\xaa\xf8Ah)\x13\x01\xa4TW\xa9*\x109\x8a\x85Ez\xda\xe4\x1aK$CO\xc5\xa8-\x91\x1aH\x0b\xd9r9#\xa1i\xb1\xac)H\x15\x9ai\xa6\xd6\x8d\xc6\x82\xb4\x84nX\xca\xf3O\xc8\xdb?v\x87%\x07\xb6Ih\x1d\x85x\xa0\xa4~V\x1c\xc5\x81\x90\xb6\xcb\x80\x00>\xd45D\xa2\xd9\x0b\xba\xd8\xef\x9e\x91\x9a\xa4}\xa9]\x85\xa0\xe3\x93{\x8b\x84\x84-i[\x05D<\x86\xaao@\x90\xf2\xb1\x0fRKRVO\xaa\xca\xb1\xebI\x8fR?\x85\xa8\xe8\xa8\xd2\xcb@\x8b!\xeaIjJ\xd5\xd8yMA\x7f\x85\xae\xd8\xe81?@\x8dDkL4\x97\xc0\xfd-\xdc\xb6 \xc7\xab\x011@\x8aDkWa\xfa\x14\x89Z\xc2\xcb\x8f\x96\xb3\xd3\x18\xfd\x9b\xd1\xe9\x8c\x9e\xfdK%\x9e\x93@\x8aDkX^\xd6\x95\tX\xd2\x7f\x9a\x00_(\xde\x08VzR\xc6\xb3\xad\xb4%\x9e\x929V\x13d}\xf2\xc6R\x15\xd7\xbf@\x8f\xf2\xb1j\xee\x7fK\r)-5\xa5b\x1e\xda\x93\x011@\x95\xf2\xb1j\xee\x7fK[Z\x13aGJ\xc8-\x9d\xccB\xac\x93R_\x0260@\x85\x1d\tY\x1d\xc9\x90\x9d\x98?\x9b\x8d4\xcf\xf3\xf6\xa5#\x81\xe7\x1a\x00?"
[2026-06-08 11:29:44,114] DEBUG hpack.hpack | Decoded 4096, consumed 3 bytes
[2026-06-08 11:29:44,114] DEBUG hpack.table | Resizing header table to 4096 from 4096
[2026-06-08 11:29:44,115] DEBUG hpack.hpack | Decoded 8, consumed 1 bytes
[2026-06-08 11:29:44,115] DEBUG hpack.hpack | Decoded (b':status', b'200'), consumed 1
[2026-06-08 11:29:44,115] DEBUG hpack.hpack | Decoded 33, consumed 1 bytes
[2026-06-08 11:29:44,116] DEBUG hpack.hpack | Decoded 22, consumed 1 bytes
[2026-06-08 11:29:44,116] DEBUG hpack.hpack | Decoded (b'date', b'Mon, 08 Jun 2026 16:29:44 GMT'), total consumed 24 bytes, indexed True
[2026-06-08 11:29:44,117] DEBUG hpack.hpack | Decoded 31, consumed 1 bytes
[2026-06-08 11:29:44,117] DEBUG hpack.hpack | Decoded 22, consumed 1 bytes
[2026-06-08 11:29:44,118] DEBUG hpack.hpack | Decoded (b'content-type', b'application/json; charset=utf-8'), total consumed 24 bytes, indexed True
[2026-06-08 11:29:44,118] DEBUG hpack.hpack | Decoded 30, consumed 1 bytes
[2026-06-08 11:29:44,118] DEBUG hpack.hpack | Decoded 4, consumed 1 bytes
[2026-06-08 11:29:44,119] DEBUG hpack.hpack | Decoded (b'content-range', b'0-1/*'), total consumed 6 bytes, indexed True
[2026-06-08 11:29:44,119] DEBUG hpack.hpack | Decoded 5, consumed 1 bytes
[2026-06-08 11:29:44,120] DEBUG hpack.hpack | Decoded 15, consumed 1 bytes
[2026-06-08 11:29:44,120] DEBUG hpack.hpack | Decoded (b'cf-ray', b'a08946eca92074ab-BOG'), total consumed 23 bytes, indexed True
[2026-06-08 11:29:44,121] DEBUG hpack.hpack | Decoded 10, consumed 1 bytes
[2026-06-08 11:29:44,121] DEBUG hpack.hpack | Decoded 6, consumed 1 bytes
[2026-06-08 11:29:44,122] DEBUG hpack.hpack | Decoded (b'cf-cache-status', b'DYNAMIC'), total consumed 19 bytes, indexed True
[2026-06-08 11:29:44,122] DEBUG hpack.hpack | Decoded 26, consumed 1 bytes
[2026-06-08 11:29:44,122] DEBUG hpack.hpack | Decoded 3, consumed 1 bytes
[2026-06-08 11:29:44,123] DEBUG hpack.hpack | Decoded (b'content-encoding', b'gzip'), total consumed 5 bytes, indexed True
[2026-06-08 11:29:44,123] DEBUG hpack.hpack | Decoded 29, consumed 1 bytes
[2026-06-08 11:29:44,123] DEBUG hpack.hpack | Decoded 101, consumed 1 bytes
[2026-06-08 11:29:44,124] DEBUG hpack.hpack | Decoded (b'content-location', b'/conversations?limit=50&order=updated_at.desc&role=eq.admin&select=id%2Cmessages%2Cupdated_at&user_id=eq.c6d7145a-2fc1-4445-b641-dc5fbe849d53'), total consumed 103 bytes, indexed True
[2026-06-08 11:29:44,125] DEBUG hpack.hpack | Decoded 54, consumed 1 bytes
[2026-06-08 11:29:44,125] DEBUG hpack.hpack | Decoded 7, consumed 1 bytes
[2026-06-08 11:29:44,126] DEBUG hpack.hpack | Decoded (b'server', b'cloudflare'), total consumed 9 bytes, indexed True
[2026-06-08 11:29:44,126] DEBUG hpack.hpack | Decoded 56, consumed 1 bytes
[2026-06-08 11:29:44,127] DEBUG hpack.hpack | Decoded 32, consumed 1 bytes
[2026-06-08 11:29:44,127] DEBUG hpack.hpack | Decoded (b'strict-transport-security', b'max-age=31536000; includeSubDomains; preload'), total consumed 34 bytes, indexed True
[2026-06-08 11:29:44,127] DEBUG hpack.hpack | Decoded 59, consumed 1 bytes
[2026-06-08 11:29:44,128] DEBUG hpack.hpack | Decoded 11, consumed 1 bytes
[2026-06-08 11:29:44,128] DEBUG hpack.hpack | Decoded (b'vary', b'Accept-Encoding'), total consumed 13 bytes, indexed True
[2026-06-08 11:29:44,128] DEBUG hpack.hpack | Decoded 16, consumed 1 bytes
[2026-06-08 11:29:44,129] DEBUG hpack.hpack | Decoded 5, consumed 1 bytes
[2026-06-08 11:29:44,129] DEBUG hpack.hpack | Decoded (b'x-content-type-options', b'nosniff'), total consumed 24 bytes, indexed True
[2026-06-08 11:29:44,129] DEBUG hpack.hpack | Decoded 11, consumed 1 bytes
[2026-06-08 11:29:44,130] DEBUG hpack.hpack | Decoded 5, consumed 1 bytes
[2026-06-08 11:29:44,130] DEBUG hpack.hpack | Decoded (b'content-profile', b'public'), total consumed 19 bytes, indexed True
[2026-06-08 11:29:44,130] DEBUG hpack.hpack | Decoded 13, consumed 1 bytes
[2026-06-08 11:29:44,130] DEBUG hpack.hpack | Decoded 1, consumed 1 bytes
[2026-06-08 11:29:44,131] DEBUG hpack.hpack | Decoded (b'sb-gateway-version', <memory at 0x7f9005e90dc0>), total consumed 17 bytes, indexed True
[2026-06-08 11:29:44,131] DEBUG hpack.hpack | Decoded 10, consumed 1 bytes
[2026-06-08 11:29:44,131] DEBUG hpack.hpack | Decoded 15, consumed 1 bytes
[2026-06-08 11:29:44,132] DEBUG hpack.hpack | Decoded (b'sb-project-ref', b'fpombaziyombczyfdryt'), total consumed 28 bytes, indexed True
[2026-06-08 11:29:44,132] DEBUG hpack.hpack | Decoded 10, consumed 1 bytes
[2026-06-08 11:29:44,132] DEBUG hpack.hpack | Decoded 26, consumed 1 bytes
[2026-06-08 11:29:44,133] DEBUG hpack.hpack | Decoded (b'sb-request-id', b'019ea811-8feb-7542-8dbf-25c99ebece78'), total consumed 39 bytes, indexed True
[2026-06-08 11:29:44,133] DEBUG hpack.hpack | Decoded 15, consumed 1 bytes
[2026-06-08 11:29:44,133] DEBUG hpack.hpack | Decoded 1, consumed 1 bytes
[2026-06-08 11:29:44,133] DEBUG hpack.hpack | Decoded (b'x-envoy-attempt-count', <memory at 0x7f9005e90d00>), total consumed 19 bytes, indexed True
[2026-06-08 11:29:44,134] DEBUG hpack.hpack | Decoded 21, consumed 1 bytes
[2026-06-08 11:29:44,134] DEBUG hpack.hpack | Decoded 2, consumed 1 bytes
[2026-06-08 11:29:44,135] DEBUG hpack.hpack | Decoded (b'x-envoy-upstream-service-time', <memory at 0x7f9005e90f40>), total consumed 26 bytes, indexed True
[2026-06-08 11:29:44,135] DEBUG hpack.hpack | Decoded 5, consumed 1 bytes
[2026-06-08 11:29:44,136] DEBUG hpack.hpack | Decoded 16, consumed 1 bytes
[2026-06-08 11:29:44,136] DEBUG hpack.hpack | Decoded (b'alt-svc', b'h3=":443"; ma=86400'), total consumed 24 bytes, indexed True
[2026-06-08 11:29:44,137] DEBUG httpcore.http2 | receive_response_headers.complete return_value=(200, [(b'date', b'Mon, 08 Jun 2026 16:29:44 GMT'), (b'content-type', b'application/json; charset=utf-8'), (b'content-range', b'0-1/*'), (b'cf-ray', b'a08946eca92074ab-BOG'), (b'cf-cache-status', b'DYNAMIC'), (b'content-encoding', b'gzip'), (b'content-location', b'/conversations?limit=50&order=updated_at.desc&role=eq.admin&select=id%2Cmessages%2Cupdated_at&user_id=eq.c6d7145a-2fc1-4445-b641-dc5fbe849d53'), (b'server', b'cloudflare'), (b'strict-transport-security', b'max-age=31536000; includeSubDomains; preload'), (b'vary', b'Accept-Encoding'), (b'x-content-type-options', b'nosniff'), (b'content-profile', b'public'), (b'sb-gateway-version', b'1'), (b'sb-project-ref', b'fpombaziyombczyfdryt'), (b'sb-request-id', b'019ea811-8feb-7542-8dbf-25c99ebece78'), (b'x-envoy-attempt-count', b'1'), (b'x-envoy-upstream-service-time', b'60'), (b'alt-svc', b'h3=":443"; ma=86400')])
[2026-06-08 11:29:44,139] INFO httpx | HTTP Request: GET https://fpombaziyombczyfdryt.supabase.co/rest/v1/conversations?select=id%2Cmessages%2Cupdated_at&user_id=eq.c6d7145a-2fc1-4445-b641-dc5fbe849d53&role=eq.admin&order=updated_at.desc&limit=50 "HTTP/2 200 OK"
[2026-06-08 11:29:44,140] DEBUG httpcore.http2 | receive_response_body.started request=<Request [b'GET']> stream_id=1
[2026-06-08 11:29:44,142] DEBUG httpcore.http2 | receive_response_body.complete
[2026-06-08 11:29:44,142] DEBUG httpcore.http2 | response_closed.started stream_id=1
[2026-06-08 11:29:44,143] DEBUG httpcore.http2 | response_closed.complete
INFO:     127.0.0.1:34378 - "GET /api/ai/threads?role=admin HTTP/1.1" 200 OK
[2026-06-08 11:29:44,224] DEBUG watchfiles.main | 1 change detected: {(<Change.modified: 2>, '/home/niko/Proyectos/C_sol/Vyntra/backend/nohup.out')}
[2026-06-08 11:29:44,263] INFO siee.ai_agent | chat req=f054962daa48 role=student user=c6d7145a-2fc1-4445-b641-dc5fbe849d53 msg_len=26
[2026-06-08 11:29:44,272] DEBUG httpcore.http2 | send_request_headers.started request=<Request [b'GET']> stream_id=3
[2026-06-08 11:29:44,275] DEBUG hpack.hpack | Adding (b':method', b'GET') to the header table, sensitive:False, huffman:True
[2026-06-08 11:29:44,276] DEBUG hpack.hpack | Encoding 2 with 7 bits
[2026-06-08 11:29:44,276] DEBUG hpack.hpack | Adding (b':authority', b'fpombaziyombczyfdryt.supabase.co') to the header table, sensitive:False, huffman:True
[2026-06-08 11:29:44,277] DEBUG hpack.hpack | Encoding 75 with 7 bits
[2026-06-08 11:29:44,277] DEBUG hpack.hpack | Adding (b':scheme', b'https') to the header table, sensitive:False, huffman:True
[2026-06-08 11:29:44,278] DEBUG hpack.hpack | Encoding 7 with 7 bits
[2026-06-08 11:29:44,278] DEBUG hpack.hpack | Adding (b':path', b'/rest/v1/conversations?select=messages&id=eq.f7f4b94d-42b0-4ce6-bc5c-ba22a0c60427&user_id=eq.c6d7145a-2fc1-4445-b641-dc5fbe849d53') to the header table, sensitive:False, huffman:True
[2026-06-08 11:29:44,279] DEBUG hpack.hpack | Encoding 4 with 6 bits
[2026-06-08 11:29:44,280] DEBUG hpack.hpack | Encoding 92 with 7 bits
[2026-06-08 11:29:44,280] DEBUG hpack.hpack | Adding (b'accept', b'*/*') to the header table, sensitive:False, huffman:True
[2026-06-08 11:29:44,281] DEBUG hpack.hpack | Encoding 74 with 7 bits
[2026-06-08 11:29:44,282] DEBUG hpack.hpack | Adding (b'accept-encoding', b'gzip, deflate, zstd') to the header table, sensitive:False, huffman:True
[2026-06-08 11:29:44,282] DEBUG hpack.hpack | Encoding 73 with 7 bits
[2026-06-08 11:29:44,283] DEBUG hpack.hpack | Adding (b'user-agent', b'python-httpx/0.28.1') to the header table, sensitive:False, huffman:True
[2026-06-08 11:29:44,283] DEBUG hpack.hpack | Encoding 72 with 7 bits
[2026-06-08 11:29:44,284] DEBUG hpack.hpack | Adding (b'x-client-info', b'supabase-py/2.30.1') to the header table, sensitive:False, huffman:True
[2026-06-08 11:29:44,284] DEBUG hpack.hpack | Encoding 71 with 7 bits
[2026-06-08 11:29:44,285] DEBUG hpack.hpack | Adding (b'x-supabase-client-platform', b'Linux') to the header table, sensitive:False, huffman:True
[2026-06-08 11:29:44,286] DEBUG hpack.hpack | Encoding 70 with 7 bits
[2026-06-08 11:29:44,286] DEBUG hpack.hpack | Adding (b'x-supabase-client-platform-version', b'7.0.11-1-cachyos-bore') to the header table, sensitive:False, huffman:True
[2026-06-08 11:29:44,287] DEBUG hpack.hpack | Encoding 69 with 7 bits
[2026-06-08 11:29:44,287] DEBUG hpack.hpack | Adding (b'x-supabase-client-runtime', b'python') to the header table, sensitive:False, huffman:True
[2026-06-08 11:29:44,288] DEBUG hpack.hpack | Encoding 68 with 7 bits
[2026-06-08 11:29:44,289] DEBUG hpack.hpack | Adding (b'x-supabase-client-runtime-version', b'3.14.5') to the header table, sensitive:False, huffman:True
[2026-06-08 11:29:44,289] DEBUG hpack.hpack | Encoding 67 with 7 bits
[2026-06-08 11:29:44,290] DEBUG hpack.hpack | Adding (b'apikey', b'eyJhbGciOiJIUzI1NiIsInR5cCI6IkpXVCJ9.eyJpc3MiOiJzdXBhYmFzZSIsInJlZiI6ImZwb21iYXppeW9tYmN6eWZkcnl0Iiwicm9sZSI6InNlcnZpY2Vfcm9sZSIsImlhdCI6MTc4MDA4MjM2MCwiZXhwIjoyMDk1NjU4MzYwfQ.hOA2efvOMFjcoFwfFNEoNNjIRSj-SUnsnyEGOm5wNfs') to the header table, sensitive:False, huffman:True
[2026-06-08 11:29:44,291] DEBUG hpack.hpack | Encoding 66 with 7 bits
[2026-06-08 11:29:44,292] DEBUG hpack.hpack | Adding (b'authorization', b'Bearer eyJhbGciOiJIUzI1NiIsInR5cCI6IkpXVCJ9.eyJpc3MiOiJzdXBhYmFzZSIsInJlZiI6ImZwb21iYXppeW9tYmN6eWZkcnl0Iiwicm9sZSI6InNlcnZpY2Vfcm9sZSIsImlhdCI6MTc4MDA4MjM2MCwiZXhwIjoyMDk1NjU4MzYwfQ.hOA2efvOMFjcoFwfFNEoNNjIRSj-SUnsnyEGOm5wNfs') to the header table, sensitive:True, huffman:True
[2026-06-08 11:29:44,292] DEBUG hpack.hpack | Encoding 23 with 4 bits
[2026-06-08 11:29:44,294] DEBUG hpack.hpack | Encoding 181 with 7 bits
[2026-06-08 11:29:44,295] DEBUG hpack.hpack | Adding (b'accept-profile', b'public') to the header table, sensitive:False, huffman:True
[2026-06-08 11:29:44,295] DEBUG hpack.hpack | Encoding 65 with 7 bits
[2026-06-08 11:29:44,295] DEBUG hpack.hpack | Adding (b'content-profile', b'public') to the header table, sensitive:False, huffman:True
[2026-06-08 11:29:44,296] DEBUG hpack.hpack | Encoding 64 with 7 bits
[2026-06-08 11:29:44,296] DEBUG hpack.hpack | Adding (b'cookie', b'__cf_bm=9iQ4f.i9u0y84_fThN5o8wVgOAcAuIiwuE02tFLBm.4-1780936030.7875392-1.0.1.1-c.SKKgjU0b4RFrwvzFL1HtA1iE7WbExwhNI_7ALU3omjFTwvDzF9ItGj6QCtcSistQ4I3dITncA.QxK53HqSBIBCUpeuIyyB_cen_fu8uNb8J3QzMknuxiNemJ5DdYmu') to the header table, sensitive:False, huffman:True
[2026-06-08 11:29:44,296] DEBUG hpack.hpack | Encoding 63 with 7 bits
[2026-06-08 11:29:44,297] DEBUG hpack.hpack | Encoded header block to b'\x82\xcb\x87D\xdcb\xc2\xa1,w\x0b\x04=]\xcbb\x06\x93\x1e\xa4\x7f\x88-\x05"`\xa4\xa8@\xe6*>\r$\x05\xec\xbc\xae\xca\xd4o\xb5"\xcd\n0,\xd1\n\xe2\xd1\x91\xb2-\x18\xc4!\x80\x8e\x01\xa1;\xf1j\x0bdF\x92\x02\xf6\\\x8eH\xe8Zlk\nR\x05f\x9ai\xb5\xa3q\xa0\xad!\x1b\x962\xbc\xd3\xf26\xcf\xca\xc9\xc8\xc7\xc6\xc5\xc4\xc3\xc2\x1f\x08\xff6\xbaQ\xd8[\x14/\xac\xb3\xc7\x88\x86\xd4l\xb98{\xc8\x1d&\xc8\x8c\x95ml\x97\xb29\x93\xad\x7f\x9coe}r\xfa\xcbY\x19\xd0mF\xcb\xeeO\xcb\xb3\xf3\xa7\x0f\xbf\xdd\xd9\x11\x92\xac\xb4~\x9b#\x99)\xfd\xf1\x18\x82n\x7f\x95\xd6^O\xa7\x9d:\\//\xde\xa4\xaa\x80d7\x83\x12\x97\xd1\xfb\xbb#\x99*\xd3A*\xfd\xaf\x98\xb8\xcaJ_G\xee\xec\x88\xc9M\x13\xc9{#\x9a7\x91\xad\x17\xe1kGM\x02\xd1{\xc1\xbf\x7f\'\xf1\x93\xa1\xfdh\xbf\xd4:zpkG\xbe~%\xd8\xbc\xfa\xa1\x11e\xef\xabF\x1e\x84>\x1f\x12\xe1\xd3\x80\xfat\xf4\xc9\xb7wE\xb7p\xa9\x15z\xc1\x8bU-\xf8\xd3*?\xc1\xc0\xbf'
[2026-06-08 11:29:44,298] DEBUG httpcore.http2 | send_request_headers.complete
[2026-06-08 11:29:44,299] DEBUG httpcore.http2 | send_request_body.started request=<Request [b'GET']> stream_id=3
[2026-06-08 11:29:44,299] DEBUG httpcore.http2 | send_request_body.complete
[2026-06-08 11:29:44,299] DEBUG httpcore.http2 | receive_response_headers.started request=<Request [b'GET']> stream_id=3
[2026-06-08 11:29:44,576] DEBUG watchfiles.main | 1 change detected: {(<Change.modified: 2>, '/home/niko/Proyectos/C_sol/Vyntra/backend/nohup.out')}
[2026-06-08 11:29:44,592] DEBUG hpack.hpack | Decoding b'\x88\xcf\xce^\x84\x02\xc0c\xe7\x7f\x0e\x8f\x18\x1e}\xa7%\x00^x\x8e\xb48\xd6\xbb\xab\x17\xcd\xcc]\xd6`\x87\xab\xb9l@\xd2c\xd4\x8f\xf0\xd2@^\xcb\xca\xec\xadF\xfbR,\xd0\xa3\x02\xcd\x10\xae-\x19\x1b"\xd1\x8cB\x18\x08\xe0\x1a\x13\xbf\x08-\x05"`\xa4\xa8@\xe6*>-Al\x88\xd2@^\xcb\x91\xc9\x1d\x0bM\x8daJ@\xac\xd3M6\xb4n4\x15\xa4#r\xc6W\x9a~F\xd9\xcb\xca\xc9\xc8\xc7\xc6\xc5\x7f\x05\x99\x00_(\xde\x08V|AygH\xe4\xab>\xd8D\xb0$,\xaf2\xf0C+c\xc4\x7f\x04\x012\xc3'
[2026-06-08 11:29:44,593] DEBUG hpack.hpack | Decoded 8, consumed 1 bytes
[2026-06-08 11:29:44,594] DEBUG hpack.hpack | Decoded (b':status', b'200'), consumed 1
[2026-06-08 11:29:44,594] DEBUG hpack.hpack | Decoded 79, consumed 1 bytes
[2026-06-08 11:29:44,594] DEBUG hpack.hpack | Decoded (b'date', b'Mon, 08 Jun 2026 16:29:44 GMT'), consumed 1
[2026-06-08 11:29:44,595] DEBUG hpack.hpack | Decoded 78, consumed 1 bytes
[2026-06-08 11:29:44,595] DEBUG hpack.hpack | Decoded (b'content-type', b'application/json; charset=utf-8'), consumed 1
[2026-06-08 11:29:44,596] DEBUG hpack.hpack | Decoded 30, consumed 1 bytes
[2026-06-08 11:29:44,596] DEBUG hpack.hpack | Decoded 4, consumed 1 bytes
[2026-06-08 11:29:44,596] DEBUG hpack.hpack | Decoded (b'content-range', b'0-0/*'), total consumed 6 bytes, indexed True
[2026-06-08 11:29:44,597] DEBUG hpack.hpack | Decoded 77, consumed 2 bytes
[2026-06-08 11:29:44,597] DEBUG hpack.hpack | Decoded 15, consumed 1 bytes
[2026-06-08 11:29:44,598] DEBUG hpack.hpack | Decoded (b'cf-ray', b'a08946f0188c74ab-BOG'), total consumed 18 bytes, indexed True
[2026-06-08 11:29:44,598] DEBUG hpack.hpack | Decoded 77, consumed 1 bytes
[2026-06-08 11:29:44,599] DEBUG hpack.hpack | Decoded (b'cf-cache-status', b'DYNAMIC'), consumed 1
[2026-06-08 11:29:44,599] DEBUG hpack.hpack | Decoded 76, consumed 1 bytes
[2026-06-08 11:29:44,599] DEBUG hpack.hpack | Decoded (b'content-encoding', b'gzip'), consumed 1
[2026-06-08 11:29:44,600] DEBUG hpack.hpack | Decoded 29, consumed 1 bytes
[2026-06-08 11:29:44,600] DEBUG hpack.hpack | Decoded 86, consumed 1 bytes
[2026-06-08 11:29:44,601] DEBUG hpack.hpack | Decoded (b'content-location', b'/conversations?id=eq.f7f4b94d-42b0-4ce6-bc5c-ba22a0c60427&select=messages&user_id=eq.c6d7145a-2fc1-4445-b641-dc5fbe849d53'), total consumed 88 bytes, indexed True
[2026-06-08 11:29:44,601] DEBUG hpack.hpack | Decoded 75, consumed 1 bytes
[2026-06-08 11:29:44,602] DEBUG hpack.hpack | Decoded (b'server', b'cloudflare'), consumed 1
[2026-06-08 11:29:44,602] DEBUG hpack.hpack | Decoded 74, consumed 1 bytes
[2026-06-08 11:29:44,602] DEBUG hpack.hpack | Decoded (b'strict-transport-security', b'max-age=31536000; includeSubDomains; preload'), consumed 1
[2026-06-08 11:29:44,603] DEBUG hpack.hpack | Decoded 73, consumed 1 bytes
[2026-06-08 11:29:44,603] DEBUG hpack.hpack | Decoded (b'vary', b'Accept-Encoding'), consumed 1
[2026-06-08 11:29:44,603] DEBUG hpack.hpack | Decoded 72, consumed 1 bytes
[2026-06-08 11:29:44,603] DEBUG hpack.hpack | Decoded (b'x-content-type-options', b'nosniff'), consumed 1
[2026-06-08 11:29:44,604] DEBUG hpack.hpack | Decoded 71, consumed 1 bytes
[2026-06-08 11:29:44,604] DEBUG hpack.hpack | Decoded (b'content-profile', b'public'), consumed 1
[2026-06-08 11:29:44,604] DEBUG hpack.hpack | Decoded 70, consumed 1 bytes
[2026-06-08 11:29:44,604] DEBUG hpack.hpack | Decoded (b'sb-gateway-version', <memory at 0x7f9005e90dc0>), consumed 1
[2026-06-08 11:29:44,605] DEBUG hpack.hpack | Decoded 69, consumed 1 bytes
[2026-06-08 11:29:44,605] DEBUG hpack.hpack | Decoded (b'sb-project-ref', b'fpombaziyombczyfdryt'), consumed 1
[2026-06-08 11:29:44,605] DEBUG hpack.hpack | Decoded 68, consumed 2 bytes
[2026-06-08 11:29:44,606] DEBUG hpack.hpack | Decoded 25, consumed 1 bytes
[2026-06-08 11:29:44,606] DEBUG hpack.hpack | Decoded (b'sb-request-id', b'019ea811-9218-7c6f-9512-0def83811f5a'), total consumed 28 bytes, indexed True
[2026-06-08 11:29:44,607] DEBUG hpack.hpack | Decoded 68, consumed 1 bytes
[2026-06-08 11:29:44,607] DEBUG hpack.hpack | Decoded (b'x-envoy-attempt-count', <memory at 0x7f9005e90d00>), consumed 1
[2026-06-08 11:29:44,608] DEBUG hpack.hpack | Decoded 67, consumed 2 bytes
[2026-06-08 11:29:44,608] DEBUG hpack.hpack | Decoded 1, consumed 1 bytes
[2026-06-08 11:29:44,609] DEBUG hpack.hpack | Decoded (b'x-envoy-upstream-service-time', <memory at 0x7f9005e91a80>), total consumed 4 bytes, indexed True
[2026-06-08 11:29:44,609] DEBUG hpack.hpack | Decoded 67, consumed 1 bytes
[2026-06-08 11:29:44,609] DEBUG hpack.hpack | Decoded (b'alt-svc', b'h3=":443"; ma=86400'), consumed 1
[2026-06-08 11:29:44,610] DEBUG httpcore.http2 | receive_response_headers.complete return_value=(200, [(b'date', b'Mon, 08 Jun 2026 16:29:44 GMT'), (b'content-type', b'application/json; charset=utf-8'), (b'content-range', b'0-0/*'), (b'cf-ray', b'a08946f0188c74ab-BOG'), (b'cf-cache-status', b'DYNAMIC'), (b'content-encoding', b'gzip'), (b'content-location', b'/conversations?id=eq.f7f4b94d-42b0-4ce6-bc5c-ba22a0c60427&select=messages&user_id=eq.c6d7145a-2fc1-4445-b641-dc5fbe849d53'), (b'server', b'cloudflare'), (b'strict-transport-security', b'max-age=31536000; includeSubDomains; preload'), (b'vary', b'Accept-Encoding'), (b'x-content-type-options', b'nosniff'), (b'content-profile', b'public'), (b'sb-gateway-version', b'1'), (b'sb-project-ref', b'fpombaziyombczyfdryt'), (b'sb-request-id', b'019ea811-9218-7c6f-9512-0def83811f5a'), (b'x-envoy-attempt-count', b'1'), (b'x-envoy-upstream-service-time', b'2'), (b'alt-svc', b'h3=":443"; ma=86400')])
[2026-06-08 11:29:44,612] INFO httpx | HTTP Request: GET https://fpombaziyombczyfdryt.supabase.co/rest/v1/conversations?select=messages&id=eq.f7f4b94d-42b0-4ce6-bc5c-ba22a0c60427&user_id=eq.c6d7145a-2fc1-4445-b641-dc5fbe849d53 "HTTP/2 200 OK"
[2026-06-08 11:29:44,613] DEBUG httpcore.http2 | receive_response_body.started request=<Request [b'GET']> stream_id=3
[2026-06-08 11:29:44,615] DEBUG httpcore.http2 | receive_response_body.complete
[2026-06-08 11:29:44,615] DEBUG httpcore.http2 | response_closed.started stream_id=3
[2026-06-08 11:29:44,616] DEBUG httpcore.http2 | response_closed.complete
[2026-06-08 11:29:44,701] DEBUG httpcore.connection | connect_tcp.started host='openrouter.ai' port=443 local_address=None timeout=45 socket_options=None
[2026-06-08 11:29:44,753] DEBUG httpcore.connection | connect_tcp.complete return_value=<httpcore._backends.anyio.AnyIOStream object at 0x7f9005e5f200>
[2026-06-08 11:29:44,754] DEBUG httpcore.connection | start_tls.started ssl_context=<ssl.SSLContext object at 0x7f9006216890> server_hostname='openrouter.ai' timeout=45
[2026-06-08 11:29:44,850] DEBUG httpcore.connection | start_tls.complete return_value=<httpcore._backends.anyio.AnyIOStream object at 0x7f9005e5d6d0>
[2026-06-08 11:29:44,852] DEBUG httpcore.http11 | send_request_headers.started request=<Request [b'POST']>
[2026-06-08 11:29:44,853] DEBUG httpcore.http11 | send_request_headers.complete
[2026-06-08 11:29:44,854] DEBUG httpcore.http11 | send_request_body.started request=<Request [b'POST']>
[2026-06-08 11:29:44,855] DEBUG httpcore.http11 | send_request_body.complete
[2026-06-08 11:29:44,856] DEBUG httpcore.http11 | receive_response_headers.started request=<Request [b'POST']>
[2026-06-08 11:29:44,928] DEBUG watchfiles.main | 1 change detected: {(<Change.modified: 2>, '/home/niko/Proyectos/C_sol/Vyntra/backend/nohup.out')}
[2026-06-08 11:29:45,280] DEBUG watchfiles.main | 1 change detected: {(<Change.modified: 2>, '/home/niko/Proyectos/C_sol/Vyntra/backend/nohup.out')}
[2026-06-08 11:29:45,632] DEBUG watchfiles.main | 1 change detected: {(<Change.modified: 2>, '/home/niko/Proyectos/C_sol/Vyntra/backend/nohup.out')}
[2026-06-08 11:29:45,753] DEBUG httpcore.http11 | receive_response_headers.complete return_value=(b'HTTP/1.1', 200, b'OK', [(b'Date', b'Mon, 08 Jun 2026 16:29:45 GMT'), (b'Content-Type', b'text/event-stream'), (b'Transfer-Encoding', b'chunked'), (b'Connection', b'keep-alive'), (b'Access-Control-Allow-Origin', b'*'), (b'Cache-Control', b'no-cache'), (b'X-Generation-Id', b'gen-1780936184-cpMciaHP91sCK52SvmGV'), (b'access-control-expose-headers', b'X-Generation-Id,cf-ray'), (b'Permissions-Policy', b'payment=(self "https://checkout.stripe.com" "https://connect-js.stripe.com" "https://js.stripe.com" "https://*.js.stripe.com" "https://hooks.stripe.com")'), (b'Referrer-Policy', b'no-referrer, strict-origin-when-cross-origin'), (b'X-Content-Type-Options', b'nosniff'), (b'Server', b'cloudflare'), (b'CF-RAY', b'a08946f34df8da19-BOG')])
[2026-06-08 11:29:45,755] INFO httpx | HTTP Request: POST https://openrouter.ai/api/v1/chat/completions "HTTP/1.1 200 OK"
[2026-06-08 11:29:45,756] DEBUG httpcore.http11 | receive_response_body.started request=<Request [b'POST']>
[2026-06-08 11:29:45,983] DEBUG watchfiles.main | 1 change detected: {(<Change.modified: 2>, '/home/niko/Proyectos/C_sol/Vyntra/backend/nohup.out')}
[2026-06-08 11:29:46,335] DEBUG watchfiles.main | 1 change detected: {(<Change.modified: 2>, '/home/niko/Proyectos/C_sol/Vyntra/backend/nohup.out')}
[2026-06-08 11:29:46,687] DEBUG watchfiles.main | 1 change detected: {(<Change.modified: 2>, '/home/niko/Proyectos/C_sol/Vyntra/backend/nohup.out')}
[2026-06-08 11:29:47,039] DEBUG watchfiles.main | 1 change detected: {(<Change.modified: 2>, '/home/niko/Proyectos/C_sol/Vyntra/backend/nohup.out')}
[2026-06-08 11:29:47,391] DEBUG watchfiles.main | 1 change detected: {(<Change.modified: 2>, '/home/niko/Proyectos/C_sol/Vyntra/backend/nohup.out')}
[2026-06-08 11:29:47,743] DEBUG watchfiles.main | 1 change detected: {(<Change.modified: 2>, '/home/niko/Proyectos/C_sol/Vyntra/backend/nohup.out')}
[2026-06-08 11:29:48,095] DEBUG watchfiles.main | 1 change detected: {(<Change.modified: 2>, '/home/niko/Proyectos/C_sol/Vyntra/backend/nohup.out')}
[2026-06-08 11:29:48,447] DEBUG watchfiles.main | 1 change detected: {(<Change.modified: 2>, '/home/niko/Proyectos/C_sol/Vyntra/backend/nohup.out')}
[2026-06-08 11:29:48,799] DEBUG watchfiles.main | 1 change detected: {(<Change.modified: 2>, '/home/niko/Proyectos/C_sol/Vyntra/backend/nohup.out')}
[2026-06-08 11:29:49,151] DEBUG watchfiles.main | 1 change detected: {(<Change.modified: 2>, '/home/niko/Proyectos/C_sol/Vyntra/backend/nohup.out')}
[2026-06-08 11:29:49,503] DEBUG watchfiles.main | 1 change detected: {(<Change.modified: 2>, '/home/niko/Proyectos/C_sol/Vyntra/backend/nohup.out')}
[2026-06-08 11:29:49,855] DEBUG watchfiles.main | 1 change detected: {(<Change.modified: 2>, '/home/niko/Proyectos/C_sol/Vyntra/backend/nohup.out')}
[2026-06-08 11:29:50,206] DEBUG watchfiles.main | 1 change detected: {(<Change.modified: 2>, '/home/niko/Proyectos/C_sol/Vyntra/backend/nohup.out')}
[2026-06-08 11:29:50,558] DEBUG watchfiles.main | 1 change detected: {(<Change.modified: 2>, '/home/niko/Proyectos/C_sol/Vyntra/backend/nohup.out')}
[2026-06-08 11:29:50,911] DEBUG watchfiles.main | 1 change detected: {(<Change.modified: 2>, '/home/niko/Proyectos/C_sol/Vyntra/backend/nohup.out')}
INFO:     127.0.0.1:34392 - "POST /api/ai/student-tutor HTTP/1.1" 200 OK
[2026-06-08 11:29:51,263] DEBUG watchfiles.main | 1 change detected: {(<Change.modified: 2>, '/home/niko/Proyectos/C_sol/Vyntra/backend/nohup.out')}
[2026-06-08 11:29:51,615] DEBUG watchfiles.main | 1 change detected: {(<Change.modified: 2>, '/home/niko/Proyectos/C_sol/Vyntra/backend/nohup.out')}
[2026-06-08 11:29:51,966] DEBUG watchfiles.main | 1 change detected: {(<Change.modified: 2>, '/home/niko/Proyectos/C_sol/Vyntra/backend/nohup.out')}
[2026-06-08 11:29:52,319] DEBUG watchfiles.main | 1 change detected: {(<Change.modified: 2>, '/home/niko/Proyectos/C_sol/Vyntra/backend/nohup.out')}
[2026-06-08 11:29:52,672] DEBUG watchfiles.main | 1 change detected: {(<Change.modified: 2>, '/home/niko/Proyectos/C_sol/Vyntra/backend/nohup.out')}
[2026-06-08 11:29:53,025] DEBUG watchfiles.main | 1 change detected: {(<Change.modified: 2>, '/home/niko/Proyectos/C_sol/Vyntra/backend/nohup.out')}
[2026-06-08 11:29:53,376] DEBUG watchfiles.main | 1 change detected: {(<Change.modified: 2>, '/home/niko/Proyectos/C_sol/Vyntra/backend/nohup.out')}
[2026-06-08 11:29:53,730] DEBUG watchfiles.main | 1 change detected: {(<Change.modified: 2>, '/home/niko/Proyectos/C_sol/Vyntra/backend/nohup.out')}
[2026-06-08 11:29:54,082] DEBUG watchfiles.main | 1 change detected: {(<Change.modified: 2>, '/home/niko/Proyectos/C_sol/Vyntra/backend/nohup.out')}
[2026-06-08 11:29:54,434] DEBUG watchfiles.main | 1 change detected: {(<Change.modified: 2>, '/home/niko/Proyectos/C_sol/Vyntra/backend/nohup.out')}
[2026-06-08 11:29:54,790] DEBUG watchfiles.main | 1 change detected: {(<Change.modified: 2>, '/home/niko/Proyectos/C_sol/Vyntra/backend/nohup.out')}
[2026-06-08 11:29:55,142] DEBUG watchfiles.main | 1 change detected: {(<Change.modified: 2>, '/home/niko/Proyectos/C_sol/Vyntra/backend/nohup.out')}
[2026-06-08 11:29:55,495] DEBUG watchfiles.main | 1 change detected: {(<Change.modified: 2>, '/home/niko/Proyectos/C_sol/Vyntra/backend/nohup.out')}
[2026-06-08 11:29:55,609] DEBUG httpcore.connection | close.started
[2026-06-08 11:29:55,613] DEBUG httpcore.connection | close.complete
[2026-06-08 11:29:55,613] DEBUG httpcore.connection | connect_tcp.started host='fpombaziyombczyfdryt.supabase.co' port=443 local_address=None timeout=120 socket_options=None
[2026-06-08 11:29:55,713] DEBUG httpcore.connection | connect_tcp.complete return_value=<httpcore._backends.sync.SyncStream object at 0x7f9005e27690>
[2026-06-08 11:29:55,714] DEBUG httpcore.connection | start_tls.started ssl_context=<ssl.SSLContext object at 0x7f90067e39b0> server_hostname='fpombaziyombczyfdryt.supabase.co' timeout=120
[2026-06-08 11:29:55,847] DEBUG watchfiles.main | 1 change detected: {(<Change.modified: 2>, '/home/niko/Proyectos/C_sol/Vyntra/backend/nohup.out')}
[2026-06-08 11:29:55,886] DEBUG httpcore.connection | start_tls.complete return_value=<httpcore._backends.sync.SyncStream object at 0x7f9005e274d0>
[2026-06-08 11:29:55,887] DEBUG httpcore.http2 | send_connection_init.started request=<Request [b'GET']>
[2026-06-08 11:29:55,889] DEBUG httpcore.http2 | send_connection_init.complete
[2026-06-08 11:29:55,890] DEBUG httpcore.http2 | send_request_headers.started request=<Request [b'GET']> stream_id=1
[2026-06-08 11:29:55,892] DEBUG hpack.hpack | Adding (b':method', b'GET') to the header table, sensitive:False, huffman:True
[2026-06-08 11:29:55,892] DEBUG hpack.hpack | Encoding 2 with 7 bits
[2026-06-08 11:29:55,893] DEBUG hpack.hpack | Adding (b':authority', b'fpombaziyombczyfdryt.supabase.co') to the header table, sensitive:False, huffman:True
[2026-06-08 11:29:55,894] DEBUG hpack.hpack | Encoding 1 with 6 bits
[2026-06-08 11:29:55,895] DEBUG hpack.hpack | Encoding 23 with 7 bits
[2026-06-08 11:29:55,895] DEBUG hpack.hpack | Adding (b':scheme', b'https') to the header table, sensitive:False, huffman:True
[2026-06-08 11:29:55,896] DEBUG hpack.hpack | Encoding 7 with 7 bits
[2026-06-08 11:29:55,896] DEBUG hpack.hpack | Adding (b':path', b'/rest/v1/conversations?select=messages&id=eq.f7f4b94d-42b0-4ce6-bc5c-ba22a0c60427&user_id=eq.c6d7145a-2fc1-4445-b641-dc5fbe849d53') to the header table, sensitive:False, huffman:True
[2026-06-08 11:29:55,897] DEBUG hpack.hpack | Encoding 4 with 6 bits
[2026-06-08 11:29:55,898] DEBUG hpack.hpack | Encoding 92 with 7 bits
[2026-06-08 11:29:55,898] DEBUG hpack.hpack | Adding (b'accept', b'*/*') to the header table, sensitive:False, huffman:True
[2026-06-08 11:29:55,899] DEBUG hpack.hpack | Encoding 19 with 6 bits
[2026-06-08 11:29:55,899] DEBUG hpack.hpack | Encoding 3 with 7 bits
[2026-06-08 11:29:55,900] DEBUG hpack.hpack | Adding (b'accept-encoding', b'gzip, deflate, zstd') to the header table, sensitive:False, huffman:True
[2026-06-08 11:29:55,901] DEBUG hpack.hpack | Encoding 16 with 6 bits
[2026-06-08 11:29:55,901] DEBUG hpack.hpack | Encoding 15 with 7 bits
[2026-06-08 11:29:55,902] DEBUG hpack.hpack | Adding (b'user-agent', b'python-httpx/0.28.1') to the header table, sensitive:False, huffman:True
[2026-06-08 11:29:55,903] DEBUG hpack.hpack | Encoding 58 with 6 bits
[2026-06-08 11:29:55,903] DEBUG hpack.hpack | Encoding 14 with 7 bits
[2026-06-08 11:29:55,904] DEBUG hpack.hpack | Adding (b'x-client-info', b'supabase-py/2.30.1') to the header table, sensitive:False, huffman:True
[2026-06-08 11:29:55,904] DEBUG hpack.hpack | Encoding 10 with 7 bits
[2026-06-08 11:29:55,905] DEBUG hpack.hpack | Encoding 13 with 7 bits
[2026-06-08 11:29:55,906] DEBUG hpack.hpack | Adding (b'x-supabase-client-platform', b'Linux') to the header table, sensitive:False, huffman:True
[2026-06-08 11:29:55,907] DEBUG hpack.hpack | Encoding 19 with 7 bits
[2026-06-08 11:29:55,909] DEBUG hpack.hpack | Encoding 4 with 7 bits
[2026-06-08 11:29:55,909] DEBUG hpack.hpack | Adding (b'x-supabase-client-platform-version', b'7.0.11-1-cachyos-bore') to the header table, sensitive:False, huffman:True
[2026-06-08 11:29:55,910] DEBUG hpack.hpack | Encoding 24 with 7 bits
[2026-06-08 11:29:55,911] DEBUG hpack.hpack | Encoding 15 with 7 bits
[2026-06-08 11:29:55,911] DEBUG hpack.hpack | Adding (b'x-supabase-client-runtime', b'python') to the header table, sensitive:False, huffman:True
[2026-06-08 11:29:55,912] DEBUG hpack.hpack | Encoding 18 with 7 bits
[2026-06-08 11:29:55,912] DEBUG hpack.hpack | Encoding 5 with 7 bits
[2026-06-08 11:29:55,913] DEBUG hpack.hpack | Adding (b'x-supabase-client-runtime-version', b'3.14.5') to the header table, sensitive:False, huffman:True
[2026-06-08 11:29:55,914] DEBUG hpack.hpack | Encoding 23 with 7 bits
[2026-06-08 11:29:55,914] DEBUG hpack.hpack | Encoding 5 with 7 bits
[2026-06-08 11:29:55,915] DEBUG hpack.hpack | Adding (b'apikey', b'eyJhbGciOiJIUzI1NiIsInR5cCI6IkpXVCJ9.eyJpc3MiOiJzdXBhYmFzZSIsInJlZiI6ImZwb21iYXppeW9tYmN6eWZkcnl0Iiwicm9sZSI6InNlcnZpY2Vfcm9sZSIsImlhdCI6MTc4MDA4MjM2MCwiZXhwIjoyMDk1NjU4MzYwfQ.hOA2efvOMFjcoFwfFNEoNNjIRSj-SUnsnyEGOm5wNfs') to the header table, sensitive:False, huffman:True
[2026-06-08 11:29:55,916] DEBUG hpack.hpack | Encoding 5 with 7 bits
[2026-06-08 11:29:55,917] DEBUG hpack.hpack | Encoding 176 with 7 bits
[2026-06-08 11:29:55,918] DEBUG hpack.hpack | Adding (b'authorization', b'Bearer eyJhbGciOiJIUzI1NiIsInR5cCI6IkpXVCJ9.eyJpc3MiOiJzdXBhYmFzZSIsInJlZiI6ImZwb21iYXppeW9tYmN6eWZkcnl0Iiwicm9sZSI6InNlcnZpY2Vfcm9sZSIsImlhdCI6MTc4MDA4MjM2MCwiZXhwIjoyMDk1NjU4MzYwfQ.hOA2efvOMFjcoFwfFNEoNNjIRSj-SUnsnyEGOm5wNfs') to the header table, sensitive:True, huffman:True
[2026-06-08 11:29:55,918] DEBUG hpack.hpack | Encoding 23 with 4 bits
[2026-06-08 11:29:55,920] DEBUG hpack.hpack | Encoding 181 with 7 bits
[2026-06-08 11:29:55,921] DEBUG hpack.hpack | Adding (b'accept-profile', b'public') to the header table, sensitive:False, huffman:True
[2026-06-08 11:29:55,922] DEBUG hpack.hpack | Encoding 10 with 7 bits
[2026-06-08 11:29:55,923] DEBUG hpack.hpack | Encoding 5 with 7 bits
[2026-06-08 11:29:55,923] DEBUG hpack.hpack | Adding (b'content-profile', b'public') to the header table, sensitive:False, huffman:True
[2026-06-08 11:29:55,924] DEBUG hpack.hpack | Encoding 11 with 7 bits
[2026-06-08 11:29:55,924] DEBUG hpack.hpack | Encoding 5 with 7 bits
[2026-06-08 11:29:55,925] DEBUG hpack.hpack | Adding (b'cookie', b'__cf_bm=9iQ4f.i9u0y84_fThN5o8wVgOAcAuIiwuE02tFLBm.4-1780936030.7875392-1.0.1.1-c.SKKgjU0b4RFrwvzFL1HtA1iE7WbExwhNI_7ALU3omjFTwvDzF9ItGj6QCtcSistQ4I3dITncA.QxK53HqSBIBCUpeuIyyB_cen_fu8uNb8J3QzMknuxiNemJ5DdYmu') to the header table, sensitive:False, huffman:True
[2026-06-08 11:29:55,926] DEBUG hpack.hpack | Encoding 32 with 6 bits
[2026-06-08 11:29:55,927] DEBUG hpack.hpack | Encoding 161 with 7 bits
[2026-06-08 11:29:55,928] DEBUG hpack.hpack | Encoded header block to b'\x82A\x97\x96\xb3\xd3\x18\xfd\x9b\xd1\xe9\x8c\x9e\xfdK%\x9e\x92\xba-\xacq\x8d\x05\\\x87\x87D\xdcb\xc2\xa1,w\x0b\x04=]\xcbb\x06\x93\x1e\xa4\x7f\x88-\x05"`\xa4\xa8@\xe6*>\r$\x05\xec\xbc\xae\xca\xd4o\xb5"\xcd\n0,\xd1\n\xe2\xd1\x91\xb2-\x18\xc4!\x80\x8e\x01\xa1;\xf1j\x0bdF\x92\x02\xf6\\\x8eH\xe8Zlk\nR\x05f\x9ai\xb5\xa3q\xa0\xad!\x1b\x962\xbc\xd3\xf26\xcfS\x83\xf9c\xe7P\x8f\x9b\xd9\xab\xfaRB\xcb@\xd2_\xa5=\xa12\x7fz\x8e\xaf\xd2g=KN\x94\xd7\xe5\x80.\'\x97\x0f@\x8a\xf2\xb1(1jJ\xc6\xaaS\xff\x8dE\xb5\x8e1\xa0\xabW\xe9\x81.\xc8\x17\x0f@\x93\xf2\xb2-\xacq\x8d\x05X\x94\x18\xb5%j\xe8\x1ae=\x94\xff\x84\xcej\xad\xf3@\x98\xf2\xb2-\xacq\x8d\x05X\x94\x18\xb5%j\xe8\x1ae=\x94\xad\xdc\xb6 \xc7\xab\x8fup.\x10\xac\x15\x882O\xe8\xe8Z3\xd8_@\x92\xf2\xb2-\xacq\x8d\x05X\x94\x18\xb5%k-\xa9&\xa4\xbf\x85\xaf\xd2g=_@\x97\xf2\xb2-\xacq\x8d\x05X\x94\x18\xb5%k-\xa9&\xa4\xabw-\x881\xea\x85ep\xb4\xbb\x7f@\x85\x1df\xea__\xff1/\xac\xb3\xc7\x88\x86\xd4l\xb98{\xc8\x1d&\xc8\x8c\x95ml\x97\xb29\x93\xad\x7f\x9coe}r\xfa\xcbY\x19\xd0mF\xcb\xeeO\xcb\xb3\xf3\xa7\x0f\xbf\xdd\xd9\x11\x92\xac\xb4~\x9b#\x99)\xfd\xf1\x18\x82n\x7f\x95\xd6^O\xa7\x9d:\\//\xde\xa4\xaa\x80d7\x83\x12\x97\xd1\xfb\xbb#\x99*\xd3A*\xfd\xaf\x98\xb8\xcaJ_G\xee\xec\x88\xc9M\x13\xc9{#\x9a7\x91\xad\x17\xe1kGM\x02\xd1{\xc1\xbf\x7f\'\xf1\x93\xa1\xfdh\xbf\xd4:zpkG\xbe~%\xd8\xbc\xfa\xa1\x11e\xef\xabF\x1e\x84>\x1f\x12\xe1\xd3\x80\xfat\xf4\xc9\xb7wE\xb7p\xa9\x15z\xc1\x8bU-\xf8\xd3*?\x1f\x08\xff6\xbaQ\xd8[\x14/\xac\xb3\xc7\x88\x86\xd4l\xb98{\xc8\x1d&\xc8\x8c\x95ml\x97\xb29\x93\xad\x7f\x9coe}r\xfa\xcbY\x19\xd0mF\xcb\xeeO\xcb\xb3\xf3\xa7\x0f\xbf\xdd\xd9\x11\x92\xac\xb4~\x9b#\x99)\xfd\xf1\x18\x82n\x7f\x95\xd6^O\xa7\x9d:\\//\xde\xa4\xaa\x80d7\x83\x12\x97\xd1\xfb\xbb#\x99*\xd3A*\xfd\xaf\x98\xb8\xcaJ_G\xee\xec\x88\xc9M\x13\xc9{#\x9a7\x91\xad\x17\xe1kGM\x02\xd1{\xc1\xbf\x7f\'\xf1\x93\xa1\xfdh\xbf\xd4:zpkG\xbe~%\xd8\xbc\xfa\xa1\x11e\xef\xabF\x1e\x84>\x1f\x12\xe1\xd3\x80\xfat\xf4\xc9\xb7wE\xb7p\xa9\x15z\xc1\x8bU-\xf8\xd3*?@\x8a\x19\x08Z\xd2\xb5v\x1eSP_\x85\xae\xd8\xe81?@\x8b!\xeaIjJ\xd5\xd8yMA\x7f\x85\xae\xd8\xe81?`\xff"\x8a"K\x14t\xc0\xf9\xb65*\xe6~\xd0zy\xa8\xa5\xdf>\x96\xce\xf7\x8e3j\x84\x90\xdb\x90\xde-\xc0\x01\'\x0e{\xb4\xae\xd2\xc1u\xe0>\xcb\x80d\x0b\xba\xf3\xad\xb2\xf8\x96\n\xe0\\+\x85b/\xbb6i\xbap\x04mm\xc3g\x8e\xfe\xf0\xe7\x0e4\xc2\x13`w\x94x<\xf8\x9fNH\x9d\x87?\x06OOL;\xfcw\xbf\xef\x0b\xf9\x13\x8b\xa3\x9b/$\x9b\x8c\x84\xeck#2d\xdfQ!_g\x9c\xcd\xb3\x8f\xb6\xeb\xb9.\xde\xe1Ym\xc9\xeb\xd5\xd8\x88Z\xa2\x96\xd7\xad\xd3\x1b\xd9Y\xd9\xefGZ\xad\xf2m%\xa7+w\xe4\xe7M\xbf'
[2026-06-08 11:29:55,930] DEBUG httpcore.http2 | send_request_headers.complete
[2026-06-08 11:29:55,930] DEBUG httpcore.http2 | send_request_body.started request=<Request [b'GET']> stream_id=1
[2026-06-08 11:29:55,931] DEBUG httpcore.http2 | send_request_body.complete
[2026-06-08 11:29:55,931] DEBUG httpcore.http2 | receive_response_headers.started request=<Request [b'GET']> stream_id=1
[2026-06-08 11:29:56,006] DEBUG httpcore.http2 | receive_remote_settings.started
[2026-06-08 11:29:56,015] DEBUG httpcore.http2 | receive_remote_settings.complete return_value=<RemoteSettingsChanged changed_settings:{ChangedSetting(setting=3, original_value=None, new_value=100), ChangedSetting(setting=4, original_value=65535, new_value=65536), ChangedSetting(setting=5, original_value=16384, new_value=16777215)}>
[2026-06-08 11:29:56,193] DEBUG hpack.hpack | Decoding b'?\xe1\x1f\x88a\x96\xd0z\xbe\x94\x03\xcae\xb6\xa5\x04\x018\xa0\\\xb8\'\xee6\xe2\x98\xb4o_\x96\x1du\xd0b\r&=LtA\xea\xfbP\x93\x8e\xc4\x150Z\x99V{^\x84\x02\xc0c\xe7@\x85$\xabX?_\x8f\x18\x1e}\xa7Yy\xf2\xb2\'\x89\x1ck]\xd5\x8b@\x8a$\xab\x10d\x9c\xab!#M\xa8\x86\xbf\xcfL:2^Z\x83\x9b\xd9\xab]\xd6`\x87\xab\xb9l@\xd2c\xd4\x8f\xf0\xd2@^\xcb\xca\xec\xadF\xfbR,\xd0\xa3\x02\xcd\x10\xae-\x19\x1b"\xd1\x8cB\x18\x08\xe0\x1a\x13\xbf\x08-\x05"`\xa4\xa8@\xe6*>-Al\x88\xd2@^\xcb\x91\xc9\x1d\x0bM\x8daJ@\xac\xd3M6\xb4n4\x15\xa4#r\xc6W\x9a~F\xd9v\x87%\x07\xb6Ih\x1d\x85x\xa0\xa4~V\x1c\xc5\x81\x90\xb6\xcb\x80\x00>\xd45D\xa2\xd9\x0b\xba\xd8\xef\x9e\x91\x9a\xa4}\xa9]\x85\xa0\xe3\x93{\x8b\x84\x84-i[\x05D<\x86\xaao@\x90\xf2\xb1\x0fRKRVO\xaa\xca\xb1\xebI\x8fR?\x85\xa8\xe8\xa8\xd2\xcb@\x8b!\xeaIjJ\xd5\xd8yMA\x7f\x85\xae\xd8\xe81?@\x8dDkL4\x97\xc0\xfd-\xdc\xb6 \xc7\xab\x011@\x8aDkWa\xfa\x14\x89Z\xc2\xcb\x8f\x96\xb3\xd3\x18\xfd\x9b\xd1\xe9\x8c\x9e\xfdK%\x9e\x93@\x8aDkX^\xd6\x95\tX\xd2\x7f\x9a\x00_(\xde\x08V\x8eW\x1eY\xd1\xb8\xfa\xd1\xca\xcb\xab\t\xf7\xe3)_\x1b\xf2\xc9\'@\x8f\xf2\xb1j\xee\x7fK\r)-5\xa5b\x1e\xda\x93\x011@\x95\xf2\xb1j\xee\x7fK[Z\x13aGJ\xc8-\x9d\xccB\xac\x93R_\x012@\x85\x1d\tY\x1d\xc9\x90\x9d\x98?\x9b\x8d4\xcf\xf3\xf6\xa5#\x81\xe7\x1a\x00?'
[2026-06-08 11:29:56,194] DEBUG hpack.hpack | Decoded 4096, consumed 3 bytes
[2026-06-08 11:29:56,195] DEBUG hpack.table | Resizing header table to 4096 from 4096
[2026-06-08 11:29:56,195] DEBUG hpack.hpack | Decoded 8, consumed 1 bytes
[2026-06-08 11:29:56,196] DEBUG hpack.hpack | Decoded (b':status', b'200'), consumed 1
[2026-06-08 11:29:56,196] DEBUG hpack.hpack | Decoded 33, consumed 1 bytes
[2026-06-08 11:29:56,197] DEBUG hpack.hpack | Decoded 22, consumed 1 bytes
[2026-06-08 11:29:56,197] DEBUG hpack.hpack | Decoded (b'date', b'Mon, 08 Jun 2026 16:29:56 GMT'), total consumed 24 bytes, indexed True
[2026-06-08 11:29:56,198] DEBUG hpack.hpack | Decoded 31, consumed 1 bytes
[2026-06-08 11:29:56,198] DEBUG hpack.hpack | Decoded 22, consumed 1 bytes
[2026-06-08 11:29:56,199] DEBUG hpack.hpack | Decoded (b'content-type', b'application/json; charset=utf-8'), total consumed 24 bytes, indexed True
[2026-06-08 11:29:56,199] DEBUG watchfiles.main | 1 change detected: {(<Change.modified: 2>, '/home/niko/Proyectos/C_sol/Vyntra/backend/nohup.out')}
[2026-06-08 11:29:56,199] DEBUG hpack.hpack | Decoded 30, consumed 1 bytes
[2026-06-08 11:29:56,200] DEBUG hpack.hpack | Decoded 4, consumed 1 bytes
[2026-06-08 11:29:56,200] DEBUG hpack.hpack | Decoded (b'content-range', b'0-0/*'), total consumed 6 bytes, indexed True
[2026-06-08 11:29:56,201] DEBUG hpack.hpack | Decoded 5, consumed 1 bytes
[2026-06-08 11:29:56,201] DEBUG hpack.hpack | Decoded 15, consumed 1 bytes
[2026-06-08 11:29:56,202] DEBUG hpack.hpack | Decoded (b'cf-ray', b'a08947389e328cbb-BOG'), total consumed 23 bytes, indexed True
[2026-06-08 11:29:56,202] DEBUG hpack.hpack | Decoded 10, consumed 1 bytes
[2026-06-08 11:29:56,203] DEBUG hpack.hpack | Decoded 6, consumed 1 bytes
[2026-06-08 11:29:56,203] DEBUG hpack.hpack | Decoded (b'cf-cache-status', b'DYNAMIC'), total consumed 19 bytes, indexed True
[2026-06-08 11:29:56,203] DEBUG hpack.hpack | Decoded 26, consumed 1 bytes
[2026-06-08 11:29:56,204] DEBUG hpack.hpack | Decoded 3, consumed 1 bytes
[2026-06-08 11:29:56,204] DEBUG hpack.hpack | Decoded (b'content-encoding', b'gzip'), total consumed 5 bytes, indexed True
[2026-06-08 11:29:56,205] DEBUG hpack.hpack | Decoded 29, consumed 1 bytes
[2026-06-08 11:29:56,205] DEBUG hpack.hpack | Decoded 86, consumed 1 bytes
[2026-06-08 11:29:56,206] DEBUG hpack.hpack | Decoded (b'content-location', b'/conversations?id=eq.f7f4b94d-42b0-4ce6-bc5c-ba22a0c60427&select=messages&user_id=eq.c6d7145a-2fc1-4445-b641-dc5fbe849d53'), total consumed 88 bytes, indexed True
[2026-06-08 11:29:56,206] DEBUG hpack.hpack | Decoded 54, consumed 1 bytes
[2026-06-08 11:29:56,207] DEBUG hpack.hpack | Decoded 7, consumed 1 bytes
[2026-06-08 11:29:56,207] DEBUG hpack.hpack | Decoded (b'server', b'cloudflare'), total consumed 9 bytes, indexed True
[2026-06-08 11:29:56,208] DEBUG hpack.hpack | Decoded 56, consumed 1 bytes
[2026-06-08 11:29:56,208] DEBUG hpack.hpack | Decoded 32, consumed 1 bytes
[2026-06-08 11:29:56,209] DEBUG hpack.hpack | Decoded (b'strict-transport-security', b'max-age=31536000; includeSubDomains; preload'), total consumed 34 bytes, indexed True
[2026-06-08 11:29:56,209] DEBUG hpack.hpack | Decoded 59, consumed 1 bytes
[2026-06-08 11:29:56,209] DEBUG hpack.hpack | Decoded 11, consumed 1 bytes
[2026-06-08 11:29:56,210] DEBUG hpack.hpack | Decoded (b'vary', b'Accept-Encoding'), total consumed 13 bytes, indexed True
[2026-06-08 11:29:56,210] DEBUG hpack.hpack | Decoded 16, consumed 1 bytes
[2026-06-08 11:29:56,212] DEBUG hpack.hpack | Decoded 5, consumed 1 bytes
[2026-06-08 11:29:56,212] DEBUG hpack.hpack | Decoded (b'x-content-type-options', b'nosniff'), total consumed 24 bytes, indexed True
[2026-06-08 11:29:56,213] DEBUG hpack.hpack | Decoded 11, consumed 1 bytes
[2026-06-08 11:29:56,213] DEBUG hpack.hpack | Decoded 5, consumed 1 bytes
[2026-06-08 11:29:56,214] DEBUG hpack.hpack | Decoded (b'content-profile', b'public'), total consumed 19 bytes, indexed True
[2026-06-08 11:29:56,215] DEBUG hpack.hpack | Decoded 13, consumed 1 bytes
[2026-06-08 11:29:56,216] DEBUG hpack.hpack | Decoded 1, consumed 1 bytes
[2026-06-08 11:29:56,216] DEBUG hpack.hpack | Decoded (b'sb-gateway-version', <memory at 0x7f900606b400>), total consumed 17 bytes, indexed True
[2026-06-08 11:29:56,217] DEBUG hpack.hpack | Decoded 10, consumed 1 bytes
[2026-06-08 11:29:56,217] DEBUG hpack.hpack | Decoded 15, consumed 1 bytes
[2026-06-08 11:29:56,218] DEBUG hpack.hpack | Decoded (b'sb-project-ref', b'fpombaziyombczyfdryt'), total consumed 28 bytes, indexed True
[2026-06-08 11:29:56,218] DEBUG hpack.hpack | Decoded 10, consumed 1 bytes
[2026-06-08 11:29:56,219] DEBUG hpack.hpack | Decoded 26, consumed 1 bytes
[2026-06-08 11:29:56,220] DEBUG hpack.hpack | Decoded (b'sb-request-id', b'019ea811-bf68-7a69-bf37-299bee9a9fdd'), total consumed 39 bytes, indexed True
[2026-06-08 11:29:56,220] DEBUG hpack.hpack | Decoded 15, consumed 1 bytes
[2026-06-08 11:29:56,221] DEBUG hpack.hpack | Decoded 1, consumed 1 bytes
[2026-06-08 11:29:56,221] DEBUG hpack.hpack | Decoded (b'x-envoy-attempt-count', <memory at 0x7f900606b580>), total consumed 19 bytes, indexed True
[2026-06-08 11:29:56,221] DEBUG hpack.hpack | Decoded 21, consumed 1 bytes
[2026-06-08 11:29:56,222] DEBUG hpack.hpack | Decoded 1, consumed 1 bytes
[2026-06-08 11:29:56,222] DEBUG hpack.hpack | Decoded (b'x-envoy-upstream-service-time', <memory at 0x7f900606bac0>), total consumed 25 bytes, indexed True
[2026-06-08 11:29:56,223] DEBUG hpack.hpack | Decoded 5, consumed 1 bytes
[2026-06-08 11:29:56,223] DEBUG hpack.hpack | Decoded 16, consumed 1 bytes
[2026-06-08 11:29:56,224] DEBUG hpack.hpack | Decoded (b'alt-svc', b'h3=":443"; ma=86400'), total consumed 24 bytes, indexed True
[2026-06-08 11:29:56,225] DEBUG httpcore.http2 | receive_response_headers.complete return_value=(200, [(b'date', b'Mon, 08 Jun 2026 16:29:56 GMT'), (b'content-type', b'application/json; charset=utf-8'), (b'content-range', b'0-0/*'), (b'cf-ray', b'a08947389e328cbb-BOG'), (b'cf-cache-status', b'DYNAMIC'), (b'content-encoding', b'gzip'), (b'content-location', b'/conversations?id=eq.f7f4b94d-42b0-4ce6-bc5c-ba22a0c60427&select=messages&user_id=eq.c6d7145a-2fc1-4445-b641-dc5fbe849d53'), (b'server', b'cloudflare'), (b'strict-transport-security', b'max-age=31536000; includeSubDomains; preload'), (b'vary', b'Accept-Encoding'), (b'x-content-type-options', b'nosniff'), (b'content-profile', b'public'), (b'sb-gateway-version', b'1'), (b'sb-project-ref', b'fpombaziyombczyfdryt'), (b'sb-request-id', b'019ea811-bf68-7a69-bf37-299bee9a9fdd'), (b'x-envoy-attempt-count', b'1'), (b'x-envoy-upstream-service-time', b'2'), (b'alt-svc', b'h3=":443"; ma=86400')])
[2026-06-08 11:29:56,228] INFO httpx | HTTP Request: GET https://fpombaziyombczyfdryt.supabase.co/rest/v1/conversations?select=messages&id=eq.f7f4b94d-42b0-4ce6-bc5c-ba22a0c60427&user_id=eq.c6d7145a-2fc1-4445-b641-dc5fbe849d53 "HTTP/2 200 OK"
[2026-06-08 11:29:56,229] DEBUG httpcore.http2 | receive_response_body.started request=<Request [b'GET']> stream_id=1
[2026-06-08 11:29:56,232] DEBUG httpcore.http2 | receive_response_body.complete
[2026-06-08 11:29:56,233] DEBUG httpcore.http2 | response_closed.started stream_id=1
[2026-06-08 11:29:56,233] DEBUG httpcore.http2 | response_closed.complete
[2026-06-08 11:29:56,242] DEBUG httpcore.http2 | send_request_headers.started request=<Request [b'PATCH']> stream_id=3
[2026-06-08 11:29:56,244] DEBUG hpack.hpack | Adding (b':method', b'PATCH') to the header table, sensitive:False, huffman:True
[2026-06-08 11:29:56,244] DEBUG hpack.hpack | Encoding 2 with 6 bits
[2026-06-08 11:29:56,245] DEBUG hpack.hpack | Encoding 5 with 7 bits
[2026-06-08 11:29:56,246] DEBUG hpack.hpack | Adding (b':authority', b'fpombaziyombczyfdryt.supabase.co') to the header table, sensitive:False, huffman:True
[2026-06-08 11:29:56,246] DEBUG hpack.hpack | Encoding 76 with 7 bits
[2026-06-08 11:29:56,246] DEBUG hpack.hpack | Adding (b':scheme', b'https') to the header table, sensitive:False, huffman:True
[2026-06-08 11:29:56,247] DEBUG hpack.hpack | Encoding 7 with 7 bits
[2026-06-08 11:29:56,247] DEBUG hpack.hpack | Adding (b':path', b'/rest/v1/conversations?id=eq.f7f4b94d-42b0-4ce6-bc5c-ba22a0c60427&user_id=eq.c6d7145a-2fc1-4445-b641-dc5fbe849d53') to the header table, sensitive:False, huffman:True
[2026-06-08 11:29:56,248] DEBUG hpack.hpack | Encoding 4 with 6 bits
[2026-06-08 11:29:56,249] DEBUG hpack.hpack | Encoding 81 with 7 bits
[2026-06-08 11:29:56,250] DEBUG hpack.hpack | Adding (b'accept', b'*/*') to the header table, sensitive:False, huffman:True
[2026-06-08 11:29:56,252] DEBUG hpack.hpack | Encoding 75 with 7 bits
[2026-06-08 11:29:56,253] DEBUG hpack.hpack | Adding (b'accept-encoding', b'gzip, deflate, zstd') to the header table, sensitive:False, huffman:True
[2026-06-08 11:29:56,253] DEBUG hpack.hpack | Encoding 74 with 7 bits
[2026-06-08 11:29:56,254] DEBUG hpack.hpack | Adding (b'user-agent', b'python-httpx/0.28.1') to the header table, sensitive:False, huffman:True
[2026-06-08 11:29:56,254] DEBUG hpack.hpack | Encoding 73 with 7 bits
[2026-06-08 11:29:56,255] DEBUG hpack.hpack | Adding (b'prefer', b'return=representation') to the header table, sensitive:False, huffman:True
[2026-06-08 11:29:56,256] DEBUG hpack.hpack | Encoding 5 with 7 bits
[2026-06-08 11:29:56,256] DEBUG hpack.hpack | Encoding 15 with 7 bits
[2026-06-08 11:29:56,257] DEBUG hpack.hpack | Adding (b'x-client-info', b'supabase-py/2.30.1') to the header table, sensitive:False, huffman:True
[2026-06-08 11:29:56,257] DEBUG hpack.hpack | Encoding 73 with 7 bits
[2026-06-08 11:29:56,257] DEBUG hpack.hpack | Adding (b'x-supabase-client-platform', b'Linux') to the header table, sensitive:False, huffman:True
[2026-06-08 11:29:56,258] DEBUG hpack.hpack | Encoding 72 with 7 bits
[2026-06-08 11:29:56,259] DEBUG hpack.hpack | Adding (b'x-supabase-client-platform-version', b'7.0.11-1-cachyos-bore') to the header table, sensitive:False, huffman:True
[2026-06-08 11:29:56,259] DEBUG hpack.hpack | Encoding 71 with 7 bits
[2026-06-08 11:29:56,259] DEBUG hpack.hpack | Adding (b'x-supabase-client-runtime', b'python') to the header table, sensitive:False, huffman:True
[2026-06-08 11:29:56,260] DEBUG hpack.hpack | Encoding 70 with 7 bits
[2026-06-08 11:29:56,260] DEBUG hpack.hpack | Adding (b'x-supabase-client-runtime-version', b'3.14.5') to the header table, sensitive:False, huffman:True
[2026-06-08 11:29:56,261] DEBUG hpack.hpack | Encoding 69 with 7 bits
[2026-06-08 11:29:56,261] DEBUG hpack.hpack | Adding (b'apikey', b'eyJhbGciOiJIUzI1NiIsInR5cCI6IkpXVCJ9.eyJpc3MiOiJzdXBhYmFzZSIsInJlZiI6ImZwb21iYXppeW9tYmN6eWZkcnl0Iiwicm9sZSI6InNlcnZpY2Vfcm9sZSIsImlhdCI6MTc4MDA4MjM2MCwiZXhwIjoyMDk1NjU4MzYwfQ.hOA2efvOMFjcoFwfFNEoNNjIRSj-SUnsnyEGOm5wNfs') to the header table, sensitive:False, huffman:True
[2026-06-08 11:29:56,261] DEBUG hpack.hpack | Encoding 68 with 7 bits
[2026-06-08 11:29:56,262] DEBUG hpack.hpack | Adding (b'authorization', b'Bearer eyJhbGciOiJIUzI1NiIsInR5cCI6IkpXVCJ9.eyJpc3MiOiJzdXBhYmFzZSIsInJlZiI6ImZwb21iYXppeW9tYmN6eWZkcnl0Iiwicm9sZSI6InNlcnZpY2Vfcm9sZSIsImlhdCI6MTc4MDA4MjM2MCwiZXhwIjoyMDk1NjU4MzYwfQ.hOA2efvOMFjcoFwfFNEoNNjIRSj-SUnsnyEGOm5wNfs') to the header table, sensitive:True, huffman:True
[2026-06-08 11:29:56,262] DEBUG hpack.hpack | Encoding 23 with 4 bits
[2026-06-08 11:29:56,264] DEBUG hpack.hpack | Encoding 181 with 7 bits
[2026-06-08 11:29:56,264] DEBUG hpack.hpack | Adding (b'accept-profile', b'public') to the header table, sensitive:False, huffman:True
[2026-06-08 11:29:56,265] DEBUG hpack.hpack | Encoding 67 with 7 bits
[2026-06-08 11:29:56,265] DEBUG hpack.hpack | Adding (b'content-profile', b'public') to the header table, sensitive:False, huffman:True
[2026-06-08 11:29:56,265] DEBUG hpack.hpack | Encoding 66 with 7 bits
[2026-06-08 11:29:56,266] DEBUG hpack.hpack | Adding (b'cookie', b'__cf_bm=9iQ4f.i9u0y84_fThN5o8wVgOAcAuIiwuE02tFLBm.4-1780936030.7875392-1.0.1.1-c.SKKgjU0b4RFrwvzFL1HtA1iE7WbExwhNI_7ALU3omjFTwvDzF9ItGj6QCtcSistQ4I3dITncA.QxK53HqSBIBCUpeuIyyB_cen_fu8uNb8J3QzMknuxiNemJ5DdYmu') to the header table, sensitive:False, huffman:True
[2026-06-08 11:29:56,266] DEBUG hpack.hpack | Encoding 65 with 7 bits
[2026-06-08 11:29:56,267] DEBUG hpack.hpack | Adding (b'content-length', b'799') to the header table, sensitive:False, huffman:True
[2026-06-08 11:29:56,267] DEBUG hpack.hpack | Encoding 28 with 6 bits
[2026-06-08 11:29:56,268] DEBUG hpack.hpack | Encoding 3 with 7 bits
[2026-06-08 11:29:56,268] DEBUG hpack.hpack | Adding (b'content-type', b'application/json') to the header table, sensitive:False, huffman:True
[2026-06-08 11:29:56,269] DEBUG hpack.hpack | Encoding 31 with 6 bits
[2026-06-08 11:29:56,269] DEBUG hpack.hpack | Encoding 11 with 7 bits
[2026-06-08 11:29:56,270] DEBUG hpack.hpack | Encoded header block to b"B\x85\xd7\x0e\xfb\xd8\xff\xcc\x87D\xd1b\xc2\xa1,w\x0b\x04=]\xcbb\x06\x93\x1e\xa4\x7f\x86\x92\x02\xf6^Wej7\xda\x91f\x85\x18\x16h\x85qh\xc8\xd9\x16\x8cb\x10\xc0G\x00\xd0\x9d\xf8\xb5\x05\xb2#I\x01{.G$t-65\x85)\x02\xb3M4\xda\xd1\xb8\xd0V\x90\x8d\xcb\x19^i\xf9\x1bg\xcb\xca\xc9@\x85\xae\xc2\xca[?\x8f\xb0\xa9\xb6\xca\xa0\xb0\xb5\xd8T\x16\xa4\x8d&=_\xc9\xc8\xc7\xc6\xc5\xc4\x1f\x08\xff6\xbaQ\xd8[\x14/\xac\xb3\xc7\x88\x86\xd4l\xb98{\xc8\x1d&\xc8\x8c\x95ml\x97\xb29\x93\xad\x7f\x9coe}r\xfa\xcbY\x19\xd0mF\xcb\xeeO\xcb\xb3\xf3\xa7\x0f\xbf\xdd\xd9\x11\x92\xac\xb4~\x9b#\x99)\xfd\xf1\x18\x82n\x7f\x95\xd6^O\xa7\x9d:\\//\xde\xa4\xaa\x80d7\x83\x12\x97\xd1\xfb\xbb#\x99*\xd3A*\xfd\xaf\x98\xb8\xcaJ_G\xee\xec\x88\xc9M\x13\xc9{#\x9a7\x91\xad\x17\xe1kGM\x02\xd1{\xc1\xbf\x7f'\xf1\x93\xa1\xfdh\xbf\xd4:zpkG\xbe~%\xd8\xbc\xfa\xa1\x11e\xef\xabF\x1e\x84>\x1f\x12\xe1\xd3\x80\xfat\xf4\xc9\xb7wE\xb7p\xa9\x15z\xc1\x8bU-\xf8\xd3*?\xc3\xc2\xc1\\\x83u\xf7\xff_\x8b\x1du\xd0b\r&=LtA\xea"
[2026-06-08 11:29:56,271] DEBUG httpcore.http2 | send_request_headers.complete
[2026-06-08 11:29:56,272] DEBUG httpcore.http2 | send_request_body.started request=<Request [b'PATCH']> stream_id=3
[2026-06-08 11:29:56,273] DEBUG httpcore.http2 | send_request_body.complete
[2026-06-08 11:29:56,274] DEBUG httpcore.http2 | receive_response_headers.started request=<Request [b'PATCH']> stream_id=3
[2026-06-08 11:29:56,544] DEBUG hpack.hpack | Decoding b'\x88\xcf\xce\xcd\x7f\r\x8f\x18\x1e}\xa7Y\x19%y\xc7\x89\x1ck]\xd5\x8b\xcc\xcb\xc9\xc8\xc7\xc6\xc5@\x8d\xae\xc2\xca[\x0bQ\n\xb0\xeb\xae\x83\x16O\x8f\xb0\xa9\xb6\xca\xa0\xb0\xb5\xd8T\x16\xa4\x8d&=_\xc5\xc4\x7f\x04\x99\x00_(\xde\x08V \x08\xda\xce\xbe\xd3\xab<!\xb6\xb1J\x08\xd9+Q\x8aF\x83\xc3\x7f\x03\x018\xc2'
[2026-06-08 11:29:56,545] DEBUG hpack.hpack | Decoded 8, consumed 1 bytes
[2026-06-08 11:29:56,545] DEBUG hpack.hpack | Decoded (b':status', b'200'), consumed 1
[2026-06-08 11:29:56,545] DEBUG hpack.hpack | Decoded 79, consumed 1 bytes
[2026-06-08 11:29:56,546] DEBUG hpack.hpack | Decoded (b'date', b'Mon, 08 Jun 2026 16:29:56 GMT'), consumed 1
[2026-06-08 11:29:56,546] DEBUG hpack.hpack | Decoded 78, consumed 1 bytes
[2026-06-08 11:29:56,547] DEBUG hpack.hpack | Decoded (b'content-type', b'application/json; charset=utf-8'), consumed 1
[2026-06-08 11:29:56,547] DEBUG hpack.hpack | Decoded 77, consumed 1 bytes
[2026-06-08 11:29:56,548] DEBUG hpack.hpack | Decoded (b'content-range', b'0-0/*'), consumed 1
[2026-06-08 11:29:56,548] DEBUG hpack.hpack | Decoded 76, consumed 2 bytes
[2026-06-08 11:29:56,549] DEBUG hpack.hpack | Decoded 15, consumed 1 bytes
[2026-06-08 11:29:56,549] DEBUG hpack.hpack | Decoded (b'cf-ray', b'a089473acf868cbb-BOG'), total consumed 18 bytes, indexed True
[2026-06-08 11:29:56,549] DEBUG hpack.hpack | Decoded 76, consumed 1 bytes
[2026-06-08 11:29:56,550] DEBUG hpack.hpack | Decoded (b'cf-cache-status', b'DYNAMIC'), consumed 1
[2026-06-08 11:29:56,551] DEBUG hpack.hpack | Decoded 75, consumed 1 bytes
[2026-06-08 11:29:56,551] DEBUG watchfiles.main | 1 change detected: {(<Change.modified: 2>, '/home/niko/Proyectos/C_sol/Vyntra/backend/nohup.out')}
[2026-06-08 11:29:56,552] DEBUG hpack.hpack | Decoded (b'content-encoding', b'gzip'), consumed 1
[2026-06-08 11:29:56,552] DEBUG hpack.hpack | Decoded 73, consumed 1 bytes
[2026-06-08 11:29:56,553] DEBUG hpack.hpack | Decoded (b'server', b'cloudflare'), consumed 1
[2026-06-08 11:29:56,554] DEBUG hpack.hpack | Decoded 72, consumed 1 bytes
[2026-06-08 11:29:56,554] DEBUG hpack.hpack | Decoded (b'strict-transport-security', b'max-age=31536000; includeSubDomains; preload'), consumed 1
[2026-06-08 11:29:56,555] DEBUG hpack.hpack | Decoded 71, consumed 1 bytes
[2026-06-08 11:29:56,555] DEBUG hpack.hpack | Decoded (b'vary', b'Accept-Encoding'), consumed 1
[2026-06-08 11:29:56,556] DEBUG hpack.hpack | Decoded 70, consumed 1 bytes
[2026-06-08 11:29:56,556] DEBUG hpack.hpack | Decoded (b'x-content-type-options', b'nosniff'), consumed 1
[2026-06-08 11:29:56,557] DEBUG hpack.hpack | Decoded 69, consumed 1 bytes
[2026-06-08 11:29:56,558] DEBUG hpack.hpack | Decoded (b'content-profile', b'public'), consumed 1
[2026-06-08 11:29:56,558] DEBUG hpack.hpack | Decoded 13, consumed 1 bytes
[2026-06-08 11:29:56,558] DEBUG hpack.hpack | Decoded 15, consumed 1 bytes
[2026-06-08 11:29:56,559] DEBUG hpack.hpack | Decoded (b'preference-applied', b'return=representation'), total consumed 31 bytes, indexed True
[2026-06-08 11:29:56,560] DEBUG hpack.hpack | Decoded 69, consumed 1 bytes
[2026-06-08 11:29:56,561] DEBUG hpack.hpack | Decoded (b'sb-gateway-version', <memory at 0x7f900606b400>), consumed 1
[2026-06-08 11:29:56,561] DEBUG hpack.hpack | Decoded 68, consumed 1 bytes
[2026-06-08 11:29:56,561] DEBUG hpack.hpack | Decoded (b'sb-project-ref', b'fpombaziyombczyfdryt'), consumed 1
[2026-06-08 11:29:56,562] DEBUG hpack.hpack | Decoded 67, consumed 2 bytes
[2026-06-08 11:29:56,562] DEBUG hpack.hpack | Decoded 25, consumed 1 bytes
[2026-06-08 11:29:56,563] DEBUG hpack.hpack | Decoded (b'sb-request-id', b'019ea811-c0c5-7947-82a5-ee0b3e4b2d41'), total consumed 28 bytes, indexed True
[2026-06-08 11:29:56,563] DEBUG hpack.hpack | Decoded 67, consumed 1 bytes
[2026-06-08 11:29:56,563] DEBUG hpack.hpack | Decoded (b'x-envoy-attempt-count', <memory at 0x7f900606b580>), consumed 1
[2026-06-08 11:29:56,564] DEBUG hpack.hpack | Decoded 66, consumed 2 bytes
[2026-06-08 11:29:56,564] DEBUG hpack.hpack | Decoded 1, consumed 1 bytes
[2026-06-08 11:29:56,565] DEBUG hpack.hpack | Decoded (b'x-envoy-upstream-service-time', <memory at 0x7f900606be80>), total consumed 4 bytes, indexed True
[2026-06-08 11:29:56,565] DEBUG hpack.hpack | Decoded 66, consumed 1 bytes
[2026-06-08 11:29:56,566] DEBUG hpack.hpack | Decoded (b'alt-svc', b'h3=":443"; ma=86400'), consumed 1
[2026-06-08 11:29:56,567] DEBUG httpcore.http2 | receive_response_headers.complete return_value=(200, [(b'date', b'Mon, 08 Jun 2026 16:29:56 GMT'), (b'content-type', b'application/json; charset=utf-8'), (b'content-range', b'0-0/*'), (b'cf-ray', b'a089473acf868cbb-BOG'), (b'cf-cache-status', b'DYNAMIC'), (b'content-encoding', b'gzip'), (b'server', b'cloudflare'), (b'strict-transport-security', b'max-age=31536000; includeSubDomains; preload'), (b'vary', b'Accept-Encoding'), (b'x-content-type-options', b'nosniff'), (b'content-profile', b'public'), (b'preference-applied', b'return=representation'), (b'sb-gateway-version', b'1'), (b'sb-project-ref', b'fpombaziyombczyfdryt'), (b'sb-request-id', b'019ea811-c0c5-7947-82a5-ee0b3e4b2d41'), (b'x-envoy-attempt-count', b'1'), (b'x-envoy-upstream-service-time', b'8'), (b'alt-svc', b'h3=":443"; ma=86400')])
[2026-06-08 11:29:56,570] INFO httpx | HTTP Request: PATCH https://fpombaziyombczyfdryt.supabase.co/rest/v1/conversations?id=eq.f7f4b94d-42b0-4ce6-bc5c-ba22a0c60427&user_id=eq.c6d7145a-2fc1-4445-b641-dc5fbe849d53 "HTTP/2 200 OK"
[2026-06-08 11:29:56,571] DEBUG httpcore.http2 | receive_response_body.started request=<Request [b'PATCH']> stream_id=3
[2026-06-08 11:29:56,573] DEBUG httpcore.http2 | receive_response_body.complete
[2026-06-08 11:29:56,574] DEBUG httpcore.http2 | response_closed.started stream_id=3
[2026-06-08 11:29:56,575] DEBUG httpcore.http2 | response_closed.complete
[2026-06-08 11:29:56,577] INFO siee.ai_agent | stream done [student] user=c6d7145a-2fc1-4445-b641-dc5fbe849d53 req=f054962daa48 tokens=531
[2026-06-08 11:29:56,583] DEBUG httpcore.http11 | response_closed.started
[2026-06-08 11:29:56,585] DEBUG httpcore.http11 | response_closed.complete
[2026-06-08 11:29:56,606] DEBUG httpcore.http11 | receive_response_body.failed exception=GeneratorExit()
[2026-06-08 11:29:56,694] INFO siee.ai_agent | chat req=86351dfcfee3 role=student user=c6d7145a-2fc1-4445-b641-dc5fbe849d53 msg_len=15
[2026-06-08 11:29:56,790] DEBUG httpcore.connection | connect_tcp.started host='openrouter.ai' port=443 local_address=None timeout=45 socket_options=None
[2026-06-08 11:29:56,853] DEBUG httpcore.connection | connect_tcp.complete return_value=<httpcore._backends.anyio.AnyIOStream object at 0x7f9005e382f0>
[2026-06-08 11:29:56,853] DEBUG httpcore.connection | start_tls.started ssl_context=<ssl.SSLContext object at 0x7f9006215020> server_hostname='openrouter.ai' timeout=45
[2026-06-08 11:29:56,903] DEBUG watchfiles.main | 1 change detected: {(<Change.modified: 2>, '/home/niko/Proyectos/C_sol/Vyntra/backend/nohup.out')}
[2026-06-08 11:29:56,965] DEBUG httpcore.connection | start_tls.complete return_value=<httpcore._backends.anyio.AnyIOStream object at 0x7f9005e3a7b0>
[2026-06-08 11:29:56,967] DEBUG httpcore.http11 | send_request_headers.started request=<Request [b'POST']>
[2026-06-08 11:29:56,970] DEBUG httpcore.http11 | send_request_headers.complete
[2026-06-08 11:29:56,971] DEBUG httpcore.http11 | send_request_body.started request=<Request [b'POST']>
[2026-06-08 11:29:56,972] DEBUG httpcore.http11 | send_request_body.complete
[2026-06-08 11:29:56,973] DEBUG httpcore.http11 | receive_response_headers.started request=<Request [b'POST']>
[2026-06-08 11:29:57,255] DEBUG watchfiles.main | 1 change detected: {(<Change.modified: 2>, '/home/niko/Proyectos/C_sol/Vyntra/backend/nohup.out')}
[2026-06-08 11:29:57,607] DEBUG watchfiles.main | 1 change detected: {(<Change.modified: 2>, '/home/niko/Proyectos/C_sol/Vyntra/backend/nohup.out')}
[2026-06-08 11:29:57,959] DEBUG watchfiles.main | 1 change detected: {(<Change.modified: 2>, '/home/niko/Proyectos/C_sol/Vyntra/backend/nohup.out')}
[2026-06-08 11:29:58,153] DEBUG httpcore.http11 | receive_response_headers.complete return_value=(b'HTTP/1.1', 200, b'OK', [(b'Date', b'Mon, 08 Jun 2026 16:29:58 GMT'), (b'Content-Type', b'text/event-stream'), (b'Transfer-Encoding', b'chunked'), (b'Connection', b'keep-alive'), (b'Access-Control-Allow-Origin', b'*'), (b'Cache-Control', b'no-cache'), (b'X-Generation-Id', b'gen-1780936197-YvxiDFEciggm8bg9a7iM'), (b'access-control-expose-headers', b'X-Generation-Id,cf-ray'), (b'Permissions-Policy', b'payment=(self "https://checkout.stripe.com" "https://connect-js.stripe.com" "https://js.stripe.com" "https://*.js.stripe.com" "https://hooks.stripe.com")'), (b'Referrer-Policy', b'no-referrer, strict-origin-when-cross-origin'), (b'X-Content-Type-Options', b'nosniff'), (b'Server', b'cloudflare'), (b'CF-RAY', b'a089473f2c079868-BOG')])
[2026-06-08 11:29:58,156] INFO httpx | HTTP Request: POST https://openrouter.ai/api/v1/chat/completions "HTTP/1.1 200 OK"
[2026-06-08 11:29:58,159] DEBUG httpcore.http11 | receive_response_body.started request=<Request [b'POST']>
[2026-06-08 11:29:58,311] DEBUG watchfiles.main | 1 change detected: {(<Change.modified: 2>, '/home/niko/Proyectos/C_sol/Vyntra/backend/nohup.out')}
[2026-06-08 11:29:58,663] DEBUG watchfiles.main | 1 change detected: {(<Change.modified: 2>, '/home/niko/Proyectos/C_sol/Vyntra/backend/nohup.out')}
[2026-06-08 11:29:59,018] DEBUG watchfiles.main | 1 change detected: {(<Change.modified: 2>, '/home/niko/Proyectos/C_sol/Vyntra/backend/nohup.out')}
[2026-06-08 11:29:59,370] DEBUG watchfiles.main | 1 change detected: {(<Change.modified: 2>, '/home/niko/Proyectos/C_sol/Vyntra/backend/nohup.out')}
[2026-06-08 11:29:59,725] DEBUG watchfiles.main | 1 change detected: {(<Change.modified: 2>, '/home/niko/Proyectos/C_sol/Vyntra/backend/nohup.out')}
[2026-06-08 11:30:00,077] DEBUG watchfiles.main | 1 change detected: {(<Change.modified: 2>, '/home/niko/Proyectos/C_sol/Vyntra/backend/nohup.out')}
[2026-06-08 11:30:00,429] DEBUG watchfiles.main | 1 change detected: {(<Change.modified: 2>, '/home/niko/Proyectos/C_sol/Vyntra/backend/nohup.out')}
[2026-06-08 11:30:00,781] DEBUG watchfiles.main | 1 change detected: {(<Change.modified: 2>, '/home/niko/Proyectos/C_sol/Vyntra/backend/nohup.out')}
[2026-06-08 11:30:01,133] DEBUG watchfiles.main | 1 change detected: {(<Change.modified: 2>, '/home/niko/Proyectos/C_sol/Vyntra/backend/nohup.out')}
[2026-06-08 11:30:01,487] DEBUG watchfiles.main | 1 change detected: {(<Change.modified: 2>, '/home/niko/Proyectos/C_sol/Vyntra/backend/nohup.out')}
[2026-06-08 11:30:01,840] DEBUG watchfiles.main | 1 change detected: {(<Change.modified: 2>, '/home/niko/Proyectos/C_sol/Vyntra/backend/nohup.out')}
[2026-06-08 11:30:02,193] DEBUG watchfiles.main | 1 change detected: {(<Change.modified: 2>, '/home/niko/Proyectos/C_sol/Vyntra/backend/nohup.out')}
[2026-06-08 11:30:02,545] DEBUG watchfiles.main | 1 change detected: {(<Change.modified: 2>, '/home/niko/Proyectos/C_sol/Vyntra/backend/nohup.out')}
[2026-06-08 11:30:02,897] DEBUG watchfiles.main | 1 change detected: {(<Change.modified: 2>, '/home/niko/Proyectos/C_sol/Vyntra/backend/nohup.out')}
[2026-06-08 11:30:03,248] DEBUG watchfiles.main | 1 change detected: {(<Change.modified: 2>, '/home/niko/Proyectos/C_sol/Vyntra/backend/nohup.out')}
[2026-06-08 11:30:03,600] DEBUG watchfiles.main | 1 change detected: {(<Change.modified: 2>, '/home/niko/Proyectos/C_sol/Vyntra/backend/nohup.out')}
[2026-06-08 11:30:03,952] DEBUG watchfiles.main | 1 change detected: {(<Change.modified: 2>, '/home/niko/Proyectos/C_sol/Vyntra/backend/nohup.out')}
[2026-06-08 11:30:04,304] DEBUG watchfiles.main | 1 change detected: {(<Change.modified: 2>, '/home/niko/Proyectos/C_sol/Vyntra/backend/nohup.out')}
[2026-06-08 11:30:04,656] DEBUG watchfiles.main | 1 change detected: {(<Change.modified: 2>, '/home/niko/Proyectos/C_sol/Vyntra/backend/nohup.out')}
[2026-06-08 11:30:05,008] DEBUG watchfiles.main | 1 change detected: {(<Change.modified: 2>, '/home/niko/Proyectos/C_sol/Vyntra/backend/nohup.out')}
[2026-06-08 11:30:05,360] DEBUG watchfiles.main | 1 change detected: {(<Change.modified: 2>, '/home/niko/Proyectos/C_sol/Vyntra/backend/nohup.out')}
[2026-06-08 11:30:05,714] DEBUG watchfiles.main | 1 change detected: {(<Change.modified: 2>, '/home/niko/Proyectos/C_sol/Vyntra/backend/nohup.out')}
[2026-06-08 11:30:06,066] DEBUG watchfiles.main | 1 change detected: {(<Change.modified: 2>, '/home/niko/Proyectos/C_sol/Vyntra/backend/nohup.out')}
[2026-06-08 11:30:06,418] DEBUG watchfiles.main | 1 change detected: {(<Change.modified: 2>, '/home/niko/Proyectos/C_sol/Vyntra/backend/nohup.out')}
[2026-06-08 11:30:06,770] DEBUG watchfiles.main | 1 change detected: {(<Change.modified: 2>, '/home/niko/Proyectos/C_sol/Vyntra/backend/nohup.out')}
[2026-06-08 11:30:07,122] DEBUG watchfiles.main | 1 change detected: {(<Change.modified: 2>, '/home/niko/Proyectos/C_sol/Vyntra/backend/nohup.out')}
[2026-06-08 11:30:07,475] DEBUG watchfiles.main | 1 change detected: {(<Change.modified: 2>, '/home/niko/Proyectos/C_sol/Vyntra/backend/nohup.out')}
[2026-06-08 11:30:07,828] DEBUG watchfiles.main | 1 change detected: {(<Change.modified: 2>, '/home/niko/Proyectos/C_sol/Vyntra/backend/nohup.out')}
[2026-06-08 11:30:08,180] DEBUG watchfiles.main | 1 change detected: {(<Change.modified: 2>, '/home/niko/Proyectos/C_sol/Vyntra/backend/nohup.out')}
[2026-06-08 11:30:08,531] DEBUG watchfiles.main | 1 change detected: {(<Change.modified: 2>, '/home/niko/Proyectos/C_sol/Vyntra/backend/nohup.out')}
[2026-06-08 11:30:08,884] DEBUG watchfiles.main | 1 change detected: {(<Change.modified: 2>, '/home/niko/Proyectos/C_sol/Vyntra/backend/nohup.out')}
[2026-06-08 11:30:09,236] DEBUG watchfiles.main | 1 change detected: {(<Change.modified: 2>, '/home/niko/Proyectos/C_sol/Vyntra/backend/nohup.out')}
[2026-06-08 11:30:09,588] DEBUG watchfiles.main | 1 change detected: {(<Change.modified: 2>, '/home/niko/Proyectos/C_sol/Vyntra/backend/nohup.out')}
[2026-06-08 11:30:09,940] DEBUG watchfiles.main | 1 change detected: {(<Change.modified: 2>, '/home/niko/Proyectos/C_sol/Vyntra/backend/nohup.out')}
[2026-06-08 11:30:10,292] DEBUG watchfiles.main | 1 change detected: {(<Change.modified: 2>, '/home/niko/Proyectos/C_sol/Vyntra/backend/nohup.out')}
[2026-06-08 11:30:10,643] DEBUG watchfiles.main | 1 change detected: {(<Change.modified: 2>, '/home/niko/Proyectos/C_sol/Vyntra/backend/nohup.out')}
[2026-06-08 11:30:10,995] DEBUG watchfiles.main | 1 change detected: {(<Change.modified: 2>, '/home/niko/Proyectos/C_sol/Vyntra/backend/nohup.out')}
[2026-06-08 11:30:11,348] DEBUG watchfiles.main | 1 change detected: {(<Change.modified: 2>, '/home/niko/Proyectos/C_sol/Vyntra/backend/nohup.out')}
[2026-06-08 11:30:11,700] DEBUG watchfiles.main | 1 change detected: {(<Change.modified: 2>, '/home/niko/Proyectos/C_sol/Vyntra/backend/nohup.out')}
[2026-06-08 11:30:12,052] DEBUG watchfiles.main | 1 change detected: {(<Change.modified: 2>, '/home/niko/Proyectos/C_sol/Vyntra/backend/nohup.out')}
[2026-06-08 11:30:12,404] DEBUG watchfiles.main | 1 change detected: {(<Change.modified: 2>, '/home/niko/Proyectos/C_sol/Vyntra/backend/nohup.out')}
[2026-06-08 11:30:12,756] DEBUG watchfiles.main | 1 change detected: {(<Change.modified: 2>, '/home/niko/Proyectos/C_sol/Vyntra/backend/nohup.out')}
[2026-06-08 11:30:13,109] DEBUG watchfiles.main | 1 change detected: {(<Change.modified: 2>, '/home/niko/Proyectos/C_sol/Vyntra/backend/nohup.out')}
[2026-06-08 11:30:13,461] DEBUG watchfiles.main | 1 change detected: {(<Change.modified: 2>, '/home/niko/Proyectos/C_sol/Vyntra/backend/nohup.out')}
[2026-06-08 11:30:13,813] DEBUG watchfiles.main | 1 change detected: {(<Change.modified: 2>, '/home/niko/Proyectos/C_sol/Vyntra/backend/nohup.out')}
[2026-06-08 11:30:14,165] DEBUG watchfiles.main | 1 change detected: {(<Change.modified: 2>, '/home/niko/Proyectos/C_sol/Vyntra/backend/nohup.out')}
[2026-06-08 11:30:14,517] DEBUG watchfiles.main | 1 change detected: {(<Change.modified: 2>, '/home/niko/Proyectos/C_sol/Vyntra/backend/nohup.out')}
[2026-06-08 11:30:14,869] DEBUG watchfiles.main | 1 change detected: {(<Change.modified: 2>, '/home/niko/Proyectos/C_sol/Vyntra/backend/nohup.out')}
[2026-06-08 11:30:15,221] DEBUG watchfiles.main | 1 change detected: {(<Change.modified: 2>, '/home/niko/Proyectos/C_sol/Vyntra/backend/nohup.out')}
[2026-06-08 11:30:15,573] DEBUG watchfiles.main | 1 change detected: {(<Change.modified: 2>, '/home/niko/Proyectos/C_sol/Vyntra/backend/nohup.out')}
[2026-06-08 11:30:15,925] DEBUG watchfiles.main | 1 change detected: {(<Change.modified: 2>, '/home/niko/Proyectos/C_sol/Vyntra/backend/nohup.out')}
[2026-06-08 11:30:16,277] DEBUG watchfiles.main | 1 change detected: {(<Change.modified: 2>, '/home/niko/Proyectos/C_sol/Vyntra/backend/nohup.out')}
[2026-06-08 11:30:16,628] DEBUG watchfiles.main | 1 change detected: {(<Change.modified: 2>, '/home/niko/Proyectos/C_sol/Vyntra/backend/nohup.out')}
[2026-06-08 11:30:16,980] DEBUG watchfiles.main | 1 change detected: {(<Change.modified: 2>, '/home/niko/Proyectos/C_sol/Vyntra/backend/nohup.out')}
[2026-06-08 11:30:17,332] DEBUG watchfiles.main | 1 change detected: {(<Change.modified: 2>, '/home/niko/Proyectos/C_sol/Vyntra/backend/nohup.out')}
[2026-06-08 11:30:17,684] DEBUG watchfiles.main | 1 change detected: {(<Change.modified: 2>, '/home/niko/Proyectos/C_sol/Vyntra/backend/nohup.out')}
[2026-06-08 11:30:18,036] DEBUG watchfiles.main | 1 change detected: {(<Change.modified: 2>, '/home/niko/Proyectos/C_sol/Vyntra/backend/nohup.out')}
[2026-06-08 11:30:18,388] DEBUG watchfiles.main | 1 change detected: {(<Change.modified: 2>, '/home/niko/Proyectos/C_sol/Vyntra/backend/nohup.out')}
[2026-06-08 11:30:18,740] DEBUG watchfiles.main | 1 change detected: {(<Change.modified: 2>, '/home/niko/Proyectos/C_sol/Vyntra/backend/nohup.out')}
[2026-06-08 11:30:19,092] DEBUG watchfiles.main | 1 change detected: {(<Change.modified: 2>, '/home/niko/Proyectos/C_sol/Vyntra/backend/nohup.out')}
[2026-06-08 11:30:19,444] DEBUG watchfiles.main | 1 change detected: {(<Change.modified: 2>, '/home/niko/Proyectos/C_sol/Vyntra/backend/nohup.out')}
[2026-06-08 11:30:19,796] DEBUG watchfiles.main | 1 change detected: {(<Change.modified: 2>, '/home/niko/Proyectos/C_sol/Vyntra/backend/nohup.out')}
[2026-06-08 11:30:20,148] DEBUG watchfiles.main | 1 change detected: {(<Change.modified: 2>, '/home/niko/Proyectos/C_sol/Vyntra/backend/nohup.out')}
[2026-06-08 11:30:20,499] DEBUG watchfiles.main | 1 change detected: {(<Change.modified: 2>, '/home/niko/Proyectos/C_sol/Vyntra/backend/nohup.out')}
[2026-06-08 11:30:20,851] DEBUG watchfiles.main | 1 change detected: {(<Change.modified: 2>, '/home/niko/Proyectos/C_sol/Vyntra/backend/nohup.out')}
[2026-06-08 11:30:21,203] DEBUG watchfiles.main | 1 change detected: {(<Change.modified: 2>, '/home/niko/Proyectos/C_sol/Vyntra/backend/nohup.out')}
[2026-06-08 11:30:21,555] DEBUG watchfiles.main | 1 change detected: {(<Change.modified: 2>, '/home/niko/Proyectos/C_sol/Vyntra/backend/nohup.out')}
[2026-06-08 11:30:21,907] DEBUG watchfiles.main | 1 change detected: {(<Change.modified: 2>, '/home/niko/Proyectos/C_sol/Vyntra/backend/nohup.out')}
[2026-06-08 11:30:22,259] DEBUG watchfiles.main | 1 change detected: {(<Change.modified: 2>, '/home/niko/Proyectos/C_sol/Vyntra/backend/nohup.out')}
[2026-06-08 11:30:22,612] DEBUG watchfiles.main | 1 change detected: {(<Change.modified: 2>, '/home/niko/Proyectos/C_sol/Vyntra/backend/nohup.out')}
[2026-06-08 11:30:22,964] DEBUG watchfiles.main | 1 change detected: {(<Change.modified: 2>, '/home/niko/Proyectos/C_sol/Vyntra/backend/nohup.out')}
[2026-06-08 11:30:23,316] DEBUG watchfiles.main | 1 change detected: {(<Change.modified: 2>, '/home/niko/Proyectos/C_sol/Vyntra/backend/nohup.out')}
[2026-06-08 11:30:23,668] DEBUG watchfiles.main | 1 change detected: {(<Change.modified: 2>, '/home/niko/Proyectos/C_sol/Vyntra/backend/nohup.out')}
[2026-06-08 11:30:24,020] DEBUG watchfiles.main | 1 change detected: {(<Change.modified: 2>, '/home/niko/Proyectos/C_sol/Vyntra/backend/nohup.out')}
[2026-06-08 11:30:24,372] DEBUG watchfiles.main | 1 change detected: {(<Change.modified: 2>, '/home/niko/Proyectos/C_sol/Vyntra/backend/nohup.out')}
[2026-06-08 11:30:24,724] DEBUG watchfiles.main | 1 change detected: {(<Change.modified: 2>, '/home/niko/Proyectos/C_sol/Vyntra/backend/nohup.out')}
[2026-06-08 11:30:25,076] DEBUG watchfiles.main | 1 change detected: {(<Change.modified: 2>, '/home/niko/Proyectos/C_sol/Vyntra/backend/nohup.out')}
[2026-06-08 11:30:25,428] DEBUG watchfiles.main | 1 change detected: {(<Change.modified: 2>, '/home/niko/Proyectos/C_sol/Vyntra/backend/nohup.out')}
[2026-06-08 11:30:25,780] DEBUG watchfiles.main | 1 change detected: {(<Change.modified: 2>, '/home/niko/Proyectos/C_sol/Vyntra/backend/nohup.out')}
[2026-06-08 11:30:26,131] DEBUG watchfiles.main | 1 change detected: {(<Change.modified: 2>, '/home/niko/Proyectos/C_sol/Vyntra/backend/nohup.out')}
[2026-06-08 11:30:26,483] DEBUG watchfiles.main | 1 change detected: {(<Change.modified: 2>, '/home/niko/Proyectos/C_sol/Vyntra/backend/nohup.out')}
[2026-06-08 11:30:26,835] DEBUG watchfiles.main | 1 change detected: {(<Change.modified: 2>, '/home/niko/Proyectos/C_sol/Vyntra/backend/nohup.out')}
[2026-06-08 11:30:27,187] DEBUG watchfiles.main | 1 change detected: {(<Change.modified: 2>, '/home/niko/Proyectos/C_sol/Vyntra/backend/nohup.out')}
[2026-06-08 11:30:27,540] DEBUG watchfiles.main | 1 change detected: {(<Change.modified: 2>, '/home/niko/Proyectos/C_sol/Vyntra/backend/nohup.out')}
[2026-06-08 11:30:27,892] DEBUG watchfiles.main | 1 change detected: {(<Change.modified: 2>, '/home/niko/Proyectos/C_sol/Vyntra/backend/nohup.out')}
[2026-06-08 11:30:28,244] DEBUG watchfiles.main | 1 change detected: {(<Change.modified: 2>, '/home/niko/Proyectos/C_sol/Vyntra/backend/nohup.out')}
[2026-06-08 11:30:28,596] DEBUG watchfiles.main | 1 change detected: {(<Change.modified: 2>, '/home/niko/Proyectos/C_sol/Vyntra/backend/nohup.out')}
[2026-06-08 11:30:28,948] DEBUG watchfiles.main | 1 change detected: {(<Change.modified: 2>, '/home/niko/Proyectos/C_sol/Vyntra/backend/nohup.out')}
[2026-06-08 11:30:29,300] DEBUG watchfiles.main | 1 change detected: {(<Change.modified: 2>, '/home/niko/Proyectos/C_sol/Vyntra/backend/nohup.out')}
[2026-06-08 11:30:29,652] DEBUG watchfiles.main | 1 change detected: {(<Change.modified: 2>, '/home/niko/Proyectos/C_sol/Vyntra/backend/nohup.out')}
[2026-06-08 11:30:30,005] DEBUG watchfiles.main | 1 change detected: {(<Change.modified: 2>, '/home/niko/Proyectos/C_sol/Vyntra/backend/nohup.out')}
[2026-06-08 11:30:30,357] DEBUG watchfiles.main | 1 change detected: {(<Change.modified: 2>, '/home/niko/Proyectos/C_sol/Vyntra/backend/nohup.out')}
[2026-06-08 11:30:30,709] DEBUG watchfiles.main | 1 change detected: {(<Change.modified: 2>, '/home/niko/Proyectos/C_sol/Vyntra/backend/nohup.out')}
[2026-06-08 11:30:31,060] DEBUG watchfiles.main | 1 change detected: {(<Change.modified: 2>, '/home/niko/Proyectos/C_sol/Vyntra/backend/nohup.out')}
[2026-06-08 11:30:31,412] DEBUG watchfiles.main | 1 change detected: {(<Change.modified: 2>, '/home/niko/Proyectos/C_sol/Vyntra/backend/nohup.out')}
[2026-06-08 11:30:31,673] DEBUG httpcore.http11 | receive_response_body.failed exception=CancelledError("Cancelled via cancel scope 7f900606a810 by <Task pending name='starlette.middleware.base.BaseHTTPMiddleware.__call__.<locals>.call_next.<locals>.coro' coro=<BaseHTTPMiddleware.__call__.<locals>.call_next.<locals>.coro() running at /home/niko/.local/lib/python3.14/site-packages/starlette/middleware/base.py:144> cb=[TaskGroup._spawn.<locals>.task_done() at /home/niko/.local/lib/python3.14/site-packages/anyio/_backends/_asyncio.py:821]>")
[2026-06-08 11:30:31,674] DEBUG httpcore.http11 | response_closed.started
[2026-06-08 11:30:31,675] DEBUG httpcore.http11 | response_closed.complete
[2026-06-08 11:30:31,764] DEBUG watchfiles.main | 1 change detected: {(<Change.modified: 2>, '/home/niko/Proyectos/C_sol/Vyntra/backend/nohup.out')}
[2026-06-08 11:30:32,117] DEBUG watchfiles.main | 1 change detected: {(<Change.modified: 2>, '/home/niko/Proyectos/C_sol/Vyntra/backend/nohup.out')}
[2026-06-08 11:30:32,469] DEBUG watchfiles.main | 1 change detected: {(<Change.modified: 2>, '/home/niko/Proyectos/C_sol/Vyntra/backend/nohup.out')}
[2026-06-08 11:30:32,821] DEBUG watchfiles.main | 1 change detected: {(<Change.modified: 2>, '/home/niko/Proyectos/C_sol/Vyntra/backend/nohup.out')}
[2026-06-08 11:30:33,173] DEBUG watchfiles.main | 1 change detected: {(<Change.modified: 2>, '/home/niko/Proyectos/C_sol/Vyntra/backend/nohup.out')}
[2026-06-08 11:30:33,525] DEBUG watchfiles.main | 1 change detected: {(<Change.modified: 2>, '/home/niko/Proyectos/C_sol/Vyntra/backend/nohup.out')}
[2026-06-08 11:30:33,877] DEBUG watchfiles.main | 1 change detected: {(<Change.modified: 2>, '/home/niko/Proyectos/C_sol/Vyntra/backend/nohup.out')}
[2026-06-08 11:30:34,231] DEBUG watchfiles.main | 1 change detected: {(<Change.modified: 2>, '/home/niko/Proyectos/C_sol/Vyntra/backend/nohup.out')}
[2026-06-08 11:30:34,584] DEBUG watchfiles.main | 1 change detected: {(<Change.modified: 2>, '/home/niko/Proyectos/C_sol/Vyntra/backend/nohup.out')}
[2026-06-08 11:30:34,936] DEBUG watchfiles.main | 1 change detected: {(<Change.modified: 2>, '/home/niko/Proyectos/C_sol/Vyntra/backend/nohup.out')}
[2026-06-08 11:30:35,288] DEBUG watchfiles.main | 1 change detected: {(<Change.modified: 2>, '/home/niko/Proyectos/C_sol/Vyntra/backend/nohup.out')}
[2026-06-08 11:30:35,641] DEBUG watchfiles.main | 1 change detected: {(<Change.modified: 2>, '/home/niko/Proyectos/C_sol/Vyntra/backend/nohup.out')}
[2026-06-08 11:30:35,998] DEBUG watchfiles.main | 1 change detected: {(<Change.modified: 2>, '/home/niko/Proyectos/C_sol/Vyntra/backend/nohup.out')}
[2026-06-08 11:30:36,354] DEBUG watchfiles.main | 1 change detected: {(<Change.modified: 2>, '/home/niko/Proyectos/C_sol/Vyntra/backend/nohup.out')}
[2026-06-08 11:30:36,713] DEBUG watchfiles.main | 1 change detected: {(<Change.modified: 2>, '/home/niko/Proyectos/C_sol/Vyntra/backend/nohup.out')}
[2026-06-08 11:30:37,068] DEBUG watchfiles.main | 1 change detected: {(<Change.modified: 2>, '/home/niko/Proyectos/C_sol/Vyntra/backend/nohup.out')}
[2026-06-08 11:30:37,420] DEBUG watchfiles.main | 1 change detected: {(<Change.modified: 2>, '/home/niko/Proyectos/C_sol/Vyntra/backend/nohup.out')}
[2026-06-08 11:30:37,773] DEBUG watchfiles.main | 1 change detected: {(<Change.modified: 2>, '/home/niko/Proyectos/C_sol/Vyntra/backend/nohup.out')}
[2026-06-08 11:30:38,125] DEBUG watchfiles.main | 1 change detected: {(<Change.modified: 2>, '/home/niko/Proyectos/C_sol/Vyntra/backend/nohup.out')}
[2026-06-08 11:30:38,477] DEBUG watchfiles.main | 1 change detected: {(<Change.modified: 2>, '/home/niko/Proyectos/C_sol/Vyntra/backend/nohup.out')}
[2026-06-08 11:30:38,829] DEBUG watchfiles.main | 1 change detected: {(<Change.modified: 2>, '/home/niko/Proyectos/C_sol/Vyntra/backend/nohup.out')}
[2026-06-08 11:30:39,181] DEBUG watchfiles.main | 1 change detected: {(<Change.modified: 2>, '/home/niko/Proyectos/C_sol/Vyntra/backend/nohup.out')}
[2026-06-08 11:30:39,533] DEBUG watchfiles.main | 1 change detected: {(<Change.modified: 2>, '/home/niko/Proyectos/C_sol/Vyntra/backend/nohup.out')}
[2026-06-08 11:30:39,885] DEBUG watchfiles.main | 1 change detected: {(<Change.modified: 2>, '/home/niko/Proyectos/C_sol/Vyntra/backend/nohup.out')}
[2026-06-08 11:30:40,237] DEBUG watchfiles.main | 1 change detected: {(<Change.modified: 2>, '/home/niko/Proyectos/C_sol/Vyntra/backend/nohup.out')}
[2026-06-08 11:30:40,589] DEBUG watchfiles.main | 1 change detected: {(<Change.modified: 2>, '/home/niko/Proyectos/C_sol/Vyntra/backend/nohup.out')}
[2026-06-08 11:30:40,941] DEBUG watchfiles.main | 1 change detected: {(<Change.modified: 2>, '/home/niko/Proyectos/C_sol/Vyntra/backend/nohup.out')}
[2026-06-08 11:30:41,293] DEBUG watchfiles.main | 1 change detected: {(<Change.modified: 2>, '/home/niko/Proyectos/C_sol/Vyntra/backend/nohup.out')}
[2026-06-08 11:30:41,646] DEBUG watchfiles.main | 1 change detected: {(<Change.modified: 2>, '/home/niko/Proyectos/C_sol/Vyntra/backend/nohup.out')}
[2026-06-08 11:30:41,998] DEBUG watchfiles.main | 1 change detected: {(<Change.modified: 2>, '/home/niko/Proyectos/C_sol/Vyntra/backend/nohup.out')}
[2026-06-08 11:30:42,350] DEBUG watchfiles.main | 1 change detected: {(<Change.modified: 2>, '/home/niko/Proyectos/C_sol/Vyntra/backend/nohup.out')}
[2026-06-08 11:30:42,702] DEBUG watchfiles.main | 1 change detected: {(<Change.modified: 2>, '/home/niko/Proyectos/C_sol/Vyntra/backend/nohup.out')}
[2026-06-08 11:30:43,054] DEBUG watchfiles.main | 1 change detected: {(<Change.modified: 2>, '/home/niko/Proyectos/C_sol/Vyntra/backend/nohup.out')}
[2026-06-08 11:30:43,406] DEBUG watchfiles.main | 1 change detected: {(<Change.modified: 2>, '/home/niko/Proyectos/C_sol/Vyntra/backend/nohup.out')}
[2026-06-08 11:30:43,758] DEBUG watchfiles.main | 1 change detected: {(<Change.modified: 2>, '/home/niko/Proyectos/C_sol/Vyntra/backend/nohup.out')}
[2026-06-08 11:30:44,110] DEBUG watchfiles.main | 1 change detected: {(<Change.modified: 2>, '/home/niko/Proyectos/C_sol/Vyntra/backend/nohup.out')}
[2026-06-08 11:30:44,462] DEBUG watchfiles.main | 1 change detected: {(<Change.modified: 2>, '/home/niko/Proyectos/C_sol/Vyntra/backend/nohup.out')}
[2026-06-08 11:30:44,815] DEBUG watchfiles.main | 1 change detected: {(<Change.modified: 2>, '/home/niko/Proyectos/C_sol/Vyntra/backend/nohup.out')}
[2026-06-08 11:30:45,167] DEBUG watchfiles.main | 1 change detected: {(<Change.modified: 2>, '/home/niko/Proyectos/C_sol/Vyntra/backend/nohup.out')}
[2026-06-08 11:30:45,518] DEBUG watchfiles.main | 1 change detected: {(<Change.modified: 2>, '/home/niko/Proyectos/C_sol/Vyntra/backend/nohup.out')}
[2026-06-08 11:30:45,873] DEBUG watchfiles.main | 1 change detected: {(<Change.modified: 2>, '/home/niko/Proyectos/C_sol/Vyntra/backend/nohup.out')}
[2026-06-08 11:30:46,225] DEBUG watchfiles.main | 1 change detected: {(<Change.modified: 2>, '/home/niko/Proyectos/C_sol/Vyntra/backend/nohup.out')}
[2026-06-08 11:30:46,577] DEBUG watchfiles.main | 1 change detected: {(<Change.modified: 2>, '/home/niko/Proyectos/C_sol/Vyntra/backend/nohup.out')}
[2026-06-08 11:30:46,931] DEBUG watchfiles.main | 1 change detected: {(<Change.modified: 2>, '/home/niko/Proyectos/C_sol/Vyntra/backend/nohup.out')}
[2026-06-08 11:30:47,283] DEBUG watchfiles.main | 1 change detected: {(<Change.modified: 2>, '/home/niko/Proyectos/C_sol/Vyntra/backend/nohup.out')}
[2026-06-08 11:30:47,635] DEBUG watchfiles.main | 1 change detected: {(<Change.modified: 2>, '/home/niko/Proyectos/C_sol/Vyntra/backend/nohup.out')}
[2026-06-08 11:30:47,988] DEBUG watchfiles.main | 1 change detected: {(<Change.modified: 2>, '/home/niko/Proyectos/C_sol/Vyntra/backend/nohup.out')}
[2026-06-08 11:30:48,341] DEBUG watchfiles.main | 1 change detected: {(<Change.modified: 2>, '/home/niko/Proyectos/C_sol/Vyntra/backend/nohup.out')}
[2026-06-08 11:30:48,693] DEBUG watchfiles.main | 1 change detected: {(<Change.modified: 2>, '/home/niko/Proyectos/C_sol/Vyntra/backend/nohup.out')}
[2026-06-08 11:30:49,045] DEBUG watchfiles.main | 1 change detected: {(<Change.modified: 2>, '/home/niko/Proyectos/C_sol/Vyntra/backend/nohup.out')}
[2026-06-08 11:30:49,398] DEBUG watchfiles.main | 1 change detected: {(<Change.modified: 2>, '/home/niko/Proyectos/C_sol/Vyntra/backend/nohup.out')}
[2026-06-08 11:30:49,749] DEBUG watchfiles.main | 1 change detected: {(<Change.modified: 2>, '/home/niko/Proyectos/C_sol/Vyntra/backend/nohup.out')}
[2026-06-08 11:30:50,102] DEBUG watchfiles.main | 1 change detected: {(<Change.modified: 2>, '/home/niko/Proyectos/C_sol/Vyntra/backend/nohup.out')}
[2026-06-08 11:30:50,454] DEBUG watchfiles.main | 1 change detected: {(<Change.modified: 2>, '/home/niko/Proyectos/C_sol/Vyntra/backend/nohup.out')}
[2026-06-08 11:30:50,806] DEBUG watchfiles.main | 1 change detected: {(<Change.modified: 2>, '/home/niko/Proyectos/C_sol/Vyntra/backend/nohup.out')}
[2026-06-08 11:30:51,158] DEBUG watchfiles.main | 1 change detected: {(<Change.modified: 2>, '/home/niko/Proyectos/C_sol/Vyntra/backend/nohup.out')}
[2026-06-08 11:30:51,510] DEBUG watchfiles.main | 1 change detected: {(<Change.modified: 2>, '/home/niko/Proyectos/C_sol/Vyntra/backend/nohup.out')}
[2026-06-08 11:30:51,861] DEBUG watchfiles.main | 1 change detected: {(<Change.modified: 2>, '/home/niko/Proyectos/C_sol/Vyntra/backend/nohup.out')}
[2026-06-08 11:30:52,214] DEBUG watchfiles.main | 1 change detected: {(<Change.modified: 2>, '/home/niko/Proyectos/C_sol/Vyntra/backend/nohup.out')}
[2026-06-08 11:30:52,569] DEBUG watchfiles.main | 1 change detected: {(<Change.modified: 2>, '/home/niko/Proyectos/C_sol/Vyntra/backend/nohup.out')}
[2026-06-08 11:30:52,921] DEBUG watchfiles.main | 1 change detected: {(<Change.modified: 2>, '/home/niko/Proyectos/C_sol/Vyntra/backend/nohup.out')}
[2026-06-08 11:30:53,273] DEBUG watchfiles.main | 1 change detected: {(<Change.modified: 2>, '/home/niko/Proyectos/C_sol/Vyntra/backend/nohup.out')}
[2026-06-08 11:30:53,625] DEBUG watchfiles.main | 1 change detected: {(<Change.modified: 2>, '/home/niko/Proyectos/C_sol/Vyntra/backend/nohup.out')}
[2026-06-08 11:30:53,977] DEBUG watchfiles.main | 1 change detected: {(<Change.modified: 2>, '/home/niko/Proyectos/C_sol/Vyntra/backend/nohup.out')}
[2026-06-08 11:30:54,329] DEBUG watchfiles.main | 1 change detected: {(<Change.modified: 2>, '/home/niko/Proyectos/C_sol/Vyntra/backend/nohup.out')}
[2026-06-08 11:30:54,682] DEBUG watchfiles.main | 1 change detected: {(<Change.modified: 2>, '/home/niko/Proyectos/C_sol/Vyntra/backend/nohup.out')}
[2026-06-08 11:30:55,034] DEBUG watchfiles.main | 1 change detected: {(<Change.modified: 2>, '/home/niko/Proyectos/C_sol/Vyntra/backend/nohup.out')}
[2026-06-08 11:30:55,387] DEBUG watchfiles.main | 1 change detected: {(<Change.modified: 2>, '/home/niko/Proyectos/C_sol/Vyntra/backend/nohup.out')}
[2026-06-08 11:30:55,739] DEBUG watchfiles.main | 1 change detected: {(<Change.modified: 2>, '/home/niko/Proyectos/C_sol/Vyntra/backend/nohup.out')}
[2026-06-08 11:30:56,091] DEBUG watchfiles.main | 1 change detected: {(<Change.modified: 2>, '/home/niko/Proyectos/C_sol/Vyntra/backend/nohup.out')}
[2026-06-08 11:30:56,444] DEBUG watchfiles.main | 1 change detected: {(<Change.modified: 2>, '/home/niko/Proyectos/C_sol/Vyntra/backend/nohup.out')}
[2026-06-08 11:30:56,796] DEBUG watchfiles.main | 1 change detected: {(<Change.modified: 2>, '/home/niko/Proyectos/C_sol/Vyntra/backend/nohup.out')}
[2026-06-08 11:30:57,148] DEBUG watchfiles.main | 1 change detected: {(<Change.modified: 2>, '/home/niko/Proyectos/C_sol/Vyntra/backend/nohup.out')}
[2026-06-08 11:30:57,500] DEBUG watchfiles.main | 1 change detected: {(<Change.modified: 2>, '/home/niko/Proyectos/C_sol/Vyntra/backend/nohup.out')}
[2026-06-08 11:30:57,852] DEBUG watchfiles.main | 1 change detected: {(<Change.modified: 2>, '/home/niko/Proyectos/C_sol/Vyntra/backend/nohup.out')}
[2026-06-08 11:30:58,207] DEBUG watchfiles.main | 1 change detected: {(<Change.modified: 2>, '/home/niko/Proyectos/C_sol/Vyntra/backend/nohup.out')}
[2026-06-08 11:30:58,558] DEBUG watchfiles.main | 1 change detected: {(<Change.modified: 2>, '/home/niko/Proyectos/C_sol/Vyntra/backend/nohup.out')}
[2026-06-08 11:30:58,911] DEBUG watchfiles.main | 1 change detected: {(<Change.modified: 2>, '/home/niko/Proyectos/C_sol/Vyntra/backend/nohup.out')}
[2026-06-08 11:30:59,263] DEBUG watchfiles.main | 1 change detected: {(<Change.modified: 2>, '/home/niko/Proyectos/C_sol/Vyntra/backend/nohup.out')}
[2026-06-08 11:30:59,615] DEBUG watchfiles.main | 1 change detected: {(<Change.modified: 2>, '/home/niko/Proyectos/C_sol/Vyntra/backend/nohup.out')}
[2026-06-08 11:30:59,968] DEBUG watchfiles.main | 1 change detected: {(<Change.modified: 2>, '/home/niko/Proyectos/C_sol/Vyntra/backend/nohup.out')}
[2026-06-08 11:31:00,320] DEBUG watchfiles.main | 1 change detected: {(<Change.modified: 2>, '/home/niko/Proyectos/C_sol/Vyntra/backend/nohup.out')}
[2026-06-08 11:31:00,672] DEBUG watchfiles.main | 1 change detected: {(<Change.modified: 2>, '/home/niko/Proyectos/C_sol/Vyntra/backend/nohup.out')}
[2026-06-08 11:31:01,024] DEBUG watchfiles.main | 1 change detected: {(<Change.modified: 2>, '/home/niko/Proyectos/C_sol/Vyntra/backend/nohup.out')}
[2026-06-08 11:31:01,376] DEBUG watchfiles.main | 1 change detected: {(<Change.modified: 2>, '/home/niko/Proyectos/C_sol/Vyntra/backend/nohup.out')}
[2026-06-08 11:31:01,728] DEBUG watchfiles.main | 1 change detected: {(<Change.modified: 2>, '/home/niko/Proyectos/C_sol/Vyntra/backend/nohup.out')}
[2026-06-08 11:31:02,080] DEBUG watchfiles.main | 1 change detected: {(<Change.modified: 2>, '/home/niko/Proyectos/C_sol/Vyntra/backend/nohup.out')}
[2026-06-08 11:31:02,432] DEBUG watchfiles.main | 1 change detected: {(<Change.modified: 2>, '/home/niko/Proyectos/C_sol/Vyntra/backend/nohup.out')}
[2026-06-08 11:31:02,784] DEBUG watchfiles.main | 1 change detected: {(<Change.modified: 2>, '/home/niko/Proyectos/C_sol/Vyntra/backend/nohup.out')}
[2026-06-08 11:31:03,136] DEBUG watchfiles.main | 1 change detected: {(<Change.modified: 2>, '/home/niko/Proyectos/C_sol/Vyntra/backend/nohup.out')}
[2026-06-08 11:31:03,488] DEBUG watchfiles.main | 1 change detected: {(<Change.modified: 2>, '/home/niko/Proyectos/C_sol/Vyntra/backend/nohup.out')}
[2026-06-08 11:31:03,840] DEBUG watchfiles.main | 1 change detected: {(<Change.modified: 2>, '/home/niko/Proyectos/C_sol/Vyntra/backend/nohup.out')}
[2026-06-08 11:31:04,192] DEBUG watchfiles.main | 1 change detected: {(<Change.modified: 2>, '/home/niko/Proyectos/C_sol/Vyntra/backend/nohup.out')}
[2026-06-08 11:31:04,544] DEBUG watchfiles.main | 1 change detected: {(<Change.modified: 2>, '/home/niko/Proyectos/C_sol/Vyntra/backend/nohup.out')}
[2026-06-08 11:31:04,897] DEBUG watchfiles.main | 1 change detected: {(<Change.modified: 2>, '/home/niko/Proyectos/C_sol/Vyntra/backend/nohup.out')}
[2026-06-08 11:31:05,249] DEBUG watchfiles.main | 1 change detected: {(<Change.modified: 2>, '/home/niko/Proyectos/C_sol/Vyntra/backend/nohup.out')}
[2026-06-08 11:31:05,600] DEBUG watchfiles.main | 1 change detected: {(<Change.modified: 2>, '/home/niko/Proyectos/C_sol/Vyntra/backend/nohup.out')}
[2026-06-08 11:31:05,952] DEBUG watchfiles.main | 1 change detected: {(<Change.modified: 2>, '/home/niko/Proyectos/C_sol/Vyntra/backend/nohup.out')}
[2026-06-08 11:31:06,304] DEBUG watchfiles.main | 1 change detected: {(<Change.modified: 2>, '/home/niko/Proyectos/C_sol/Vyntra/backend/nohup.out')}
[2026-06-08 11:31:06,656] DEBUG watchfiles.main | 1 change detected: {(<Change.modified: 2>, '/home/niko/Proyectos/C_sol/Vyntra/backend/nohup.out')}
[2026-06-08 11:31:07,008] DEBUG watchfiles.main | 1 change detected: {(<Change.modified: 2>, '/home/niko/Proyectos/C_sol/Vyntra/backend/nohup.out')}
[2026-06-08 11:31:07,361] DEBUG watchfiles.main | 1 change detected: {(<Change.modified: 2>, '/home/niko/Proyectos/C_sol/Vyntra/backend/nohup.out')}
[2026-06-08 11:31:07,713] DEBUG watchfiles.main | 1 change detected: {(<Change.modified: 2>, '/home/niko/Proyectos/C_sol/Vyntra/backend/nohup.out')}
[2026-06-08 11:31:08,065] DEBUG watchfiles.main | 1 change detected: {(<Change.modified: 2>, '/home/niko/Proyectos/C_sol/Vyntra/backend/nohup.out')}
[2026-06-08 11:31:08,417] DEBUG watchfiles.main | 1 change detected: {(<Change.modified: 2>, '/home/niko/Proyectos/C_sol/Vyntra/backend/nohup.out')}
[2026-06-08 11:31:08,769] DEBUG watchfiles.main | 1 change detected: {(<Change.modified: 2>, '/home/niko/Proyectos/C_sol/Vyntra/backend/nohup.out')}
[2026-06-08 11:31:09,121] DEBUG watchfiles.main | 1 change detected: {(<Change.modified: 2>, '/home/niko/Proyectos/C_sol/Vyntra/backend/nohup.out')}
[2026-06-08 11:31:09,473] DEBUG watchfiles.main | 1 change detected: {(<Change.modified: 2>, '/home/niko/Proyectos/C_sol/Vyntra/backend/nohup.out')}
[2026-06-08 11:31:09,825] DEBUG watchfiles.main | 1 change detected: {(<Change.modified: 2>, '/home/niko/Proyectos/C_sol/Vyntra/backend/nohup.out')}
[2026-06-08 11:31:10,176] DEBUG watchfiles.main | 1 change detected: {(<Change.modified: 2>, '/home/niko/Proyectos/C_sol/Vyntra/backend/nohup.out')}
[2026-06-08 11:31:10,528] DEBUG watchfiles.main | 1 change detected: {(<Change.modified: 2>, '/home/niko/Proyectos/C_sol/Vyntra/backend/nohup.out')}
[2026-06-08 11:31:10,880] DEBUG watchfiles.main | 1 change detected: {(<Change.modified: 2>, '/home/niko/Proyectos/C_sol/Vyntra/backend/nohup.out')}
[2026-06-08 11:31:11,232] DEBUG watchfiles.main | 1 change detected: {(<Change.modified: 2>, '/home/niko/Proyectos/C_sol/Vyntra/backend/nohup.out')}
[2026-06-08 11:31:11,584] DEBUG watchfiles.main | 1 change detected: {(<Change.modified: 2>, '/home/niko/Proyectos/C_sol/Vyntra/backend/nohup.out')}
[2026-06-08 11:31:11,936] DEBUG watchfiles.main | 1 change detected: {(<Change.modified: 2>, '/home/niko/Proyectos/C_sol/Vyntra/backend/nohup.out')}
[2026-06-08 11:31:12,288] DEBUG watchfiles.main | 1 change detected: {(<Change.modified: 2>, '/home/niko/Proyectos/C_sol/Vyntra/backend/nohup.out')}
[2026-06-08 11:31:12,640] DEBUG watchfiles.main | 1 change detected: {(<Change.modified: 2>, '/home/niko/Proyectos/C_sol/Vyntra/backend/nohup.out')}
[2026-06-08 11:31:12,992] DEBUG watchfiles.main | 1 change detected: {(<Change.modified: 2>, '/home/niko/Proyectos/C_sol/Vyntra/backend/nohup.out')}
[2026-06-08 11:31:13,344] DEBUG watchfiles.main | 1 change detected: {(<Change.modified: 2>, '/home/niko/Proyectos/C_sol/Vyntra/backend/nohup.out')}
[2026-06-08 11:31:13,696] DEBUG watchfiles.main | 1 change detected: {(<Change.modified: 2>, '/home/niko/Proyectos/C_sol/Vyntra/backend/nohup.out')}
[2026-06-08 11:31:14,048] DEBUG watchfiles.main | 1 change detected: {(<Change.modified: 2>, '/home/niko/Proyectos/C_sol/Vyntra/backend/nohup.out')}
[2026-06-08 11:31:14,400] DEBUG watchfiles.main | 1 change detected: {(<Change.modified: 2>, '/home/niko/Proyectos/C_sol/Vyntra/backend/nohup.out')}
[2026-06-08 11:31:14,752] DEBUG watchfiles.main | 1 change detected: {(<Change.modified: 2>, '/home/niko/Proyectos/C_sol/Vyntra/backend/nohup.out')}
[2026-06-08 11:31:15,107] DEBUG watchfiles.main | 1 change detected: {(<Change.modified: 2>, '/home/niko/Proyectos/C_sol/Vyntra/backend/nohup.out')}
[2026-06-08 11:31:15,459] DEBUG watchfiles.main | 1 change detected: {(<Change.modified: 2>, '/home/niko/Proyectos/C_sol/Vyntra/backend/nohup.out')}
[2026-06-08 11:31:15,811] DEBUG watchfiles.main | 1 change detected: {(<Change.modified: 2>, '/home/niko/Proyectos/C_sol/Vyntra/backend/nohup.out')}
[2026-06-08 11:31:16,163] DEBUG watchfiles.main | 1 change detected: {(<Change.modified: 2>, '/home/niko/Proyectos/C_sol/Vyntra/backend/nohup.out')}
[2026-06-08 11:31:16,515] DEBUG watchfiles.main | 1 change detected: {(<Change.modified: 2>, '/home/niko/Proyectos/C_sol/Vyntra/backend/nohup.out')}
[2026-06-08 11:31:16,867] DEBUG watchfiles.main | 1 change detected: {(<Change.modified: 2>, '/home/niko/Proyectos/C_sol/Vyntra/backend/nohup.out')}
[2026-06-08 11:31:17,219] DEBUG watchfiles.main | 1 change detected: {(<Change.modified: 2>, '/home/niko/Proyectos/C_sol/Vyntra/backend/nohup.out')}
[2026-06-08 11:31:17,572] DEBUG watchfiles.main | 1 change detected: {(<Change.modified: 2>, '/home/niko/Proyectos/C_sol/Vyntra/backend/nohup.out')}
[2026-06-08 11:31:17,924] DEBUG watchfiles.main | 1 change detected: {(<Change.modified: 2>, '/home/niko/Proyectos/C_sol/Vyntra/backend/nohup.out')}
[2026-06-08 11:31:18,277] DEBUG watchfiles.main | 1 change detected: {(<Change.modified: 2>, '/home/niko/Proyectos/C_sol/Vyntra/backend/nohup.out')}
[2026-06-08 11:31:18,629] DEBUG watchfiles.main | 1 change detected: {(<Change.modified: 2>, '/home/niko/Proyectos/C_sol/Vyntra/backend/nohup.out')}
[2026-06-08 11:31:18,981] DEBUG watchfiles.main | 1 change detected: {(<Change.modified: 2>, '/home/niko/Proyectos/C_sol/Vyntra/backend/nohup.out')}
[2026-06-08 11:31:19,333] DEBUG watchfiles.main | 1 change detected: {(<Change.modified: 2>, '/home/niko/Proyectos/C_sol/Vyntra/backend/nohup.out')}
[2026-06-08 11:31:19,685] DEBUG watchfiles.main | 1 change detected: {(<Change.modified: 2>, '/home/niko/Proyectos/C_sol/Vyntra/backend/nohup.out')}
[2026-06-08 11:31:20,038] DEBUG watchfiles.main | 1 change detected: {(<Change.modified: 2>, '/home/niko/Proyectos/C_sol/Vyntra/backend/nohup.out')}
[2026-06-08 11:31:20,390] DEBUG watchfiles.main | 1 change detected: {(<Change.modified: 2>, '/home/niko/Proyectos/C_sol/Vyntra/backend/nohup.out')}
[2026-06-08 11:31:20,742] DEBUG watchfiles.main | 1 change detected: {(<Change.modified: 2>, '/home/niko/Proyectos/C_sol/Vyntra/backend/nohup.out')}
[2026-06-08 11:31:21,094] DEBUG watchfiles.main | 1 change detected: {(<Change.modified: 2>, '/home/niko/Proyectos/C_sol/Vyntra/backend/nohup.out')}
[2026-06-08 11:31:21,446] DEBUG watchfiles.main | 1 change detected: {(<Change.modified: 2>, '/home/niko/Proyectos/C_sol/Vyntra/backend/nohup.out')}
[2026-06-08 11:31:21,798] DEBUG watchfiles.main | 1 change detected: {(<Change.modified: 2>, '/home/niko/Proyectos/C_sol/Vyntra/backend/nohup.out')}
[2026-06-08 11:31:22,149] DEBUG watchfiles.main | 1 change detected: {(<Change.modified: 2>, '/home/niko/Proyectos/C_sol/Vyntra/backend/nohup.out')}
[2026-06-08 11:31:22,501] DEBUG watchfiles.main | 1 change detected: {(<Change.modified: 2>, '/home/niko/Proyectos/C_sol/Vyntra/backend/nohup.out')}
[2026-06-08 11:31:22,853] DEBUG watchfiles.main | 1 change detected: {(<Change.modified: 2>, '/home/niko/Proyectos/C_sol/Vyntra/backend/nohup.out')}
[2026-06-08 11:31:23,206] DEBUG watchfiles.main | 1 change detected: {(<Change.modified: 2>, '/home/niko/Proyectos/C_sol/Vyntra/backend/nohup.out')}
[2026-06-08 11:31:23,557] DEBUG watchfiles.main | 1 change detected: {(<Change.modified: 2>, '/home/niko/Proyectos/C_sol/Vyntra/backend/nohup.out')}
[2026-06-08 11:31:23,909] DEBUG watchfiles.main | 1 change detected: {(<Change.modified: 2>, '/home/niko/Proyectos/C_sol/Vyntra/backend/nohup.out')}
[2026-06-08 11:31:24,261] DEBUG watchfiles.main | 1 change detected: {(<Change.modified: 2>, '/home/niko/Proyectos/C_sol/Vyntra/backend/nohup.out')}
[2026-06-08 11:31:24,613] DEBUG watchfiles.main | 1 change detected: {(<Change.modified: 2>, '/home/niko/Proyectos/C_sol/Vyntra/backend/nohup.out')}
[2026-06-08 11:31:24,965] DEBUG watchfiles.main | 1 change detected: {(<Change.modified: 2>, '/home/niko/Proyectos/C_sol/Vyntra/backend/nohup.out')}
[2026-06-08 11:31:25,317] DEBUG watchfiles.main | 1 change detected: {(<Change.modified: 2>, '/home/niko/Proyectos/C_sol/Vyntra/backend/nohup.out')}
[2026-06-08 11:31:25,669] DEBUG watchfiles.main | 1 change detected: {(<Change.modified: 2>, '/home/niko/Proyectos/C_sol/Vyntra/backend/nohup.out')}
[2026-06-08 11:31:26,021] DEBUG watchfiles.main | 1 change detected: {(<Change.modified: 2>, '/home/niko/Proyectos/C_sol/Vyntra/backend/nohup.out')}
[2026-06-08 11:31:26,373] DEBUG watchfiles.main | 1 change detected: {(<Change.modified: 2>, '/home/niko/Proyectos/C_sol/Vyntra/backend/nohup.out')}
[2026-06-08 11:31:26,725] DEBUG watchfiles.main | 1 change detected: {(<Change.modified: 2>, '/home/niko/Proyectos/C_sol/Vyntra/backend/nohup.out')}
[2026-06-08 11:31:27,077] DEBUG watchfiles.main | 1 change detected: {(<Change.modified: 2>, '/home/niko/Proyectos/C_sol/Vyntra/backend/nohup.out')}
[2026-06-08 11:31:27,429] DEBUG watchfiles.main | 1 change detected: {(<Change.modified: 2>, '/home/niko/Proyectos/C_sol/Vyntra/backend/nohup.out')}
[2026-06-08 11:31:27,781] DEBUG watchfiles.main | 1 change detected: {(<Change.modified: 2>, '/home/niko/Proyectos/C_sol/Vyntra/backend/nohup.out')}
[2026-06-08 11:31:28,133] DEBUG watchfiles.main | 1 change detected: {(<Change.modified: 2>, '/home/niko/Proyectos/C_sol/Vyntra/backend/nohup.out')}
[2026-06-08 11:31:28,485] DEBUG watchfiles.main | 1 change detected: {(<Change.modified: 2>, '/home/niko/Proyectos/C_sol/Vyntra/backend/nohup.out')}
[2026-06-08 11:31:28,837] DEBUG watchfiles.main | 1 change detected: {(<Change.modified: 2>, '/home/niko/Proyectos/C_sol/Vyntra/backend/nohup.out')}
[2026-06-08 11:31:29,189] DEBUG watchfiles.main | 1 change detected: {(<Change.modified: 2>, '/home/niko/Proyectos/C_sol/Vyntra/backend/nohup.out')}
[2026-06-08 11:31:29,541] DEBUG watchfiles.main | 1 change detected: {(<Change.modified: 2>, '/home/niko/Proyectos/C_sol/Vyntra/backend/nohup.out')}
[2026-06-08 11:31:29,893] DEBUG watchfiles.main | 1 change detected: {(<Change.modified: 2>, '/home/niko/Proyectos/C_sol/Vyntra/backend/nohup.out')}
[2026-06-08 11:31:30,245] DEBUG watchfiles.main | 1 change detected: {(<Change.modified: 2>, '/home/niko/Proyectos/C_sol/Vyntra/backend/nohup.out')}
[2026-06-08 11:31:30,597] DEBUG watchfiles.main | 1 change detected: {(<Change.modified: 2>, '/home/niko/Proyectos/C_sol/Vyntra/backend/nohup.out')}
[2026-06-08 11:31:30,949] DEBUG watchfiles.main | 1 change detected: {(<Change.modified: 2>, '/home/niko/Proyectos/C_sol/Vyntra/backend/nohup.out')}
[2026-06-08 11:31:31,301] DEBUG watchfiles.main | 1 change detected: {(<Change.modified: 2>, '/home/niko/Proyectos/C_sol/Vyntra/backend/nohup.out')}
[2026-06-08 11:31:31,653] DEBUG watchfiles.main | 1 change detected: {(<Change.modified: 2>, '/home/niko/Proyectos/C_sol/Vyntra/backend/nohup.out')}
[2026-06-08 11:31:32,005] DEBUG watchfiles.main | 1 change detected: {(<Change.modified: 2>, '/home/niko/Proyectos/C_sol/Vyntra/backend/nohup.out')}
[2026-06-08 11:31:32,357] DEBUG watchfiles.main | 1 change detected: {(<Change.modified: 2>, '/home/niko/Proyectos/C_sol/Vyntra/backend/nohup.out')}
[2026-06-08 11:31:32,709] DEBUG watchfiles.main | 1 change detected: {(<Change.modified: 2>, '/home/niko/Proyectos/C_sol/Vyntra/backend/nohup.out')}
[2026-06-08 11:31:33,061] DEBUG watchfiles.main | 1 change detected: {(<Change.modified: 2>, '/home/niko/Proyectos/C_sol/Vyntra/backend/nohup.out')}
[2026-06-08 11:31:33,413] DEBUG watchfiles.main | 1 change detected: {(<Change.modified: 2>, '/home/niko/Proyectos/C_sol/Vyntra/backend/nohup.out')}
[2026-06-08 11:31:33,765] DEBUG watchfiles.main | 1 change detected: {(<Change.modified: 2>, '/home/niko/Proyectos/C_sol/Vyntra/backend/nohup.out')}
[2026-06-08 11:31:34,118] DEBUG watchfiles.main | 1 change detected: {(<Change.modified: 2>, '/home/niko/Proyectos/C_sol/Vyntra/backend/nohup.out')}
[2026-06-08 11:31:34,470] DEBUG watchfiles.main | 1 change detected: {(<Change.modified: 2>, '/home/niko/Proyectos/C_sol/Vyntra/backend/nohup.out')}
[2026-06-08 11:31:34,822] DEBUG watchfiles.main | 1 change detected: {(<Change.modified: 2>, '/home/niko/Proyectos/C_sol/Vyntra/backend/nohup.out')}
[2026-06-08 11:31:35,174] DEBUG watchfiles.main | 1 change detected: {(<Change.modified: 2>, '/home/niko/Proyectos/C_sol/Vyntra/backend/nohup.out')}
[2026-06-08 11:31:35,526] DEBUG watchfiles.main | 1 change detected: {(<Change.modified: 2>, '/home/niko/Proyectos/C_sol/Vyntra/backend/nohup.out')}
[2026-06-08 11:31:35,878] DEBUG watchfiles.main | 1 change detected: {(<Change.modified: 2>, '/home/niko/Proyectos/C_sol/Vyntra/backend/nohup.out')}
[2026-06-08 11:31:36,230] DEBUG watchfiles.main | 1 change detected: {(<Change.modified: 2>, '/home/niko/Proyectos/C_sol/Vyntra/backend/nohup.out')}
[2026-06-08 11:31:36,582] DEBUG watchfiles.main | 1 change detected: {(<Change.modified: 2>, '/home/niko/Proyectos/C_sol/Vyntra/backend/nohup.out')}
[2026-06-08 11:31:36,934] DEBUG watchfiles.main | 1 change detected: {(<Change.modified: 2>, '/home/niko/Proyectos/C_sol/Vyntra/backend/nohup.out')}
[2026-06-08 11:31:37,285] DEBUG watchfiles.main | 1 change detected: {(<Change.modified: 2>, '/home/niko/Proyectos/C_sol/Vyntra/backend/nohup.out')}
[2026-06-08 11:31:37,638] DEBUG watchfiles.main | 1 change detected: {(<Change.modified: 2>, '/home/niko/Proyectos/C_sol/Vyntra/backend/nohup.out')}
[2026-06-08 11:31:37,990] DEBUG watchfiles.main | 1 change detected: {(<Change.modified: 2>, '/home/niko/Proyectos/C_sol/Vyntra/backend/nohup.out')}
[2026-06-08 11:31:38,343] DEBUG watchfiles.main | 1 change detected: {(<Change.modified: 2>, '/home/niko/Proyectos/C_sol/Vyntra/backend/nohup.out')}
[2026-06-08 11:31:38,695] DEBUG watchfiles.main | 1 change detected: {(<Change.modified: 2>, '/home/niko/Proyectos/C_sol/Vyntra/backend/nohup.out')}
[2026-06-08 11:31:39,047] DEBUG watchfiles.main | 1 change detected: {(<Change.modified: 2>, '/home/niko/Proyectos/C_sol/Vyntra/backend/nohup.out')}
[2026-06-08 11:31:39,399] DEBUG watchfiles.main | 1 change detected: {(<Change.modified: 2>, '/home/niko/Proyectos/C_sol/Vyntra/backend/nohup.out')}
[2026-06-08 11:31:39,754] DEBUG watchfiles.main | 1 change detected: {(<Change.modified: 2>, '/home/niko/Proyectos/C_sol/Vyntra/backend/nohup.out')}
[2026-06-08 11:31:40,106] DEBUG watchfiles.main | 1 change detected: {(<Change.modified: 2>, '/home/niko/Proyectos/C_sol/Vyntra/backend/nohup.out')}
[2026-06-08 11:31:40,458] DEBUG watchfiles.main | 1 change detected: {(<Change.modified: 2>, '/home/niko/Proyectos/C_sol/Vyntra/backend/nohup.out')}
[2026-06-08 11:31:40,810] DEBUG watchfiles.main | 1 change detected: {(<Change.modified: 2>, '/home/niko/Proyectos/C_sol/Vyntra/backend/nohup.out')}
[2026-06-08 11:31:41,162] DEBUG watchfiles.main | 1 change detected: {(<Change.modified: 2>, '/home/niko/Proyectos/C_sol/Vyntra/backend/nohup.out')}
[2026-06-08 11:31:41,514] DEBUG watchfiles.main | 1 change detected: {(<Change.modified: 2>, '/home/niko/Proyectos/C_sol/Vyntra/backend/nohup.out')}
[2026-06-08 11:31:41,866] DEBUG watchfiles.main | 1 change detected: {(<Change.modified: 2>, '/home/niko/Proyectos/C_sol/Vyntra/backend/nohup.out')}
[2026-06-08 11:31:42,218] DEBUG watchfiles.main | 1 change detected: {(<Change.modified: 2>, '/home/niko/Proyectos/C_sol/Vyntra/backend/nohup.out')}
[2026-06-08 11:31:42,570] DEBUG watchfiles.main | 1 change detected: {(<Change.modified: 2>, '/home/niko/Proyectos/C_sol/Vyntra/backend/nohup.out')}
[2026-06-08 11:31:42,922] DEBUG watchfiles.main | 1 change detected: {(<Change.modified: 2>, '/home/niko/Proyectos/C_sol/Vyntra/backend/nohup.out')}
[2026-06-08 11:31:43,274] DEBUG watchfiles.main | 1 change detected: {(<Change.modified: 2>, '/home/niko/Proyectos/C_sol/Vyntra/backend/nohup.out')}
[2026-06-08 11:31:43,626] DEBUG watchfiles.main | 1 change detected: {(<Change.modified: 2>, '/home/niko/Proyectos/C_sol/Vyntra/backend/nohup.out')}
[2026-06-08 11:31:43,977] DEBUG watchfiles.main | 1 change detected: {(<Change.modified: 2>, '/home/niko/Proyectos/C_sol/Vyntra/backend/nohup.out')}
[2026-06-08 11:31:44,330] DEBUG watchfiles.main | 1 change detected: {(<Change.modified: 2>, '/home/niko/Proyectos/C_sol/Vyntra/backend/nohup.out')}
[2026-06-08 11:31:44,682] DEBUG watchfiles.main | 1 change detected: {(<Change.modified: 2>, '/home/niko/Proyectos/C_sol/Vyntra/backend/nohup.out')}
[2026-06-08 11:31:45,034] DEBUG watchfiles.main | 1 change detected: {(<Change.modified: 2>, '/home/niko/Proyectos/C_sol/Vyntra/backend/nohup.out')}
[2026-06-08 11:31:45,386] DEBUG watchfiles.main | 1 change detected: {(<Change.modified: 2>, '/home/niko/Proyectos/C_sol/Vyntra/backend/nohup.out')}
[2026-06-08 11:31:45,738] DEBUG watchfiles.main | 1 change detected: {(<Change.modified: 2>, '/home/niko/Proyectos/C_sol/Vyntra/backend/nohup.out')}
[2026-06-08 11:31:46,090] DEBUG watchfiles.main | 1 change detected: {(<Change.modified: 2>, '/home/niko/Proyectos/C_sol/Vyntra/backend/nohup.out')}
[2026-06-08 11:31:46,441] DEBUG watchfiles.main | 1 change detected: {(<Change.modified: 2>, '/home/niko/Proyectos/C_sol/Vyntra/backend/nohup.out')}
[2026-06-08 11:31:46,794] DEBUG watchfiles.main | 1 change detected: {(<Change.modified: 2>, '/home/niko/Proyectos/C_sol/Vyntra/backend/nohup.out')}
[2026-06-08 11:31:47,146] DEBUG watchfiles.main | 1 change detected: {(<Change.modified: 2>, '/home/niko/Proyectos/C_sol/Vyntra/backend/nohup.out')}
[2026-06-08 11:31:47,498] DEBUG watchfiles.main | 1 change detected: {(<Change.modified: 2>, '/home/niko/Proyectos/C_sol/Vyntra/backend/nohup.out')}
[2026-06-08 11:31:47,850] DEBUG watchfiles.main | 1 change detected: {(<Change.modified: 2>, '/home/niko/Proyectos/C_sol/Vyntra/backend/nohup.out')}
[2026-06-08 11:31:48,201] DEBUG watchfiles.main | 1 change detected: {(<Change.modified: 2>, '/home/niko/Proyectos/C_sol/Vyntra/backend/nohup.out')}
[2026-06-08 11:31:48,553] DEBUG watchfiles.main | 1 change detected: {(<Change.modified: 2>, '/home/niko/Proyectos/C_sol/Vyntra/backend/nohup.out')}
[2026-06-08 11:31:48,905] DEBUG watchfiles.main | 1 change detected: {(<Change.modified: 2>, '/home/niko/Proyectos/C_sol/Vyntra/backend/nohup.out')}
[2026-06-08 11:31:49,257] DEBUG watchfiles.main | 1 change detected: {(<Change.modified: 2>, '/home/niko/Proyectos/C_sol/Vyntra/backend/nohup.out')}
[2026-06-08 11:31:49,609] DEBUG watchfiles.main | 1 change detected: {(<Change.modified: 2>, '/home/niko/Proyectos/C_sol/Vyntra/backend/nohup.out')}
[2026-06-08 11:31:49,961] DEBUG watchfiles.main | 1 change detected: {(<Change.modified: 2>, '/home/niko/Proyectos/C_sol/Vyntra/backend/nohup.out')}
[2026-06-08 11:31:50,313] DEBUG watchfiles.main | 1 change detected: {(<Change.modified: 2>, '/home/niko/Proyectos/C_sol/Vyntra/backend/nohup.out')}
[2026-06-08 11:31:50,665] DEBUG watchfiles.main | 1 change detected: {(<Change.modified: 2>, '/home/niko/Proyectos/C_sol/Vyntra/backend/nohup.out')}
[2026-06-08 11:31:51,016] DEBUG watchfiles.main | 1 change detected: {(<Change.modified: 2>, '/home/niko/Proyectos/C_sol/Vyntra/backend/nohup.out')}
[2026-06-08 11:31:51,368] DEBUG watchfiles.main | 1 change detected: {(<Change.modified: 2>, '/home/niko/Proyectos/C_sol/Vyntra/backend/nohup.out')}
[2026-06-08 11:31:51,720] DEBUG watchfiles.main | 1 change detected: {(<Change.modified: 2>, '/home/niko/Proyectos/C_sol/Vyntra/backend/nohup.out')}
[2026-06-08 11:31:52,072] DEBUG watchfiles.main | 1 change detected: {(<Change.modified: 2>, '/home/niko/Proyectos/C_sol/Vyntra/backend/nohup.out')}
[2026-06-08 11:31:52,424] DEBUG watchfiles.main | 1 change detected: {(<Change.modified: 2>, '/home/niko/Proyectos/C_sol/Vyntra/backend/nohup.out')}
[2026-06-08 11:31:52,776] DEBUG watchfiles.main | 1 change detected: {(<Change.modified: 2>, '/home/niko/Proyectos/C_sol/Vyntra/backend/nohup.out')}
[2026-06-08 11:31:53,129] DEBUG watchfiles.main | 1 change detected: {(<Change.modified: 2>, '/home/niko/Proyectos/C_sol/Vyntra/backend/nohup.out')}
[2026-06-08 11:31:53,481] DEBUG watchfiles.main | 1 change detected: {(<Change.modified: 2>, '/home/niko/Proyectos/C_sol/Vyntra/backend/nohup.out')}
[2026-06-08 11:31:53,833] DEBUG watchfiles.main | 1 change detected: {(<Change.modified: 2>, '/home/niko/Proyectos/C_sol/Vyntra/backend/nohup.out')}
[2026-06-08 11:31:54,185] DEBUG watchfiles.main | 1 change detected: {(<Change.modified: 2>, '/home/niko/Proyectos/C_sol/Vyntra/backend/nohup.out')}
[2026-06-08 11:31:54,537] DEBUG watchfiles.main | 1 change detected: {(<Change.modified: 2>, '/home/niko/Proyectos/C_sol/Vyntra/backend/nohup.out')}
[2026-06-08 11:31:54,890] DEBUG watchfiles.main | 1 change detected: {(<Change.modified: 2>, '/home/niko/Proyectos/C_sol/Vyntra/backend/nohup.out')}
[2026-06-08 11:31:55,242] DEBUG watchfiles.main | 1 change detected: {(<Change.modified: 2>, '/home/niko/Proyectos/C_sol/Vyntra/backend/nohup.out')}
[2026-06-08 11:31:55,594] DEBUG watchfiles.main | 1 change detected: {(<Change.modified: 2>, '/home/niko/Proyectos/C_sol/Vyntra/backend/nohup.out')}
[2026-06-08 11:31:55,946] DEBUG watchfiles.main | 1 change detected: {(<Change.modified: 2>, '/home/niko/Proyectos/C_sol/Vyntra/backend/nohup.out')}
[2026-06-08 11:31:56,298] DEBUG watchfiles.main | 1 change detected: {(<Change.modified: 2>, '/home/niko/Proyectos/C_sol/Vyntra/backend/nohup.out')}
[2026-06-08 11:31:56,650] DEBUG watchfiles.main | 1 change detected: {(<Change.modified: 2>, '/home/niko/Proyectos/C_sol/Vyntra/backend/nohup.out')}
[2026-06-08 11:31:57,002] DEBUG watchfiles.main | 1 change detected: {(<Change.modified: 2>, '/home/niko/Proyectos/C_sol/Vyntra/backend/nohup.out')}
[2026-06-08 11:31:57,354] DEBUG watchfiles.main | 1 change detected: {(<Change.modified: 2>, '/home/niko/Proyectos/C_sol/Vyntra/backend/nohup.out')}
[2026-06-08 11:31:57,706] DEBUG watchfiles.main | 1 change detected: {(<Change.modified: 2>, '/home/niko/Proyectos/C_sol/Vyntra/backend/nohup.out')}
[2026-06-08 11:31:58,058] DEBUG watchfiles.main | 1 change detected: {(<Change.modified: 2>, '/home/niko/Proyectos/C_sol/Vyntra/backend/nohup.out')}
[2026-06-08 11:31:58,410] DEBUG watchfiles.main | 1 change detected: {(<Change.modified: 2>, '/home/niko/Proyectos/C_sol/Vyntra/backend/nohup.out')}
[2026-06-08 11:31:58,763] DEBUG watchfiles.main | 1 change detected: {(<Change.modified: 2>, '/home/niko/Proyectos/C_sol/Vyntra/backend/nohup.out')}
[2026-06-08 11:31:59,115] DEBUG watchfiles.main | 1 change detected: {(<Change.modified: 2>, '/home/niko/Proyectos/C_sol/Vyntra/backend/nohup.out')}
[2026-06-08 11:31:59,467] DEBUG watchfiles.main | 1 change detected: {(<Change.modified: 2>, '/home/niko/Proyectos/C_sol/Vyntra/backend/nohup.out')}
[2026-06-08 11:31:59,819] DEBUG watchfiles.main | 1 change detected: {(<Change.modified: 2>, '/home/niko/Proyectos/C_sol/Vyntra/backend/nohup.out')}
[2026-06-08 11:32:00,171] DEBUG watchfiles.main | 1 change detected: {(<Change.modified: 2>, '/home/niko/Proyectos/C_sol/Vyntra/backend/nohup.out')}
[2026-06-08 11:32:00,523] DEBUG watchfiles.main | 1 change detected: {(<Change.modified: 2>, '/home/niko/Proyectos/C_sol/Vyntra/backend/nohup.out')}
[2026-06-08 11:32:00,875] DEBUG watchfiles.main | 1 change detected: {(<Change.modified: 2>, '/home/niko/Proyectos/C_sol/Vyntra/backend/nohup.out')}
[2026-06-08 11:32:01,227] DEBUG watchfiles.main | 1 change detected: {(<Change.modified: 2>, '/home/niko/Proyectos/C_sol/Vyntra/backend/nohup.out')}
[2026-06-08 11:32:01,579] DEBUG watchfiles.main | 1 change detected: {(<Change.modified: 2>, '/home/niko/Proyectos/C_sol/Vyntra/backend/nohup.out')}
[2026-06-08 11:32:01,934] DEBUG watchfiles.main | 1 change detected: {(<Change.modified: 2>, '/home/niko/Proyectos/C_sol/Vyntra/backend/nohup.out')}
[2026-06-08 11:32:02,286] DEBUG watchfiles.main | 1 change detected: {(<Change.modified: 2>, '/home/niko/Proyectos/C_sol/Vyntra/backend/nohup.out')}
[2026-06-08 11:32:02,638] DEBUG watchfiles.main | 1 change detected: {(<Change.modified: 2>, '/home/niko/Proyectos/C_sol/Vyntra/backend/nohup.out')}
INFO:     Shutting down
INFO:     Waiting for application shutdown.
[2026-06-08 11:32:03,000] INFO siee.core | vyntra core stopped
INFO:     Application shutdown complete.
INFO:     Finished server process [7144]
INFO:     Stopping reloader process [7084]
